data,,AAXJ,ACWI,ARGT,ASML.AS,BTC-USD,CMIG4,DPM.TO,DXJ,GOOGL,HGCR11.SA,HGLG11.SA,IAU,IBKR,IBM,IEUR,ITUB4.SA,IVVB11.SA,KNCR11.SA,KO,META,MSFT,NVDA,QQQ,SHV,SIVR,SPY,TAEE11.SA,TSLA,TSM,TTWO,VALE3.SA,VOW3.DE,VRSN,VWRA.L,XPML11.SA,^BVSP,^GSPC,^NDX,^SP500TR,^XNDX,BRL=X,CADBRL=X,EURBRL=X,GBPBRL=X,GC=F
2021-06-27,,,,,,"34649,64",,,,,,,,,,,,,,,,,,,,,,,,,,,,,,,,,,,,,,,,
2021-06-28,,"95,13",,"31,53","586,4","34434,34","7,4142","7,42","61,44","122,536","99,3402","162,5249","33,88","16,3425",,"57,7","26,8756","229,7","88,8","54,26","355,64","268,72","19,985","353,71","110,49","25,2","427,47","37,83","229,5733","119,61","178,09","110,6","213,4","228,69","112,36","100,6404",127429,"4290,61",,"8927,4",,"4,9248","3,9917","5,8722","6,8259",
2021-06-29,,"95,03",,"31,21","589,9","35867,78","7,2604","7,35","61,35","122,2725","103,0842","166,944","33,53","16,5525",,"57,77","26,6108","229,7","90,16","53,86","351,89","271,4","20,0268","354,99","110,49","24,88","427,7","37,33","226,92","120,23","178,1","112,51","216,15","229,78","112,62","100,5516",127327,"4291,8",,"8930,67",,"4,9551","3,9956","5,895","6,8587",
2021-06-30,,"94,5",,"30,99","579,4","35040,84","7,1775","7,51","61,02","122,0895","103,813","165,5692","33,71","16,4325",,"57,28","26,3019","232,5",90,"54,11","347,71","270,9","20,0025","354,43","110,49","25,19","428,06","36,9","226,5667","120,16","177,02","113,25","211,2","227,69","112,2","101,8244",126802,"4297,5",,"8942,78",,"4,9692","4,0077","5,889","6,8634",
2021-07-01,,"93,84",,"30,71","571,3","33572,12","7,0355",,"61,26","122,4445","102,4352","165,5888","33,81","16,545",,"57,59","26,2048","236,2","88,63","53,96","354,39","271,6","20,212","354,57","110,49","25,1","430,43","36,65","225,9733","118,42","178,97","111,28",211,"229,19","112,44","100,7391",125666,"4319,94",,"8990,08",,"5,0451","4,0555","5,9764","6,9456",
2021-07-02,,"93,61",,"30,82",579,"33897,05","7,1657","7,54","61,28","125,2575","101,0974","166,7378","34,04","16,3875",,"57,76","26,4872","238,1","87,75","54,18","354,7","277,65","20,487","358,64","110,49","25,54","433,72","37,41","226,3","118,91","177,3","113,58","211,35","231,33","112,82","101,6369",127622,"4352,34",,"9058,66",,,,,,
2021-07-03,,,,,,"34668,55",,,,,,,,,,,,,,,,,,,,,,,,,,,,,,,,,,,,,,,,
2021-07-04,,,,,,"35287,78",,,,,,,,,,,,,,,,,,,,,,,,,,,,,,,,,,,,,,,,
2021-07-05,,,,,"581,4",33746,"7,1538","7,5",,,"102,0658","166,7378",,,,,"26,1253","239,2","87,52",,,,,,,,,"37,62",,,,"113,17","211,2",,"113,17","101,7553",126920,,,,,"5,0885","4,123","6,0356","7,0423",
2021-07-06,,"92,26",,"30,58",580,"34235,2","7,0769","7,54","60,74","126,19","102,0658","166,7476","34,22","16,1275",,"57,41","26,0812","245,2","87,4","53,88","352,78","277,66","20,6985","360,19","110,48","25,23","432,93","37,35","219,86","120,05","174,07","113,77",203,"231,47","112,48","102,5447",125095,"4343,54",,"9040,76",,"5,1953","4,1691","6,1404","7,1714",
2021-07-07,,"92,13",,"30,6","583,7","33855,33","7,1479","7,53","60,61","126,474","102,4252","167,0226","34,34","16,0975",,"57,72","26,1959","248,95","87,31","54,32","350,49","279,93","20,3717","360,95","110,49","25,24","434,46","37,93","214,8833","118,25","173,69","114,1","206,25","232,83","112,81","102,1204",127019,"4358,13",,"9071,14",,"5,2312","4,19","6,1677","7,2188",
2021-07-08,,"90,09",,30,"567,3","32877,37","6,9408","7,42","59,01","125,044","102,8046","167,052","34,33","15,85",,57,"25,8517",247,"86,87","54,13","345,65","277,42","19,9028","358,77","110,49","25,01","430,92","37,38","217,6033","117,87","170,67","113,66","200,5","231,81","111,5","101,854",125428,"4320,82",,"8995,26",,"5,258","4,1958","6,2274","7,2464",
2021-07-09,,"91,65",,"30,7","583,1","33798,01",,"7,62","61,14","125,5185",,,"34,43","16,325",,"57,83",,,,"54,46","350,42","277,94","20,0502","361,01","110,49","25,18","435,52",,"218,9833","120,56","170,37",,"212,35","233,03","112,93",,,"4369,55",,"9096,84",,,,,,
2021-07-10,,,,,,"33520,52",,,,,,,,,,,,,,,,,,,,,,,,,,,,,,,,,,,,,,,,
2021-07-11,,,,,,"34240,19",,,,,,,,,,,,,,,,,,,,,,,,,,,,,,,,,,,,,,,,
2021-07-12,,"91,79",,"30,8","591,7","33155,85","7,1834","7,43","61,24","126,9755","104,1325","166,9342","34,4","16,2375",,"58,14","26,2048",247,"89,55","54,48","353,16","277,32","20,5125","362,42","110,48","25,28","437,08","37,39","228,5667","122,63","172,1","115,07","218,15","229,16","113,39","104,2812",127594,"4384,63",,"9128,22",,"5,1727","4,1521","6,1353","7,183",
2021-07-13,,"92,14",,"30,91","599,6","32702,03","7,0355","7,73","61,25","127,3415","104,8313","166,944","34,45","16,095",,"57,82","26,3636","246,5","90,18","55,02","352,09","280,98","20,25","362,42","110,49","25,08","435,59","37,74","222,8467","123,9","173,55","115,75","215,25","228,49","113,62","106,0671",128168,"4369,21",,"9096,15",,"5,1624","4,1219","6,0771","7,1267",
2021-07-14,,"92,25",,"30,52","609,1","32822,35","7,1834","7,69","61,1","128,237","105,8297","166,8655","34,8","15,955",,"57,86","26,3989","242,21","90,8","56,26","347,63","282,51","19,8415","363,07","110,49","25,31","436,24","38,06","217,7933","124,39","171,88","115,12","215,05","230,64","113,32","106,3137",128407,"4374,3",,"9107,85",,"5,0699","4,0488","5,9977","7,0243",
2021-07-15,,"92,44",,"30,43","599,5","31780,73","7,1124","7,73","60,56","127,005","104,8214","167,1404","34,81","15,9675",,"57,32","26,0812","242,3","90,35","56,44","344,46","281,03","18,9662","360,52","110,48","25,38","434,75","37,94","216,8667","117,53","168,24","115,48","210,35","229,21",113,"106,0671",127468,"4360,03",,"9078,33",,"5,11","4,055","6,0337","7,0667",
2021-07-16,,"91,81",,"30,21","589,3","31421,54","7,0592","7,49","59,99","126,97","105,8198","167,435","34,48","15,7425",,"56,92","25,6575","241,4","90,45","56,4","341,16","280,75","18,161","357,6","110,48","24,75","431,34","38,2","214,74","115,74","170,52","113,4","207,65","229,74","112,35","105,0804",125960,"4327,16",,"9009,89",,,,,,
2021-07-17,,,,,,"31533,07",,,,,,,,,,,,,,,,,,,,,,,,,,,,,,,,,,,,,,,,
2021-07-18,,,,,,"31796,81",,,,,,,,,,,,,,,,,,,,,,,,,,,,,,,,,,,,,,,,
2021-07-19,,"90,25",,"29,82","577,3","30817,83","7,0237","7,31","58,84","124,578","105,9296","169,3696","34,5","15,5075",,"55,75","25,5075","242,3","90,9","55,73","336,95","277,01","18,7798","354,67","110,48","24,26","424,97","38,12","215,4067","115,35","168,96","112,16","201,7","228,55","110,26","104,8535",124395,"4258,49",,"8867,07",,"5,2509","4,1182","6,1901","7,1777",
2021-07-20,,"90,64",,"30,54","580,9","29807,35","7,1834","7,24","59,87","126,2095","105,4803","172,8754","34,47","15,705",,"56,05","25,8429","246,39","91,18","55,83","341,66","279,32","18,612","358,79","110,49","24,07","431,06","38,6","220,1667","116,4","170,02","113,1","203,7","229,43","111,28","103,5511",125401,"4323,06",,"9001,77",,"5,2199","4,1165","6,1474","7,1168",
2021-07-21,,"91,11",,"30,95","599,1","32110,69","7,2012","7,44","60,46","127,549","105,2307","173,0326","34,34","15,785",,"57,15","25,9488","246,35","91,35","56,55","346,23","281,4","19,41","361,56","110,48","24,39","434,55","38,83","218,43","117,87","170,9","114,4","210,1","230,13","112,26","103,6004",125929,"4358,69",,"9075,97",,"5,1873","4,1258","6,1143","7,1073",
2021-07-22,,"91,32",,"31,07","620,8","32313,11","7,2663","7,27","60,27","128,4215","105,68","169,7919","34,41","15,32",,"57,2","25,684","248,87","91,95","56,47","351,19","286,14","19,594","363,95","110,48","24,53","435,46","38,71","216,42","116,56","171,28","114,7","208,8","233,53","112,61","102,6137",126147,"4367,48",,"9094,95",,"5,1996","4,1369","6,119","7,1613",
2021-07-23,,"89,93",,"31,1","638,8","33581,55","7,1953","7,19","60,79","133,015","105,2906","165,9718","34,29","15,2075",,"57,71","25,6134","249,65","92,35","57,01","369,79","289,67","19,558","368,2","110,49","24,29","439,94","38,24","214,46","116,79","173,29","114,12","208,6","222,54","113,41","100,6207",125053,"4411,79",,"9187,64",,,,,,
2021-07-24,,,,,,"34292,45",,,,,,,,,,,,,,,,,,,,,,,,,,,,,,,,,,,,,,,,
2021-07-25,,,,,,"35350,19",,,,,,,,,,,,,,,,,,,,,,,,,,,,,,,,,,,,,,,,
2021-07-26,,"87,7",,"31,12",638,"37337,54","7,1538","7,33","60,76","134,035","104,9412","167,0913","34,23","15,1625",,"57,98","26,0635","248,98","92,5","57,06","372,46","289,05","19,294","368,49","110,48","24,32","441,02","37,81","219,2067","115,65","172,9","116,6","206,9","222,96","113,38","100,6404",126004,"4422,3",,"9209,63",,"5,1754","4,1227","6,1074","7,148",
2021-07-27,,"85,53",,"30,99",623,"39406,94","7,1775","7,34","60,02","131,9","104,5218","165,8147","34,29","15,1125",,"57,79","26,3195","248,9","93,2","57,26","367,81","286,54","19,208","364,43","110,48","23,9","439,01","37,86","214,9267","113,54","167,5","114,18","202,5","219,17","112,2","100,6404",124612,"4401,46",,"9166,27",,"5,1691","4,103","6,1069","7,1755",
2021-07-28,,"87,94",,"31,79","642,5","39995,91","7,3195","7,41","60,46","136,094","105,2207","165,9816","34,44","15,4125",,"58,08","27,1756","244,67","92,8","56,74","373,28","286,22","19,503","365,83","110,49","24,09","438,83","38,32","215,66","115,07","171,28","117,3","203,85","216,24","113,12","101,6271",126286,"4400,64",,"9164,62",,"5,1148","4,0838","6,0566","7,1073",
2021-07-29,,"88,27",,"31,92","642,7","40008,42","7,1598","7,42","60,43","135,7775","105,5801","166,1682","34,83","15,5775",,"58,51","27,0344","244,5","92,57","57,05","358,32","286,5","19,662","366,48","110,49","24,67","440,65","38,1","225,7833","116,15","169,99","115,57","207,05","216,04","113,96","100,9857",125675,"4419,15",,"9204,25",,"5,0804","4,0794","6,0387","7,0954",
2021-07-30,,"87,8",,"31,32",639,"42235,55","7,0651","7,55","59,76","134,7265","106,3289","165,9325","34,56","15,465",,"58,27","26,7432","250,35","93,16","57,03","356,3","284,91","19,499","364,57","110,49","24,59","438,51","38,03","229,0667","116,64","173,42","108,76","205,5","216,37","113,06","101,1337",121801,"4395,26",,"9155,21",,,,,,
2021-07-31,,,,,,"41626,2",,,,,,,,,,,,,,,,,,,,,,,,,,,,,,,,,,,,,,,,
2021-08-01,,,,,,"39974,89",,,,,,,,,,,,,,,,,,,,,,,,,,,,,,,,,,,,,,,,
2021-08-02,,"88,25",,"31,2","652,7","39201,95","7,0237",,"60,35","134,8545","104,7315","164,0176","34,53","15,715",,"58,52","26,8932",249,"92,75","56,88","351,95","284,82","19,75","364,6","110,49","24,5","437,59","39,55","236,5567","116,86","173,21","108,93","205,75","216,44","113,78","100,6897",122516,"4387,16",,"9138,36",,"5,1746","4,1376","6,1418","7,1878",
2021-08-03,,"88,65",,"31,26",651,"38152,98","7,071","7,89","60,68","135,63","103,6333","164,0176","34,49","15,33",,"58,94","27,158","249,8","92,75","56,92","351,24","287,12","19,815","366,81","110,49","24,64","441,15","39,23","236,58","118,41","159,86","112,64","205,1","215,77","113,29","100,6404",123577,"4423,15",,"9213,35",,"5,1968","4,1443","6,166","7,2313",
2021-08-04,,"89,32",,"31,28","670,1","39747,5","6,9822","7,89","60,14","135,1255","103,4436","162,4464","34,51","15,49",,"58,89","26,3989","248,73","92,01","56,1","358,92","286,51","20,274","367,34","110,48","24,49","438,98","39,48","236,9733","118,74","158,75","112,52","204,2","213,88","113,74","100,8377",121801,"4402,66",,"9170,76",,"5,1682","4,1177","6,116","7,1779",
2021-08-05,,"88,97",,"32,77","672,6","40869,55","6,8698","7,72","60,47","136,2515","101,8062","162,4464","34,35","15,6125",,"59,18","26,4784","251,3","92,8","56,5","362,97","289,52","20,637","369,67","110,48","24,26","441,76","39,08","238,21","119,22","156,78","109,08","205,8","214,87","114,28","100,6305",121633,"4429,1",,"9226,49",,"5,2452","4,1952","6,2047","7,2939",
2021-08-06,,"88,17",,"32,82",666,"42816,5","6,9349","7,61","60,72","135,7385","102,9843","163,5069","33,52","15,8775",,"58,92","27,2198","253,5","92,43","56,64","363,51","289,46","20,366","368,05","110,49","23,45","442,49","39,4","233,0333","118,21","158,3","109,7","206,8","213,91",114,"101,6764",122810,"4436,52",,"9243,03",,,,,,
2021-08-07,,,,,,"44555,8",,,,,,,,,,,,,,,,,,,,,,,,,,,,,,,,,,,,,,,,
2021-08-08,,,,,,"43798,12",,,,,,,,,,,,,,,,,,,,,,,,,,,,,,,,,,,,,,,,
2021-08-09,,"88,56",,"32,44",671,"46365,4","6,9645","7,51","60,87","136,913","102,0458","162,083","32,91","15,955",,"58,86","27,5375","252,73","92,35","56,65","361,61","288,33","20,295","368,73","110,48","22,64","442,13","40,15","237,92","118,22","160,57","109,01","205,35","214,39","114,1","101,3311",123019,"4432,35",,"9235,05",,"5,2318","4,1587","6,1388","7,244",
2021-08-10,,"88,65",,"33,45","674,3","45585,03","6,8402","7,51","60,87","136,807","102,2655","161,9357","32,93","15,9475",,"58,93","27,0168","250,8","92,5","56,8","361,13","286,44","19,936","366,84","110,48","22,5","442,68","39,6","236,6633","116,36","159,68","110,06","205,4","211,96","114,17","101,5087",122202,"4436,75",,"9244,22",,"5,1883","4,1421","6,0785","7,1685",
2021-08-11,,"88,75",,"33,81","668,7","45593,64","6,8698","7,7","61,63","136,279","103,0742","162,9276","33,38","15,98",,"59,4","27,3169","253,1",93,"56,73","359,96","286,95","19,699","366,21","110,47","22,72","443,78","39,56","235,94","115,99","159,93","109,27","205,25","211,74","114,44","101,4396",122056,"4442,41",,"9267,4",,"5,2182","4,1711","6,1251","7,2254",
2021-08-12,,"87,93",,"33,84","669,3","44428,29","6,787","7,54","61,47","137,194","103,0143","162,8588","33,39","15,8675",,"59,41","26,8049","254,9","91,55","56,84","362,65","289,81","19,905","367,53","110,47","22,37","445,11","39,42","240,75","115,7","160,37","109,2","208,6","210,3","114,41","101,3508",120701,"4460,83",,"9297,2",,"5,2522","4,1932","6,1618","7,2538",
2021-08-13,,"87,56",,"33,92","665,6","47793,32","6,8462","7,7","61,14","137,7275","101,7463","163,2516","33,87","15,8025",,"59,8","27,1668","254,89","91,72","57,23","363,18","292,85","20,188","368,82","110,47","22,89","445,92","39,5","239,0567","115,5","160,35","108,3","207,8","209,44","114,88","101,2916",121194,4468,,"9312,51",,,,,,
2021-08-14,,,,,,"47096,95",,,,,,,,,,,,,,,,,,,,,,,,,,,,,,,,,,,,,,,,
2021-08-15,,,,,,47047,,,,,,,,,,,,,,,,,,,,,,,,,,,,,,,,,,,,,,,,
2021-08-16,,"86,95",,"33,54","664,6","46004,48","6,7337","7,69","60,52","138,3095","101,2671","163,3105","34,03","15,635",,"59,55","26,7785",257,"91,5","57,48","366,56","294,6","19,95","368,98","110,47","23,02","446,97","39,65","228,7233","114,63","160,35","108,8",203,"210,6","114,24","100,4431",119180,"4479,71",,"9337,18",,"5,2597","4,1823","6,1928","7,2808",
2021-08-17,,"85,05",,"33,49","664,7","44695,36","6,9231","7,49","60,34","136,6615","100,9676","162,7901","33,98","15,4325",,"59,03","26,6814","254,55","91,56","57,28","358,45","293,08","19,458","365,73","110,48","22,81","444,04","39,92","221,9033","111,11","163,47",107,"200,3","211,55","113,8","99,1604",117904,"4448,08",,"9271,83",,"5,2943","4,1916","6,1969","7,2746",
2021-08-18,,"85,44",,"33,3","666,6","44801,19","7,0592","7,37","60,14","135,449","100,8378","160,5609","34,02","15,4",,"58,85","26,7343","256,5","91,53","56,5","355,45","290,73","19,04","362,21","110,47","22,65","439,18","39,52","229,6633","110,45","161,62","103,41","198,54","208,71","113,74","98,6769",116643,"4400,27",,"9173,93",,"5,3786","4,2462","6,2946","7,3942",
2021-08-19,,"84,05",,"32,98","664,4","46717,58","7,2071","7,33","59,38","135,68","99,9592","160,7867","33,91","15,2175",,"58,22","26,3901","260,39","91,12","56,86","355,12","296,77","19,798","363,96","110,47","22,41","439,86","39,95","224,49","110,52","162,27","97,51","194,84","211,84","112,21","98,7164",117165,"4405,8",,"9186,07",,"5,4141","4,2182","6,3191","7,3797",
2021-08-20,,"84,02",,"33,54","672,6","49339,18","7,3905","7,31","59,04","137,4295","100,1589","160,06","33,92","15,49",,"58,47","26,293","259,79","91,5","56,64","359,37","304,36","20,816","367,73","110,48","22,24","443,36","40,49","226,7533","108,12","160,96","97,55","192,86","213,04","112,73","98,9828",118053,"4441,67",,"9261,31",,,,,,
2021-08-21,,,,,,"48905,49",,,,,,,,,,,,,,,,,,,,,,,,,,,,,,,,,,,,,,,,
2021-08-22,,,,,,"49321,65",,,,,,,,,,,,,,,,,,,,,,,,,,,,,,,,,,,,,,,,
2021-08-23,,"85,24",,"34,33","686,3","49546,15","7,3964","7,58","59,73","140,0415","100,4983","160,8555","34,33","15,5875",,"58,96","26,5755","263,09","92,99","56,44","363,35","304,65","21,958","373,23","110,47","22,78","447,26","39,71","235,4333","110,96","163,36","96,2","194,54","214,69","114,11","99,6537",117472,"4479,53",,"9341,09",,"5,3799","4,2508","6,3163","7,3839",
2021-08-24,,"87,15",,"35,33","683,4","47706,12","7,716","7,56","60,14","141,2615","100,3985","159,2842","34,32","15,7625",,"59,02","27,3169","257,65",93,"56,01","365,51","302,62","21,793","374,37","110,47","23,01","447,97","39,94","236,1633","112,11","163,82","99,71","198,76","213,36","114,72","99,6537",120211,"4486,23",,"9355,11",,"5,2458","4,1627","6,1632","7,1998",
2021-08-25,,"87,15",,"35,6","688,4","48960,79","7,7751","7,39","60,22","142,079","100,4284","159,6378","34,09","16,0075",,"59,13","27,3522","254,7","92,6","56,07","368,39","302,01","22,213","374,8","110,48",23,"448,91","39,61","237,0667","117,03","160,66","99,5","199,7","211,96","114,9","101,1041",120818,"4496,19",,9376,,"5,211","4,137","6,1329","7,1633",
2021-08-26,,"86,3",,"35,48","688,3","46942,22","7,7101","7,44","59,87","141,4405","102,0658","159,7654","34,13","15,9375",,"58,8","26,6902","255,46","93,35","55,54","364,38","299,09","22,068","372,42","110,47","22,73","446,26","38,14","233,72","118,1","158,88","98,23",200,"212,73","114,46","100,8377",118724,4470,,"9321,74",,"5,2516","4,1395","6,172","7,1891",
2021-08-27,,"87,25",,"36,07","703,5","49058,67","7,8343","7,73","60,1","144,004","102,1357","160,61","34,62","16,31",,"59,43","27,1492","255,45","93,3","55,65","372,63","299,72","22,636","376,04","110,47","23,25","450,25","38,04","237,3067","118,49","160,03","100,69","200,75","214,66","115,16","101,035",120678,"4509,37",,"9404,15",,,,,,
2021-08-28,,,,,,"48902,4",,,,,,,,,,,,,,,,,,,,,,,,,,,,,,,,,,,,,,,,
2021-08-29,,,,,,"48829,83",,,,,,,,,,,,,,,,,,,,,,,,,,,,,,,,,,,,,,,,
2021-08-30,,"87,46",,"36,76","709,6","47054,98","7,7988","7,6","60,11","144,5905","102,3953","161,2483","34,46","16,1075",,"59,46","26,955",256,"93,8","56,18","380,66","303,59","22,688","380,26","110,47","23,17","452,23","38,2","243,6367","118,99","158,14","100,05",201,"216,15",,"100,9167",119740,"4528,79",,"9445,24",,"5,1829","4,1097","6,1119","7,1307",
2021-08-31,,"88,76",,"36,7","704,5","47166,69","7,9941","7,77","60,53","144,6975","103,6732","159,8833","34,53","16,16",,"59,3","27,308",254,"94,98","56,31","379,38","301,88","22,385","379,95","110,47","23,06","451,56","37,91","245,24","119,01","161,22","98,68","201,3","216,26","115,78","100,9167",118781,"4522,68",,"9433,58",,"5,1493","4,0799","6,0799","7,0721",
2021-09-01,,"89,92",,"36,46","714,2","48847,03","8,2663","7,73","61,54","145,2155","101,8362","158,695","34,55","16,335",,"59,69","27,4139","256,49",96,"56,69","382,05","301,83","22,441","380,58","110,47","23,3","451,8","38,11","244,6967","120,46","161,93","98,85","201,05","218,51","116,3","102,3375",119396,"4524,09",,"9437,15",,"5,1846","4,1057","6,1372","7,1398",
2021-09-02,,"89,62",,"36,39","722,2","49327,72","8,1006","7,6","61,72","143,287","101,8362","158,4495","34,45","16,1575",,"60,04","26,4254","255,2","95,99","56,77","375,28","301,15","22,396","380,4","110,48","23,06","453,19","37,74","244,13","120,79","162,03","98,54","202,7","220,5","116,66","101,5284",116677,"4536,95",,"9465,47",,"5,1818","4,1264","6,15","7,1633",
2021-09-03,,"90,01",,"36,54","721,8","50025,38","8,0533","7,92","63,36","143,7395","102,9144","157,6246","34,82","16,125",,"59,78","26,2754","256,5","93,5","56,73","376,26","301,14","22,843","381,57","110,47","23,83","453,08","37,98","244,5233","123,97","160,56","98,61","201,9","220,23","116,77","100,3444",116933,"4535,43",,"9462,54",,,,,,
2021-09-04,,,,,,"49944,63",,,,,,,,,,,,,,,,,,,,,,,,,,,,,,,,,,,,,,,,
2021-09-05,,,,,,"51753,41",,,,,,,,,,,,,,,,,,,,,,,,,,,,,,,,,,,,,,,,
2021-09-06,,,,,"740,9","52633,54","7,9822",,,,"102,8346","159,4217",,,,,"26,6108","256,25","94,68",,,,,,,,,"37,78",,,,"97,06","202,15",,"117,25","100,0484",117869,,,,,"5,1693","4,1236","6,1363","7,1429",
2021-09-07,,"90,7",,"37,14","730,2","46811,13",,"7,8","64,07","144,2805",,,"34,13","16,1575",,"59,61",,,,"55,67","382,18","300,18","22,662","382,11","110,47","23,43","451,46",,"250,9733","124,7","159,11",,"200,4","220,25","116,56",,,"4520,03",,"9430,68",,"5,1696","4,086","6,1198","7,1124",
2021-09-08,,"89,52",,"36,46","722,4","46091,39","7,8402","7,82","63,99","143,691","101,8262","158,97","34,04","15,7625",,"58,98","25,3486","261,5","94,43","56,42","377,57","300,21","22,339","380,78","110,48","23,1","450,91","36,84","251,29","121,89","159,45","95,04","194,02","222,72","115,78","99,8905",113413,"4514,07",,"9418,57",,"5,3206","4,1904","6,2861","7,3231",
2021-09-09,,"89,19",,"36,11","721,4","46391,42","7,9112","7,61","64,04","143,541","103,823","159,9127","34,18","15,79",,"58,78","25,684",256,"94,55","55,86",378,"297,25","22,177","379,47","110,48","23,19","448,98","37,09","251,62","122,68","157,03","94,7","196,48","221,9",116,"99,9596",115361,"4493,28",,"9375,99",,"5,1965","4,1025","6,1426","7,1908",
2021-09-10,,"89,17",,"35,65","732,1","44883,91","7,9645","7,59","64,16","140,876","102,8346","159,1369","34,04","15,7",,"58,65","25,4281",256,"94,3","55,61","378,69","295,71","22,478","376,59","110,47","22,92","445,44","37,03","245,4233","122,97","153,94","94,81","195,44","221,17","115,62","101,0449",114286,"4458,58",,"9304,03",,,,,,
2021-09-11,,,,,,"45201,46",,,,,,,,,,,,,,,,,,,,,,,,,,,,,,,,,,,,,,,,
2021-09-12,,,,,,"46063,27",,,,,,,,,,,,,,,,,,,,,,,,,,,,,,,,,,,,,,,,
2021-09-13,,"89,28",,"36,44",735,"44963,07","8,0888","8,1","65,19","142,3325","104,0826","159,2646","34,14","15,545",,"58,98","25,7458","252,85",95,"56,07","376,51","296,99","22,152","376,33","110,47","22,91","446,58","37,53","247,6667","123,62","152,93","94,76","196,62","221,08","115,38","101,0548",116404,"4468,73",,"9325,29",,"5,2132","4,1204","6,1546","7,2138",
2021-09-14,,"88,4",,"36,38","753,4","47092,49","8,142","8,25","64,6","142,5445","102,0358","158,8914","34,37","15,35",,"58,82","25,5869",254,"95,2","55,69","376,53","299,79","22,242","375,26","110,47","23,01","444,17","38,03","248,1633","123,09","152,15","94,09","197,08","221,95","115,16","100,3542",116181,"4443,05",,"9273,99",,"5,2389","4,1262","6,1806","7,2344",
2021-09-15,,"88,01",,"36,46","745,1","48176,35","8,1361","8,13",65,"144,4295","102,0159","159,7556","34,16","15,415",,"58,83","25,1721","255,65","95,15","55,88","373,92","304,82","22,341","378,05","110,47","22,99","447,88","37,48","251,9433","121,5","152,69","91,74","196,52","224,27","114,76","100,2852",115063,"4480,7",,"9352,83",,"5,2217","4,1347","6,1695","7,2202",
2021-09-16,,"87,02",,"36,45","748,1","47783,36","8,1538","7,86","65,13","143,61","102,3653","159,3137","33,39","15,365",,"58,8","25,1545","256,35","96,15","55,35","373,06","305,22","22,242","378,31","110,48","22,11","447,17","37,34","252,33","120,79","151,89","87,93","193,48","224,73","114,63","100,3937",113794,"4473,75",,"9338,61",,"5,2568","4,1417","6,1804","7,2411",
2021-09-17,,"86,94",,"36,01","730,9","47267,52","8,142","7,88","64,8","140,8","103,3937","159,0289","33,34","15,385",,"57,94","24,5543","254,52","96,95","54,44","364,72","299,87","21,9","373,83","110,47","21,6","441,4","37,12","253,1633","117,75","151,66","86,15","189,7","218,77","114,12","100,67",111439,"4432,99",,"9253,57",,,,,,
2021-09-18,,,,,,"48278,36",,,,,,,,,,,,,,,,,,,,,,,,,,,,,,,,,,,,,,,,
2021-09-19,,,,,,"47260,22",,,,,,,,,,,,,,,,,,,,,,,,,,,,,,,,,,,,,,,,
2021-09-20,,"84,37",,"34,51","717,5","42843,8","8,1302","7,95","63,69","138,7195","101,5366","158,3513","33,58","14,915",,"56,76","23,9982","252,43","95,52","54,06","355,7","294,3","21,113","365,7","110,47","21,43","434,04","36,45","243,39","114,7","148,84","82,75",181,"214,08","111,98","98,7657",108844,"4357,73",,"9096,52",,"5,3232","4,1558","6,2407","7,2674",
2021-09-21,,85,,"34,73","731,7","40693,68","8,2544","7,97","64,07","139,033","102,7148","157,8996","33,79","14,8475",,"57,39","23,9365","249,92","95,5","54,05","357,48","294,8","21,246","366,15","110,47","21,72","433,63","36,84","246,46","114,96","145,72","84,12","183,2","213,72","112,62","97,8777",110250,"4354,19",,"9089,55",,"5,2689","4,1078","6,1748","7,1959",
2021-09-22,,"86,17",,"35,1","738,7","43574,51","8,3136","7,92","63,92","140,2835","104,7515","159,2842","33,65","15,0625",,"57,92","24,4925","253,01","96,1","54,13","343,21","298,58","21,941","369,57","110,47","21,86","437,86","36,86","250,6467","115,87","145,25","87,11","187,12","214,87","113,46","95,7169",112282,"4395,64",,"9176,08",,"5,2877","4,1343","6,1783","7,1942",
2021-09-23,,"86,7",,"35,13","753,8","44895,1","8,3314","7,85","64,52","141,216","103,833","159,3333","33,27","15,5475",,"58,64","25,3398","257,2","96,21","54,04","345,96","299,56","22,482","372,98","110,47","21,76","443,18","37,04","251,2133","116,19","146,68","78,91","189,3","216,48","114,5","96,0425",114064,"4448,98",,"9287,8",,"5,3019","4,1867","6,223","7,2764",
2021-09-24,,"85,52",,"34,67","739,4","42839,75","8,3728","8,07","64,66","142,215","104,5618","159,6672","33,25","15,6825",,"57,96","24,9868",259,"96,75","53,89","352,96","299,35","22,081","373,33","110,46","21,58","443,91","36,66","258,13","115,64","147,36","77,69","189,38","217,77","113,9","96,4372",113283,"4455,48",,"9301,49",,,,,,
2021-09-25,,,,,,"42716,59",,,,,,,,,,,,,,,,,,,,,,,,,,,,,,,,,,,,,,,,
2021-09-26,,,,,,"43208,54",,,,,,,,,,,,,,,,,,,,,,,,,,,,,,,,,,,,,,,,
2021-09-27,,"86,15",,"33,95","716,9","42235,73","8,568","7,88","64,98","141,072","105,2407","160,5609","33,32","16,4225",,"57,8","25,6399","259,4","97,5","53,61","353,58","294,17","21,66","370,35","110,46","21,82","442,64","36,89","263,7867","116,15","148,65","78,8","191,34","213,9","114,08","94,9177",113583,"4443,11",,"9275,87",,"5,3904","4,2669","6,3022","7,3746",
2021-09-28,,"85,14",,"33,22","665,2","41034,54","8,4024","7,65","64,11","135,83","106,1293","160,2564","32,98","16,3025",,"56,42","25,0574","256,35","96,36","52,64","340,65","283,52","20,699","359,87","110,46","21,66","433,72","36,73","259,1867","111,9","149,11","74,85",190,"205,66","111,9","93,418",110124,"4352,63",,"9087,47",,"5,4276","4,2795","6,3405","7,3495",
2021-09-29,,"84,38",,"32,91","647,7","41564,36","8,4201","7,4","64,4","134,3535","107,1975","160,2172","32,85","16,1875",,"56,26","25,5075","256,82","96,39","52,96","339,61",284,"20,517","359,28","110,46","20,76","434,45","36,75","260,4367","111,62","151,6","75,8","196,04","205,73","111,96","92,3524",111107,"4359,46",,"9102,62",,"5,4143","4,243","6,2785","7,2695",
2021-09-30,,"84,93",,"33,35","645,9","43790,89","8,3018","7,62","63,16","133,676","106,928","162,0339","33,41","15,585",,"56,06","25,534",255,"97,26","52,47","339,39","281,92","20,716","357,96","110,47","21,37","429,14","35,84","258,4933","111,65","154,07","76,24","193,64","205,01","111,62","94,523",110979,"4307,54",,"8994,83",,"5,4417","4,2887","6,2963","7,3293",
2021-10-01,,"84,66",,"33,25","632,5","48116,94","8,3905","7,65","62,76","136,543","107,8165","161,0519","33,49","16,13",,"56,42","26,1871","251,65","97,6","53,02","343,01","289,1","20,742","360,18","110,46","21,69","434,24","35,89","258,4067","111,56","158,54","76,2","193,68","206,68","110,82","95,6972",112900,"4357,04",,"9098,25",,,,,,
2021-10-02,,,,,,"47711,49",,,,,,,,,,,,,,,,,,,,,,,,,,,,,,,,,,,,,,,,
2021-10-03,,,,,,"48199,95",,,,,,,,,,,,,,,,,,,,,,,,,,,,,,,,,,,,,,,,
2021-10-04,,"83,44",,"32,65","611,6","49112,9","8,3314","7,84","60,96","133,6595","106,6085","160,8555","33,65","15,975",,"56,1","21,4828","254,18","95,7","52,99","326,23","283,11","19,732","352,62","110,45","21,87","428,64","35,82","260,51","109,02","157,13","75,49","190,84","205,35","109,92","95,707",110393,"4300,46",,"8980,64",,"5,4532","4,331","6,3334","7,4205",
2021-10-05,,"83,99",,"32,84","636,9","51514,81","8,3314","7,9","61,86","136,023","105,4603","160,2859","33,5","16,775",,"56,39","22,0035","258,7","96,8","53,08","332,96","288,76","20,451","357,38","110,46","21,78","433,1","35,47","260,1967","109,26","162,02","74,95","191,88","206,63","111,68","96,6937",110458,"4345,72",,"9076,19",,"5,4755","4,3498","6,3474","7,4616",
2021-10-06,,"83,62",,"32,55","629,3","55361,45","8,1657","8,27","61,4","137,565","103,6233","161,0519","33,59","17,305",,56,"22,0741","260,04","98,39","53,71","333,64","293,11","20,7","359,67","110,46","21,85","434,9","35,78","260,9167","109,34","165,44","77,06","186,6","208,19","110,1","96,2004",110560,"4363,55",,"9113,45",,"5,4919","4,361","6,3434","7,4571",
2021-10-07,,"85,42",,"32,86","651,5","53805,98","8,1302","8,3","61,79","139,225","103,9328","161,101","33,4","17,6525",,"56,42","21,6064","263,7","98,1","53,88","329,22","294,85","21,075","362,97","110,47","21,77","438,66","35,94","264,5367","110,83","170,77","79,36","190,52","209,63","112,84","96,2004",110585,"4399,76",,"9191,19",,"5,517","4,3951","6,3753","7,5019",
2021-10-08,,"85,64",,"32,39","634,6","53967,85","8,3609","8,15","61,89","139,7855","103,7531","161,5429","33,42","17,915",,"56,48","21,7652","263,01","97,6","54,12","330,05","294,85","20,831","361,16","110,47","21,82","437,86","36,58","261,83","110,04","173,69","79,85",190,"205,94","112,46","97,5324",112833,"4391,34",,"9173,74",,,,,,
2021-10-09,,,,,,"54968,22",,,,,,,,,,,,,,,,,,,,,,,,,,,,,,,,,,,,,,,,
2021-10-10,,,,,,"54771,58",,,,,,,,,,,,,,,,,,,,,,,,,,,,,,,,,,,,,,,,
2021-10-11,,"85,34",,"32,3","630,3","57484,79","8,6272",,"62,69","138,914","103,833","163,0159","33,36","17,9775",,"56,1","21,3857","263,55","97,17","54,23","325,45","294,23","20,695","358,39","110,46","21,75","434,69","36,55","263,98","110,26","170,72","81,62","190,82","204,83","112,8","97,9665",112180,"4361,19",,"9110,76",,"5,536","4,4324","6,3928","7,5241",
2021-10-12,,"84,77",,"32,38","626,4","56041,06",,"8,1","62,78","136,449",,,"33,52","17,94",,"56,31",,,,"54,23","323,77","292,88","20,671","357,14","110,47","21,78","433,62",,"268,5733","109,2","171,35",,"188,28","204,67","111,74",,,"4350,65",,"9088,73",,"5,5315","4,4333","6,3761","7,5019",
2021-10-13,,"86,14",,"32,75","641,5","57401,1","8,8757","8,29","62,29","137,582","104,6317","160,9831","34,11","17,755",,"57,15","21,4122","261,56","97,19","54,24","324,54","296,31","20,939",360,"110,47","22,2","435,18","37,42","270,36","109,98","170,6","79,2","193,44","209,97","111,83","98,667",113456,"4363,8",,"9116,39",,"5,5125","4,428","6,3901","7,5343",
2021-10-14,,"86,44",,"33,09","666,2","57321,52","8,929","8,09","62,94","141,151","104,5218","161,0519","34,2","17,71",,"57,74","21,3063","265,72","97,32","54,61","328,53","302,75","21,746","366,63","110,47","22,7","442,5","37,52","272,7733","112,56","169,38","79,2","196,06","213,23","113,58","99,3873",113185,"4438,26",,"9272,97",,"5,5122","4,4536","6,3874","7,5343",
2021-10-15,,"87,35",,"33,56","676,3","61593,95","8,8757","8,14","63,89","141,368","105,6301","163,0159","33,66","17,7725",,"58,21","21,8535",266,"97,63","54,48","324,76","304,21","21,862","368,94","110,45","22,47","445,87","37,69","281,01","114,86","170,56","80,68","198,66","214,47","114,66","101,5284",114648,"4471,37",,"9342,15",,,,,,
2021-10-16,,,,,,"60892,18",,,,,,,,,,,,,,,,,,,,,,,,,,,,,,,,,,,,,,,,
2021-10-17,,,,,,"61553,62",,,,,,,,,,,,,,,,,,,,,,,,,,,,,,,,,,,,,,,,
2021-10-18,,"87,26",,"33,97","674,9","62026,08","8,9408","8,07","63,83","142,778","105,8297","164,1747","33,57","17,905",,"57,97","22,0035","269,8","98,02","53,94","335,34","307,29","22,222","372,65","110,45","22,37","447,19","37,97","290,0367","115,34","171,75","79,92","192,34","214,41","114,7","102,9887",114428,"4486,46",,"9373,68",,"5,5113","4,4519","6,3983","7,5586",
2021-10-19,,"88,74",,34,683,"64261,99","8,7396","8,15","64,1","143,237","105,7499","164,4988","33,68","18,4325",,"58,29","21,4828","274,01","98,2","54,15","339,99","308,23","22,29","375,47","110,45","22,81","450,64","37,49","288,09","116,96","172,04",79,190,"215,59","115,6","100,4529",110673,"4519,63",,"9443,12",,"5,5833","4,5171","6,4929","7,701",
2021-10-20,,"88,62",,"34,59","657,1","65992,84","8,7811","8,2","63,94","141,769","105,8996","165,6183","33,98","18,75",,"58,51","22,0565","274,2","96,69","54,63","340,78","307,41","22,103","374,98","110,46","23,47","452,41","37,71","288,6","115,59","173,5","76,67","186,82","214,24","116,06","101,2423",110786,"4536,19",,"9477,82",,"5,5963","4,5394","6,5204","7,728",
2021-10-21,,"88,27",,"34,17","666,3","62210,17","8,1538","8,2","62,66","141,886","106,3289","164,489","33,95","18,525",,"58,53","21,6064",280,"96,9","54,35","341,88","310,76","22,692","377,27","110,45","23,28","453,59","37,35",298,"116,29","182,06","75,16","191,8","216,08","115,6","100,5023",107735,"4549,78",,"9506,91",,"5,6578","4,5724","6,5742","7,8033",
2021-10-22,,"88,08",,"33,79","690,5","60692,27","7,9112","8,33","62,89","137,5665","105,4204","163,998","34,15","18,62",,"58,84","20,7767","278,88","96,99","54,45","324,61","309,16","22,726","374,1","110,46","23,47","453,12","36,82","303,2267","114,23","180,75","76,08","196,1","218,75","115,86","99,6537",106296,"4544,9",,"9496,86",,,,,,
2021-10-23,,,,,,"61393,62",,,,,,,,,,,,,,,,,,,,,,,,,,,,,,,,,,,,,,,,
2021-10-24,,,,,,"60930,84",,,,,,,,,,,,,,,,,,,,,,,,,,,,,,,,,,,,,,,,
2021-10-25,,"88,39",,"34,36","685,6","63039,82","7,9704","8,39","62,89","137,447","103,833","164,1747","34,39","18,4825",,"58,59","21,1827","276,5","97,01","54,23","328,69","308,13","23,166","377,93","110,45","23,67","455,55","37,2","341,62","113,64","182,99",77,"205,25","219,52","116,36","100,67",108715,"4566,48",,"9541,99",,"5,5544","4,4843","6,4453","7,6445",
2021-10-26,,"87,94",,"34,32","679,9","60363,79","7,9112","8,47","62,95","139,3085","104,0127","164,4399","34,13","18,1825",,"58,86","20,9532","277,98","97,29","54,47","315,81","310,11","24,717","379,12","110,46","23,28","455,96","36,72","339,4767","114,18","182,54","76,18","206,1","215,71","116,82","98,6177",106420,"4574,79",,"9559,39",,"5,5648","4,49","6,451","7,6603",
2021-10-27,,"87,23",,"33,5","694,8","58482,39","7,9527","8,5","62,42","146,2175","103,1341","163,8605","34,22","17,9375",,"58,67","21,1121","275,2","96,75","55,52","312,22","323,17","24,451",380,"110,46","23,23","453,94","37,03","345,9533","113,75","180,91","74,45","203,9","211,83","116,27","97,187",106363,"4551,68",,"9511,27",,"5,535","4,4752","6,4184","7,6004",
2021-10-28,,"87,41",,"33,64","698,4","60622,14","7,6686","8,42","62,72","145,849","105,2107","162,3383","34,22","17,65",,"59,28","21,068","281,9","95,31","56,04","316,92","324,35","24,941","384,22","110,46","23,17","458,32","36,73","359,0133","116,01","181,11","73,7","194,78","210,71","116,66","97,483",105705,"4596,42",,"9605,23",,"5,6449","4,5705","6,593","7,7761",
2021-10-29,,"86,31",,"32,84","700,5","62227,96","7,6213","8,14","62,77","148,046","105,9695","163,998","33,93","17,7125",,"58,88","20,5737",283,"97,4","56,37","323,57","331,62","25,567","386,11","110,44","23,01","459,25","36,66","371,3333","113,7",181,"71,61","193,82","222,67","116,34","97,3844",103501,"4605,38",,"9625,02",,,,,,
2021-10-30,,,,,,"61888,83",,,,,,,,,,,,,,,,,,,,,,,,,,,,,,,,,,,,,,,,
2021-10-31,,,,,,"61318,96",,,,,,,,,,,,,,,,,,,,,,,,,,,,,,,,,,,,,,,,
2021-11-01,,"86,99",,"33,09","696,6","61004,41","7,7101","8,18","63,88","143,497","104,1325","161,8277","34,1","18,6",,"59,44","21,3769",284,"97,7","56,17","329,98","329,37","25,827","387,43","110,44","23,15","460,04","36,8","402,8633","114,12","183,8","72,32","194,66","223,07","117,06","96,2694",105551,"4613,67",,"9642,44",,"5,6337","4,5511","6,5149","7,7122",
2021-11-02,,"86,04",,"33,25","704,8","63226,4",,"8,14","63,61","145,4325",,,"34,03","18,565",,"59,3",,,,"56,1","328,08","333,13","26,401","389,05","110,45","22,72","461,9",,"390,6667","114,11","183,94",,"193,44","225,71","117,19",,,"4630,65",,"9677,95",,"5,6789","4,5877","6,5847","7,7544",
2021-11-03,,"86,38",,"34,12","707,4","62970,05","7,8817","8,12","63,97","146,598","103,7631","160,4136","33,75","18,88",,"59,84","21,5799","283,3","97,34","56,29","331,62",334,"26,598","393,18","110,44","22,7","464,72","37,54","404,62","114,01","184,16","66,83","185,62","226,09","117,14","96,299",105617,"4660,57",,"9740,47",,"5,6786","4,5744","6,5723","7,7316",
2021-11-04,,"86,28",,"34,12",725,"61452,23","7,716","8,19","64,17","148,2675","102,8945","158,4004","34,1","18,6425",,"59,69","20,4413","285,9","97,03","56,6","335,85","336,44","29,801","398,22","110,46","22,93","466,91","36,95","409,97","117,79","192,91","66,07","187,8","230,53","117,94","96,6148",103412,"4680,06",,"9782,48",,"5,5524","4,484","6,4475","7,5988",
2021-11-05,,"85,97",,"34,94","737,1","61125,68","7,8166","8,45","63,97","148,852","102,0059","158,5281","34,56","18,455",,"59,77","20,1942","282,95","97,09","56,84","341,13","336,06","29,752","398,6","110,45","23,27","468,53","36,77","407,3633","117,8","187,2","64,11","192,88","232,66","118,6","95,8057",104824,"4697,53",,"9819,98",,"5,6017","4,4967","6,4699","7,5663",
2021-11-06,,,,,,"61527,48",,,,,,,,,,,,,,,,,,,,,,,,,,,,,,,,,,,,,,,,
2021-11-07,,,,,,"63326,99",,,,,,,,,,,,,,,,,,,,,,,,,,,,,,,,,,,,,,,,
2021-11-08,,"86,86",,"35,53","734,8","67566,83","7,8225","8,57","63,8","149,031","101,337","157,713","34,7","18,4125",,"59,83","20,0883","283,97","97,2","56,33","338,62","336,99","30,804","398,06","110,44","23,59","468,93","36,43","387,6467","120,91","185,14","67,6","187,52","232,72","118,7","94,7697",104781,"4701,7",,"9828,81",,"5,5411","4,4486","6,4082","7,476",
2021-11-09,,"86,26",,"36,16","731,7","66971,83","7,9704","8,64","63,2","148,9185","103,773","157,1238","34,87","18,2475",,"59,86","19,8853",280,"96,8","56,49","335,37","335,95","30,657","395,32","110,44","23,45","467,38","36,91","341,1667","121,78","186,81","65,94","185,72","233,58","118,2","95,3124",105535,"4685,25",,"9795,12",,"5,5431","4,4528","6,4207","7,5185",
2021-11-10,,"86,06",,"35,32","719,7","64995,23","8,142","8,96","62,82","145,8935","102,7547","156,8979","35,26","18,31",,"59,19","20,3883","278,46",98,"56,72","327,64","330,8","29,459","389,51","110,44","23,79","463,62","37,49","355,9833","118,2","182,75","65,69","185,6","231,69","118,12","96,2004",105968,"4646,71",,"9716,72",,"5,4791","4,4032","6,3499","7,4184",
2021-11-11,,"87,44",,"35,64","730,2","64949,96","8,2544","9,15","63,21","145,7665","103,7131","156,6328","35,45","18,2975",,"59,41","20,3442","273,9","97,8","56,74","327,74","332,43","30,39","390,59","110,44","24,32","463,77","36,87","354,5033","118,19","185,71","68,01","185,72","233,14","117,82","94,967",107725,"4649,27",,"9722,08",,"5,4899","4,3942","6,3033","7,3529",
2021-11-12,,"87,93",,"35,16","738,9","64155,94","8,2367","9,56","63,84","148,678","102,8445","157,1238","35,5","18,3525",,"59,55","20,3001","278,12","97,99","56,61","340,89","336,72","30,39","394,7","110,45","24,4","467,27","36,59","344,4733","118,69","187,83","68,3",188,"236,05","118,38","94,8585",106312,"4682,85",,"9793,22",,"5,398","4,2868","6,1766","7,2138",
2021-11-13,,,,,,"64469,53",,,,,,,,,,,,,,,,,,,,,,,,,,,,,,,,,,,,,,,,
2021-11-14,,,,,,"65466,84",,,,,,,,,,,,,,,,,,,,,,,,,,,,,,,,,,,,,,,,
2021-11-15,,"87,69",,"35,17","752,6","63557,87",,"9,36","63,9","148,452",,,"35,45","18,5075",,"59,39",,,,"56,62","347,56","336,07","30,025","394,61","110,44","24,18","467,43",,"337,7967","118,12","177,6",,"188,38","239,21","118,74",,,"4682,8",,"9793,53",,"5,4576","4,3494","6,2479","7,3192",
2021-11-16,,88,,"33,84","754,5","60161,25","8,1065","9,24",64,"147,876","102,3953","156,2989","35,21","18,585",,"59,22","20,0883","281,01","98,24","56,22","342,96","339,51","30,203","397,42","110,44","23,93","469,28","35,84","351,5767","118,08","179,69","66,33","188,52","239,69","118,8","92,9049",104508,"4700,9",,"9831,91",,"5,4563","4,3583","6,1985","7,3046",
2021-11-17,,"87,52",,"33,27","765,5","60368,01","7,9408","9,34","63,38","148,047","103,2339","155,1597","35,53","18,4825",,"59,32","20,1677","282,96","97,18","55,91","340,77","339,12","29,261","397,63","110,45","24,14","468,14","35,41","363,0033","119,06","177,04",65,187,"239,5","118,3","92,7964",102945,"4688,67",,"9808,27",,"5,5022","4,3774","6,2241","7,3801",
2021-11-18,,"86,6",,"33,22","770,5","56942,14","7,9645","9,25","63,33","149,8385","102,2355","154,5803","35,41","18,6625",,"59,37","19,8323","284,68","97,7","55,41","338,69","341,27","31,675","401,75","110,46","23,92","469,73","35,52","365,46","123,39",174,"62,33","185,32","241,02","118,14","92,6484",102524,"4704,54",,"9842,35",,"5,5287","4,3672","6,2316","7,446",
2021-11-19,,"86,64",,"32,2","759,9","58119,58","8,0533","9,01","63,36","148,9265","102,5251","156,0436","35,15","18,64",,"58,6","19,6646","286,41","97,83","55,13","345,3","343,11","32,985","403,99","110,45","23,7","468,89","35,52","379,02","124,26","170,5","64,03","180,64","245,7","118,24","92,7964",103035,"4697,96",,"9828,8",,"5,5564","4,407","6,315","7,501",
2021-11-20,,,,,,"59697,2",,,,,,,,,,,,,,,,,,,,,,,,,,,,,,,,,,,,,,,,
2021-11-21,,,,,,"58730,48",,,,,,,,,,,,,,,,,,,,,,,,,,,,,,,,,,,,,,,,
2021-11-22,,"86,28",,"31,44","747,3","56289,29","7,9467","8,79","63,7","146,302","102,6049","155,4052","34,34","19,0275",,"58,1","19,4793","285,69","97,85","55,47","341,01","339,83","31,956","399,3","110,44","23,26","467,57","35,42","385,6233","124,75","164,91","67,59","179,26","241,5","118,12","90,1718",102122,"4682,94",,"9798,29",,"5,6116","4,4429","6,3334","7,5389",
2021-11-23,,"86,02",,"31,1","706,1","57569,07","8,0769","8,44","64,05","145,782","102,8346","154,6294","34,07","19,175",,"57,9","19,8058","285,45","97,5","55,88","337,25","337,68","31,746","397,48","110,45","22,83","468,19","35,35","369,6767","121,36","165,13","69,37","177,3","241,9","116,82","88,455",103663,"4690,7",,"9814,65",,"5,5856","4,3957","6,2766","7,4829",
2021-11-24,,"85,94",,"30,68",709,"56280,43","7,9763","8,38","63,53","146,12","100,4484","152,5083","34,03","19,345",,"57,54","20,3354","286,21",98,"55,43","341,06","337,91","32,674","398,76","110,43","22,67","469,44","35,75",372,"120,71","164,31","70,98","172,38","245,39","117,02","86,383",104514,"4701,46",,"9837,6",,"5,5704","4,392","6,2608","7,4504",
2021-11-25,,,,,711,"57274,68","8,0769","8,25",,,"100,3386","154,0697",,,,,"20,5207","285,5","98,68",,,,,,,,,"35,98",,,,"70,5","172,36",,"117,48","85,7417",105811,,,,,"5,6052","4,4255","6,2774","7,4721",
2021-11-26,,"83,39",,"29,63","685,6","53569,77","7,9231","8,09","60,59","142,183","99,7895","155,0321","33,96","18,5825",,"56,19","20,1324","279,15","98,8","53,73","333,12","329,68","31,503","391,2","110,43","22,28","458,97","35,84","360,64","117,09","169,66","68,64","163,94","241,02","114,3","85,8206",102224,"4594,62",,"9614,25",,"5,5651","4,3942","6,2354","7,4019",
2021-11-27,,,,,,"54815,08",,,,,,,,,,,,,,,,,,,,,,,,,,,,,,,,,,,,,,,,
2021-11-28,,,,,,"57248,46",,,,,,,,,,,,,,,,,,,,,,,,,,,,,,,,,,,,,,,,
2021-11-29,,"83,52",,"29,45","704,8","57806,57","7,9586","8,02","60,96","145,5305","100,8378","157,0649","33,94","18,8375",,"56,52",20,284,"98,55","54,58","338,03","336,63","33,376","399,69","110,44","22,01","464,6","36,41","378,9967","119,28","169,6","69,5","164,52","244,46","115,14","87,8827",102814,"4655,27",,"9741,78",,"5,6078","4,3842","6,3457","7,4738",
2021-11-30,,"83,29",,"29,08","699,6","57005,43","7,7751","8,13","59,94","141,8975","102,3653","157,1238","33,68","18,455",,"56,12","19,7529","280,55","98,73","52,45","324,46","330,59","32,676","393,82","110,39","21,96","455,56","36,06","381,5867","117,15","165,88","69,95","161,66","239,91","113,86","88,307",101915,4567,,"9558,33",,"5,6007","4,395","6,3223","7,457",
2021-12-01,,"83,36",,"28,91","732,9","57229,83","7,6686","7,8","59,71","141,0515","101,6265","157,5657","33,84","18,7525",,"55,82","19,6117",279,"98,34","52,3","310,6","330,08","31,435","387,12","110,42","21,42","450,5","35,81",365,"120,63","160,35","70,23","167,74","238,15","115,78","84,9721",100775,"4513,04",,"9446,21",,"5,6209","4,3972","6,3687","7,4683",
2021-12-02,,"84,28",,"29,67","690,7","56477,82","7,929","7,6","61,09","142,966","101,8262","158,1254","33,64","19,1275",,"56,46","20,353",281,"98,57","53,07","310,39","329,49","32,126","389,91","110,43","21,56","457,4","37,24","361,5333","121,7","161,38","73,49","166,56","240,73","113,9","83,7881",104466,"4577,1",,"9581,79",,"5,6916","4,4433","6,4436","7,5529",
2021-12-03,,"83,01",,"28,98","681,2","53598,25","8,1657","7,7","61,35","142,0015","103,4036","158,9798","33,93","18,7275",,"56,07","20,2824","279,1","98,72","53,54","306,84","323,01","30,693","383,13","110,42","21,73","453,42","37,47","338,3233","119,33","165,78","71,87","165,32","238,61","113,24","83,867",105070,"4538,43",,"9501,28",,"5,6433","4,403","6,3798","7,4963",
2021-12-04,,,,,,"49200,7",,,,,,,,,,,,,,,,,,,,,,,,,,,,,,,,,,,,,,,,
2021-12-05,,,,,,"49368,85",,,,,,,,,,,,,,,,,,,,,,,,,,,,,,,,,,,,,,,,
2021-12-06,,"83,81",,"29,67","662,4","50582,63","8,0888","7,68","61,87","143,155","103,6233","159,677","33,83","18,875",,"56,65","20,5207","284,02","99,5","54,91","317,87","326,19","30,037","386,2","110,42","21,58","458,79","37,99","336,3367","119,14","164,4","75,77","170,3","240,04","114,3","85,5838",106859,"4591,67",,"9613,02",,"5,6501","4,3822","6,3678","7,4791",
2021-12-07,,"85,2",,"30,51","717,4","50700,09","8,1361","7,68","63,5","147,2695","103,5334","160,2466","33,96","19,1925",,"57,78","20,2648","287,09","99,7","55,21","322,81","334,92","32,427","397,83","110,41","21,7","468,28","36,15","350,5833","122,32","167,29","76,33",185,"244,28","116,86","88,6819",107558,"4686,75",,"9812,2",,"5,688","4,4555","6,4153","7,5434",
2021-12-08,,"85,67",,"30,72","705,5","50504,8","8,2722","7,74","63,37","148,1865","103,4436","160,0699","33,97","19,2875",,"57,91","20,0706",284,100,55,"330,56","334,97","31,826","399,61","110,4","21,64","469,52","35,69","356,32","121,8","170,55","75,76","184,34","242,93","116,92","90,5763",108096,"4701,21",,"9842,68",,"5,6118","4,4366","6,3235","7,4333",
2021-12-09,,"85,33",,"30,11",691,"47672,12","8,1834","7,37","62,76","147,6385","104,6416","158,6656","33,76","19,0975",,"57,37","19,5322","283,12","99,96","54,86","329,82","333,1","30,49","393,73","110,42","21,15","466,35","35,55","334,6","119,5","166,38","75,18","182,44","240,56","116,74","90,5862",106291,"4667,45",,"9773,19",,"5,5316","4,3699","6,2734","7,3069",
2021-12-10,,"85,37",,"29,96",685,"47243,3","8,2663","7,37","62,88","148,0015","105,3305","157,1238","33,91","19,0575",,"57,56","19,5587","287,22","100,1","56,28","329,75","342,54","30,198","398,01","110,41","21,36","470,74","35,79","339,01","119,13","165,6","75,65","180,34","244,7","116,5","90,0731",107758,"4712,02",,"9866,62",,"5,5711","4,3826","6,2904","7,3667",
2021-12-11,,,,,,"49362,51",,,,,,,,,,,,,,,,,,,,,,,,,,,,,,,,,,,,,,,,
2021-12-12,,,,,,"50098,34",,,,,,,,,,,,,,,,,,,,,,,,,,,,,,,,,,,,,,,,
2021-12-13,,"82,58",,"29,5","679,2","46737,48","8,2781","7,2","62,2","145,8265","105,3305","157,3202",34,"18,795",,"56,26","19,038",288,"100,06","57,76","334,49","339,4","28,161","392,26","110,42","21,47","466,57","35,81","322,1367","116,42","166,26","77,86","182,3","242,92","115,96","90,3001",107383,"4668,97",,"9776,69",,"5,6087","4,408","6,3462","7,4281",
2021-12-14,,"82,37",,"29,2",661,"46612,63","8,3314","7,15","62,49","143,907","105,3305","156,7702","33,7","18,99",,"55,84","19,2233","286,67","100,37","57,8","333,74","328,34","28,337","388,2","110,42","21,16","463,36","35,99","319,5033","116,29","167,63","77,85","181,62","238,07","114,74","89,2937",106760,"4634,09",,"9705,06",,"5,6797","4,431","6,4053","7,5048",
2021-12-15,,"81,95",,"29,5","678,8","48896,72","8,355","7,13","63,61","146,441","103,5434","156,6622","33,82","19,1275",,"56,56","19,1615","290,88","100,68","58,06","341,66","334,65","30,459","397,05","110,41","21,27","470,6","36,44","325,33","120,4","171,15","77,41","179,34","241,72","114,52","92,3918",107370,"4709,85",,"9863,92",,"5,6806","4,4132","6,3928","7,5153",
2021-12-16,,"81,81",,"29,79","675,8","47665,43","8,2544","7,37","63,67","144,445","103,5933","157,5166","34,22","19,6525",,"56,67","19,3557","290,35","101,68","58,65","334,9","324,9","28,387","386,84","110,43","21,66","466,45","36,56","308,9733","116,57","172,74","80,44","182,62","239,92","116,6","93,2897",108212,"4668,67",,"9778,09",,"5,6794","4,4228","6,41","7,5327",
2021-12-17,,"81,35",,"29,71",662,"46202,14","8,355","7,37","62,96","141,725","105,0909","166,7967","34,16","19,285",,"55,88","18,932","286,74","101,86","57,73","333,79","323,8","27,801","384,91","110,42","21,53","459,87","36,59","310,8567","116,32","175,74","79,17","176,02","242,11","115,44","93,2897",107201,"4620,64",,"9678,03",,"5,6874","4,4489","6,4441","7,57",
2021-12-18,,,,,,"46848,78",,,,,,,,,,,,,,,,,,,,,,,,,,,,,,,,,,,,,,,,
2021-12-19,,,,,,"46707,02",,,,,,,,,,,,,,,,,,,,,,,,,,,,,,,,,,,,,,,,
2021-12-20,,"80,18",,"29,28","660,2","46880,28","8,2308","7,37","62,48","141,607","105,4603","163,7132","34,01","18,7675",,"55,88","18,6408","286,23","101,1","57,54","325,45","319,91","27,719","380,69","110,41","21,45","454,98","36,22","299,98","114,94","178,35","78,28","172,38","241,2","113,06","93,714",105020,"4568,02",,"9567,91",,"5,6931","4,4247","6,4136","7,5391",
2021-12-21,,"81,72",,"29,99",684,"48936,61","8,1716","7,41","63,1","143,4725","105,3505","161,0519","34,01","19,335",,"56,6","18,6673","291,3","100,4","57,77","334,2","327,29","29,075","389,21","110,42","21,64","463,06","36,25","312,8433","117,44","179,44","80,34","174,08","244,3","114,74","92,9641",105500,"4649,23",,"9738,73",,"5,7413","4,4366","6,4724","7,5839",
2021-12-22,,"82,08",,"30,14","697,4","48628,51","7,787","7,48","63,09","146,415","105,2107","161,9652","34,33","19,69",,"57,35","18,7379","290,22","99,76","58,18","330,45","333,2","29,4","393,95","110,42","21,99","467,69","36,28","336,29","121,3","177,62","79,92","175,38","246,73","116,4","92,4609",105244,"4696,56",,"9838,9",,"5,744","4,4452","6,4807","7,6214",
2021-12-23,,"82,48",,"30,66","707,2","50784,54","7,7396","7,57","63,56","146,9165","105,7798","163,9096","34,41",20,,"57,68","18,835","292,59","101,1","58,22","335,24","334,69","29,64","396,92","110,42","22,06","470,6","36,18","355,6667","120,68","177,96","79,15","176,9","249,64","117,46","93,1614",104891,"4725,79",,"9900,3",,"5,653","4,42","6,4351","7,5358",
2021-12-24,,,,,"702,9","50822,2",,"7,67",,,,,,,,,,,,,,,,,,,,,,,,,,,"117,54",,,,,,,"5,6718","4,4231","6,4245","7,5988",
2021-12-25,,,,,,"50429,86",,,,,,,,,,,,,,,,,,,,,,,,,,,,,,,,,,,,,,,,
2021-12-26,,,,,,"50809,52",,,,,,,,,,,,,,,,,,,,,,,,,,,,,,,,,,,,,,,,
2021-12-27,,"82,7",,"31,34","713,1","50640,42","7,787",,"62,8","147,9065","105,6001","165,7656","34,48","20,32",,"58,33","19,0291","294,56","100,65","58,65","346,18","342,45","30,945","403,48","110,42","22,21","477,26","36,26","364,6467","122,7","179,56","78,95","178,42",252,,"93,9014",105531,"4791,19",,"10037,67",,"5,6711","4,4271","6,4198","7,5439",
2021-12-28,,"82,51",,"31,31","715,3","47588,86","7,8166",,"62,74","146,687","105,8996","166,944","34,34","20,36",,"58,41","18,9585","294,03","101,15","58,88","346,22","341,25","30,322","401,61","110,41","22,16","476,87","36,29","362,8233","122,06","179,39","77,05","179,34","252,41",,"94,2566",104864,"4786,35",,"10027,53",,"5,6241","4,3967","6,3693","7,5529",
2021-12-29,,"82,16",,"31,3","703,5","46444,71","7,716","7,66","62,61","146,655","105,7299","167,5529","34,33","20,24",,"58,51","18,7996","297,75","101,41","58,95","342,94","341,95","30,001","401,55","110,42",22,"477,48","36,22","362,0633","121,41","180,3","77,25","177,2","255,93","118,38","94,6118",104107,"4793,06",,"10041,61",,"5,6275","4,3897","6,3644","7,5472",
2021-12-30,,"83,15",,"31,27","710,4","47178,13","7,7574","7,65","62,46","146,2005","105,64","167,494","34,57","20,02",,"58,2","18,4907","293,56","101,95","58,78","344,36","339,32","29,586","400,35","110,42","22,24","476,16","36,29","356,78","120,42","180,83","77,96","177,48","254,31","118,84","98,1046",104822,"4778,73",,"10012,51",,"5,7027","4,4587","6,4745","7,6956",
2021-12-31,,"82,7",,"31,25","706,7","46306,45",,"7,82","62,54","144,852",,,"34,81","19,855",,"58,16",,,,"59,21","336,35","336,32","29,411","397,85","110,42","22,4","474,96",,"352,26","120,31","177,72",,,"253,82","118,28",,,"4766,18",,"9986,7",,"5,5702","4,3695","6,3049","7,517",
2022-01-01,,,,,,"47686,81",,,,,,,,,,,,,,,,,,,,,,,,,,,,,,,,,,,,,,,,
2022-01-02,,,,,,"47345,22",,,,,,,,,,,,,,,,,,,,,,,,,,,,,,,,,,,,,,,,
2022-01-03,,"83,29",,"31,25","701,7","46458,12","7,6213",,"62,79","144,9915","105,5302","165,6478","34,26","19,57",,"58,68","18,985",297,"102,5","59,3","338,54","334,75","30,121","401,68","110,4","22,05","477,71","36,48","399,9267","128,8","178,61",78,"180,8","252,11",,"96,1609",103922,"4796,56",,"10050,41",,"5,5693","4,407","6,3306","7,389",
2022-01-04,,"82,95",,"30,83","681,3","45897,57","7,6154","7,69","64,37","144,3995","105,2307","165,8343","34,52","19,765",,"58,81","19,5234","296,55","101,57","60,29","336,53","329,01","29,29","396,47","110,4","22,22","477,55","36,66","383,1967","133,4","181,9","77,08","186,98","250,43","118,82","95,5196",103514,"4793,54",,"10044,75",,"5,6812","4,4547","6,417","7,6594",
2022-01-05,,"81,57",,"29,63","670,9",43569,"7,3728","7,72","64,37","137,775","104,6217","164,6854","34,41","19,11",,"58,32","19,1527","293,6","101,3","60,79","324,17","316,38","27,604","384,29","110,38","21,89","468,38","36,29","362,7067","127,06","171,85","77,81",191,"243,51","118,82","93,5758",101006,"4700,58",,"9850,7",,"5,6762","4,4666","6,4023","7,6799",
2022-01-06,,"81,96",,"29,49","658,5","43160,93","7,213","7,44","64,3","137,7475","104,8313","164,8818",34,"19,325",,"58,08","19,541","291,3","101,16","60,47","332,46","313,88","28,178","384,02","110,39","21,38","467,94","36,21","354,9","128,47","164,61","79,38","189,1","241,82","116,86","93,487",101561,"4696,05",,"9841,92",,"5,7056","4,4727","6,4545","7,7368",
2022-01-07,,"82,73",,"29,18","664,9","41557,9","7,2544","7,33","63,96","137,017","105,3006","164,9603","34,15","19,3075",,"58,39","19,9735","287,95","101,05","60,33","331,79","314,04","27,247","379,86","110,4","21,5","466,09","36,24","342,32","123,5","164,6",84,"187,74","237,71","116,56","91,7604",102719,"4677,03",,"9803,85",,"5,6824","4,4637","6,4165","7,6898",
2022-01-08,,,,,,"41733,94",,,,,,,,,,,,,,,,,,,,,,,,,,,,,,,,,,,,,,,,
2022-01-09,,,,,,"41911,6",,,,,,,,,,,,,,,,,,,,,,,,,,,,,,,,,,,,,,,,
2022-01-10,,"82,68",,29,"622,3","41821,26","7,1893","7,51","63,83","138,6695","104,9811","165,3433","34,25","18,9875",,"57,64","20,1589",288,"101,05","60,43","328,07","314,27","27,4","380,11","110,4","21,63","465,51","36,17","352,7067","125,01","142,99",83,"187,76","236,6","115,08","89,787",101945,"4670,29",,"9789,72",,"5,6322","4,454","6,3991","7,653",
2022-01-11,,"84,33",,30,627,"42735,86","7,3964","7,73","64,54","139,736","105,5901","165,8834","34,68","19,3525",,"58,28","20,609","286,9","101,39","60,45","334,37","314,98","27,817","385,82","110,38","21,93","469,75","36,08","354,8","129,17","148,42","84,58","188,38","236,24","116,92","88,4155",103779,"4713,07",,"9879,39",,"5,6622","4,466","6,4134","7,689",
2022-01-12,,"85,6",,"30,61","646,3","43949,1","7,503","7,85",65,"141,4305","105,7299","165,9816","34,75","19,3375",,"58,78","20,5207","285,32","102,05","60,54","333,26","318,27","27,999","387,35","110,39","22,35","471,02","36,15","368,74","132,23","156,06","85,5","188,32","238,25","118,24","91,7604",105686,"4726,35",,"9907,38",,"5,5673","4,4254","6,3261","7,5896",
2022-01-13,,"84,48",,"30,06","662,8","42591,57","7,5148","7,72","64,7","138,587","105,9296","166,3548","34,65","18,9175",,"58,43","20,9003",282,102,"60,9","326,48","304,8","26,575","377,66","110,39","22,23","464,53","36,07","343,8533","139,19","154,83","84,2","190,06","229,86","118,22","89,8462",105530,"4659,03",,"9767,35",,"5,5332","4,4223","6,3275","7,5843",
2022-01-14,,"84,36",,"30,13","642,2","43099,7","7,5325","7,61","64,84","139,4805","106,8181","167,1208","34,54","18,6875",,"58,26","20,7414","280,3","101,77","61,39","331,9","310,2","26,942","380,01","110,37","22,1","464,72","36,05","349,87","140,66","152,58","84,69","193,1","226,48","116,32","92,3228",106928,"4662,85",,"9775,53",,"5,5267","4,4169","6,3299","7,5785",
2022-01-15,,,,,,"43177,4",,,,,,,,,,,,,,,,,,,,,,,,,,,,,,,,,,,,,,,,
2022-01-16,,,,,,"43113,88",,,,,,,,,,,,,,,,,,,,,,,,,,,,,,,,,,,,,,,,
2022-01-17,,,,,"656,2","42250,55","7,5385","7,59",,,"107,6268","168,6233",,,,,"20,7414",281,"101,59",,,,,,,,,"36,13",,,,"84,25","192,58",,"117,02","93,7337",106692,,,,,"5,5333","4,4081","6,3146","7,5651",
2022-01-18,,"83,03",,"29,33","641,4","42375,63","7,5444","7,56","63,94","135,998","107,547","169,841","34,5","17,9825",,"57,4","20,865","277,94","102,01","60,9","318,15","302,65","25,903","370,55","110,32","22,62","456,49","36,24","343,5033","133,83","154,04","86,31","190,52","220,1","115,04","93,931",106522,"4577,11",,"9595,93",,"5,5158","4,4051","6,2909","7,5271",
2022-01-19,,"83,18",,"29,44","626,2","41744,33","7,6686","8,07","62,87","135,1165","107,7766","169,6839","35,05","18,0375",,"57,54","20,7237","269,8","101,65",61,"319,59","303,33","25,067","366,48","110,36","23,31","451,75","36,83","331,8833","131,01","163,36","88,21","191,7","217,24","114,84","93,1417",108013,"4532,76",,"9503,14",,"5,5657","4,4478","6,3026","7,5688",
2022-01-20,,84,,"29,35",640,"40680,42","7,6982","7,86","62,44","133,3075","107,3074","170,5873","34,96","18,06",,"57,15","20,556","265,3",102,"60,75","316,56","301,6","24,15","361,72","110,37","23,54","446,75","37,66","332,09","128,33","164,46","86,71","190,72","216,53","115,78","91,4643",109102,"4482,73",,"9398,96",,"5,4372","4,3431","6,1655","7,3989",
2022-01-21,,"82,6",,"29,01","629,3","36457,32","7,6864","7,61","61,9","130,3515","107,1975","170,4793","34,84","17,3275",,"56,27","20,5649",261,"102,38","60,45","303,17","296,03","23,374","351,69","110,37","23,33","437,98","37,95","314,6333","124,53","164,76","84,91","187,62","217,14","113,3","91,4545",108942,"4397,94",,"9221,28",,"5,4181","4,3324","6,1269","7,3671",
2022-01-22,,,,,,"35030,25",,,,,,,,,,,,,,,,,,,,,,,,,,,,,,,,,,,,,,,,
2022-01-23,,,,,,"36276,8",,,,,,,,,,,,,,,,,,,,,,,,,,,,,,,,,,,,,,,,
2022-01-24,,"81,59",,"28,6",585,"36654,33","7,5858","7,66","62,19","130,804","107,2075","169,3598","35,01",17,,"55,43","20,5384","262,3","102,05","59,96","308,71","296,37","23,372","353,3","110,35","23,06","439,84","38,07",310,"125,96","164,99","83,87","176,52","220,1","108,58","90,9513",107752,"4410,13",,"9246,84",,"5,4571","4,3344","6,1873","7,3953",
2022-01-25,,"81,29",,"29,01","575,5",36954,"7,6746","7,8","62,03","126,935","106,7483","169,5464","35,13","16,4325",,"55,08","21,2798","258,8","100,98","59,82","300,15","288,49","22,324","345,11","110,35","22,96","434,47","38,02","306,1333","122,48","158,39","84,06","178,26","212,75","109,38","92,5892",109845,"4356,45",,"9134,33",,"5,4861","4,3404","6,2098","7,3983",
2022-01-26,,"80,11",,"28,71","590,1","36852,12","7,6331","7,39","61,63","129,233","104,6516","165,0193","34,56","16,5",,"55,19","21,5093","256,6","100,3","59,6","294,63","296,71","22,772","344,57","110,35","22,63","433,38","37,76","312,47","123,08","157,92","84,3","183,02","208,43","111,4","93,2404",111573,"4349,93",,"9120,75",,"5,4407","4,3121","6,1499","7,3421",
2022-01-27,,"78,76",,"28,8","582,6","37138,23","7,7515","7,32","61,32","129,005","104,3421","166,4236","34,14","16,21",,"55,11","21,6152","254,05","100,23","59,65","294,64","299,84","21,944","341,1","110,33","21,89","431,24","37,6","276,3667","116,38","157,25","84,49","186,26","207,44","110,68","92,1649",112315,"4326,51",,"9072,24",,"5,4292","4,2886","6,1026","7,3046",
2022-01-28,,"78,98",,"29,93","566,1","37784,33","7,7101","7,4","61,36","133,351","105,2806","167,0815","34,03","16,4675",,"55,29","21,88","259,05","99,9","60,84","301,71","308,26","22,84","351,8","110,33","21,58","441,95","37,78","282,1167","117,61","158,74","83,66","183,6","211,59","109,58","92,3524",111478,"4431,85",,"9294,21",,"5,4035","4,2427","6,0224","7,2254",
2022-01-29,,,,,,"38138,18",,,,,,,,,,,,,,,,,,,,,,,,,,,,,,,,,,,,,,,,
2022-01-30,,,,,,"37917,6",,,,,,,,,,,,,,,,,,,,,,,,,,,,,,,,,,,,,,,,
2022-01-31,,"81,65",,"30,98","594,2","38483,13","7,7692","7,47","62,33","135,3035","107,6967","167,4841","34,22","17,0475",,"56,14","22,3566","260,4","101,83","61,01","313,26","310,98","24,486","363,05","110,33","21,68","449,91","38,28","312,24","122,63","163,34","80,87","183,32","217,18","111,96","96,5654",112388,"4515,55",,"9469,92",,"5,3626","4,1973","5,9782","7,1927",
2022-02-01,,"82,03",,"31,23","600,4","38743,27","7,8462","7,54","62,26","137,644","107,4571","167,5725","34,27","17,5575",,"56,82","22,4978","260,01","100,89","60,56",319,"308,76","24,638","365,52","110,34","21,81","452,95","37,76","310,4167","123,05","160,25","85,31","185,32","216,85","113,36","96,743",113147,"4546,54",,"9534,95",,"5,3031","4,1754","5,9638","7,1225",
2022-02-02,,"81,93",,"30,69","598,5","36952,98","7,7101","7,47","63,07",148,"107,1276","167,1797","34,38","17,7575",,"57,16","22,1447",262,"100,3","61,18",323,"313,46","25,242","368,49","110,34","21,84","457,35","37,74","301,8867","124,15","165,05","85,79","184,4","223,48","113,98","93,8324",112161,"4589,38",,"9624,89",,"5,2645","4,1495","5,9321","7,1198",
2022-02-03,,"81,07",,"29,67","573,8","37154,6","7,7633","7,43","62,44","143,09","107,1576","166,0602","34,36","17,5525",,"56,36","22,4007","260,5","99,86","61,61","237,76","301,25","23,948","353,55","110,35","21,57","446,6","37,96","297,0467","119,84","163,02","85,75","181,74","218,55","113,32","94,2369",111696,"4477,44",,"9390,57",,"5,2609","4,146","5,9421","7,1354",
2022-02-04,,"81,52",,"29,9","564,2","41500,88","7,5799","7,59","63,05","143,293","105,7998","165,0782","34,39","18,2425",,"56,18","22,4713","260,2",100,"60,96","237,09","305,94","24,319","358,01","110,31","21,68","448,7","37,59","307,7733","121,02",175,88,"176,14","218,43","112,48","95,2729",112245,"4500,53",,"9440,58",,"5,2829","4,1665","6,0395","7,1736",
2022-02-05,,,,,,"41441,16",,,,,,,,,,,,,,,,,,,,,,,,,,,,,,,,,,,,,,,,
2022-02-06,,,,,,"42412,43",,,,,,,,,,,,,,,,,,,,,,,,,,,,,,,,,,,,,,,,
2022-02-07,,"81,3",,"30,05","572,6","43840,29","7,426","7,79","63,34","139,201","106,6285","164,1452","34,66","18,21",,"56,26","22,3477","257,8","99,55","61,6","224,91","300,95","24,728","355,13","110,31","22,18","447,26","37,88","302,4467","122,31","175,1","90,13","175,94","214,4","112,98","95,411",111996,"4483,87",,"9405,84",,"5,3269","4,1744","6,096","7,2105",
2022-02-08,,"81,92",,"30,3","566,5","44118,45","7,4734","7,88","63,96","139,399","107,1077","164,2926","34,73","18,41",,"56,42","22,5949",260,"99,7",62,"220,18","304,56","25,108","359,12","110,31","22,36","450,94","37,63","307,3333","123,71","172,2","91,39","176,46","216,82","113,22","94,9177",112234,"4521,54",,"9484,95",,"5,2626","4,1532","6,0176","7,1237",
2022-02-09,,"83,32",,"30,72","588,8","44338,8","7,5621","7,81","64,54","141,592","107,1077","164,9211","34,87","18,5925",,"57,37","21,6946",262,100,"61,04",232,"311,21","26,705","366,73","110,31","22,44","457,54","37,84","310,6667","125,52","172,34","91,41","187,26","219,53","115,06","94,523",112461,"4587,18",,"9623,84",,"5,2584","4,137","6,003","7,1174",
2022-02-10,,"82,69",,"30,6","584,1","43565,11","7,6154","7,56","63,93","138,62","107,3273","165,8441","34,73","18,59",,"56,69","22,1094",258,"100,22","61,38","228,07","302,38","25,824","358,43","110,24","22,34","449,32","37,89","301,5167","124,71","173,15","93,87","187,28","212,72","114,9","93,8718",113359,"4504,08",,"9450,72",,"5,2345","4,13","5,9772","7,0838",
2022-02-11,,"81,39",,"30,99","569,5","42407,94","7,5503","7,91","63,31","134,2825","107,7167","164,9702","35,41","18,2775",,"55,63","23,4157",253,"100,29","60,29","219,55","295,04","23,949","347,06","110,27","22,74","440,46","37,58","286,6667","121,01","171,48","91,97","188,64","214,23","113,44","94,7204",113572,"4418,64",,"9271,8",,"5,2487","4,1223","5,9887","7,1023",
2022-02-12,,,,,,"42244,47",,,,,,,,,,,,,,,,,,,,,,,,,,,,,,,,,,,,,,,,
2022-02-13,,,,,,"42197,52",,,,,,,,,,,,,,,,,,,,,,,,,,,,,,,,,,,,,,,,
2022-02-14,,"80,66",,"30,97","559,7","42586,92","7,4734","7,84","63,47","135,526","104,9112","163,0159","35,58","18,05",,"55,06","23,3628",250,"100,11","60,68","217,7",295,"24,267","347,49","110,24","22,99","439,02","37,5","291,92","119,77","167,07","91,57","182,7","213,56","111,48","92,5004",113807,"4401,67",,"9236,86",,"5,25","4,1216","5,9574","7,121",
2022-02-15,,"82,35",,"31,53","572,9","44575,2","7,6213","7,74","63,96","136,6085","104,5518","164,4988","35,23","18,475",,"56,28","23,5834","251,4","99,91","60,91",221,"300,47","26,495","356,13","110,25","22,54","446,1","37,82","307,4767","124,52","168,93","88,85","188,2","216,3","112,9","91,3657",114660,"4471,07",,"9383,57",,"5,214","4,0956","5,892","7,0557",
2022-02-16,,"82,76",,"32,16","573,9","43961,86","7,7751","7,93","63,99","137,738","104,2323","163,1141","35,61","18,695",,"56,52","23,3363","249,74","99,65","60,9","216,54","299,5","26,511","356,04","110,26","22,79","446,6","37,46","307,7967","123,6","166,09","89,5","186,02","212,25","112,66","92,0761",115181,"4475,01",,"9393,09",,"5,1579","4,0657","5,8857","6,9784",
2022-02-17,,"82,01",,"31,26","578,2","40538,01","7,6746","8,36","63,14","132,539","104,7522","164,1256","36,1","17,79",,"55,54","23,0097","246,71","99,5","62,12","207,71","290,73","24,507","345,45","110,29","22,96","437,06","37,42","292,1167","119,76","162,13","85,65",184,"208,37","112,18","92,4017",113528,"4380,26",,"9195,35",,"5,1358","4,0434","5,8386","6,9766",
2022-02-18,,"81,33",,"30,9","570,4","40030,98","7,7041","7,97","63,06","130,403","105,9119","165,304","36,06","17,54",,"55,18","23,098","243,4",100,"62,54","206,16","287,93","23,642","341,51","110,3","23,04","434,23","37,87","285,66","119,31","158,5","85,83","180,1","208,22","110,52","92,303",112768,"4348,87",,"9130,81",,"5,1706","4,0698","5,8756","7,0323",
2022-02-19,,,,,,"40122,16",,,,,,,,,,,,,,,,,,,,,,,,,,,,,,,,,,,,,,,,
2022-02-20,,,,,,"38431,38",,,,,,,,,,,,,,,,,,,,,,,,,,,,,,,,,,,,,,,,
2022-02-21,,,,,"550,8","37075,28","7,5562",,,,"104,2223","163,8899",,,,,"22,5331","237,5","99,88",,,,,,,,,"37,97",,,,"85,9","174,98",,"109,42","90,675",111725,,,,,"5,1375","4,0281","5,8149","6,9825",
2022-02-22,,"80,06",,"31,2","564,5","38286,03","7,5385","7,51","62,28","129,8135","104,6222","162,9963","36,15","17,0675",,"54,33","22,7273","236,4","99,52","62,28","202,08","287,72","23,39","338,08","110,28","23,26","429,57","38,87","273,8433","116,91","158,28","87,39","188,7","206,67","109,64","89,5897",112892,"4304,76",,"9038,32",,"5,1027","3,9977","5,7667","6,9363",
2022-02-23,,"79,19",,"31,81","564,3","37296,57","7,7101","7,57","61,67","127,588","104,0024","162,3383","36,31","16,4525",,"53,89","22,4095",232,"99,06","61,59","198,45","280,27","22,387","329,42","110,29","23,68","421,95","39,76","254,68","115,9","157,82","86,47","187,08","202,94","108,68","89,9251",112008,"4225,5",,"8871,95",,"5,0571","3,9603","5,7278","6,8719",
2022-02-24,,"78,15",,"31,86","558,2","38332,61","7,5621","7,46","61,09","132,691","103,6225","161,0617","36,08","16,695",,"52,88","22,03",238,"100,1","60,51","207,6","294,59","23,748","340,49","110,29","23,27","428,3","39,87","266,9233","111,88","163,38","87,54","176,1","209,82","105,6","88,455",111592,"4288,7",,"9005,37",,"5,0087","3,9316","5,6603","6,7751",
2022-02-25,,"79,39",,"32,64","589,1","39214,22","7,574","7,43","62,67","134,4595","104,5822","163,998","35,96","17,135",,"54,43","22,4801","245,5","99,99","62,85","210,48","297,31","24,157","345,77","110,3","23,36","437,75","39,36","269,9567","111,23","165,28","92,28","185,32","214,19","109,7","90,1817",113142,"4384,65",,"9207,85",,"5,1222","3,9954","5,7298","6,8399",
2022-02-26,,,,,,"39105,15",,,,,,,,,,,,,,,,,,,,,,,,,,,,,,,,,,,,,,,,
2022-02-27,,,,,,"37709,79",,,,,,,,,,,,,,,,,,,,,,,,,,,,,,,,,,,,,,,,
2022-02-28,,"78,62",,"32,35","598,9","43193,23",,"7,5","61,86","135,057",,,"36,31","16,545",,"53,2",,,,"62,24","211,03","298,79","24,385","346,8","110,29","23,58","436,63",,"290,1433","107,01",162,,"178,04","213,72","110,02",,,"4373,94",,"9186,37",,"5,1594","4,0584","5,814","6,9263",
2022-03-01,,"77,91",,"32,58","577,2","44354,64",,"7,78","60,62","134,0615",,,"36,99","15,5675",,"51,77",,,,"61,97","203,49","294,95","23,477","341,49","110,32","24,55","429,98",,"288,1233","108,05","159,8",,"164,48","216,04","108,12",,,"4306,26",,"9044,47",,"5,1584","4,0705","5,7836","6,924",
2022-03-02,,"78,03",,"33,05","583,2","43924,12","7,7929","7,63","61,32","134,5715","103,8424","162,9963","36,61","15,94",,"52,47","22,0918","243,6","99,2","62,43","208,11","300,19","24,22","347,22","110,3","24,35","437,89","40,05","293,2967","109,61","160,86","99,65",160,"217,85","109,26","89,7673",115174,"4386,54",,"9213,39",,"5,159","4,0499","5,7402","6,8788",
2022-03-03,,"76,85",,33,"573,3","42451,79","7,8462","7,81","61,26","133,8995","104,2523","162,7213","36,82","15,3075",,"51,09","22,1094","239,4","99,36","62,47","202,97","295,92","23,714","342,26","110,32","24,25","435,71","39,84","279,7633","108,79","158,2","99,7","155,36","218,73","108,28","89,491",115166,"4363,49",,"9166,13",,"5,0965","4,0308","5,6641","6,8259",
2022-03-04,,"75,19",,"32,37","533,6","39137,61","7,6864","7,89","60,26","131,9065","103,9224","161,1697","37,4","14,67",,"48,93","21,7741","239,1","99,62","62,57","200,06","289,86","22,936","337,3","110,3","24,66","432,17","41,22","279,43","105,06","158,01","101,97","144,5","217,87","105,82","89,343",114474,"4328,87",,"9094,04",,"5,0309","3,9678","5,5649","6,7114",
2022-03-05,,,,,,"39400,59",,,,,,,,,,,,,,,,,,,,,,,,,,,,,,,,,,,,,,,,
2022-03-06,,,,,,"38419,98",,,,,,,,,,,,,,,,,,,,,,,,,,,,,,,,,,,,,,,,
2022-03-07,,"72,26",,"31,24","540,6","38062,04","7,2722","7,67","58,43","126,3785","103,8724","159,8734","37,95","14,2825",,"47,29","21,3063",234,"99,65","61,08","187,47","278,91","21,352","324,86","110,31","24,7","419,43","40,54","268,1933","99,29",158,"105,07","136,74","214,85","104,66","88,9977",111593,"4201,09",,"8825,72",,"5,0606","3,9506","5,4984","6,6917",
2022-03-08,,"72,38",,"31,16",517,"38737,27","7,4083","7,7","57,34","127,1045","104,0024","158,3611","38,98","14,7225",,"48,41","21,1033","230,4","99,95","58,66","190,29","275,85","21,514","323,35","110,3","25,48","416,25","40,07","274,8",100,"156,1","100,46","135,84","206,83","102,72","88,9483",111203,"4170,7",,"8762,11",,"5,1105","3,9892","5,5501","6,701",
2022-03-09,,"74,4",,"32,2","557,1","41982,93","7,6923","7,88",59,"133,42","104,0724","158,5968","37,84","15,385",,"50,93","22,1536",234,"100,52","58,96","198,5","288,5","23,014","334,99","110,3","24,81","427,41","40,9","286,3233","104,95","158,32","94,19","150,32","209,59","106,14","88,751",113900,"4277,88",,"8988,65",,"5,0588","3,9223","5,51","6,6263",
2022-03-10,,"72,83",,"32,76","545,4","39437,46","7,6095","8,13","59,12","132,4295","104,2023","158,1549","37,97","15,3575",,"49,97","22,1712","233,4","100,22","57,88","195,21","285,59","22,658","331,27","110,29",25,"425,48","41,09","279,4333","103,96","158,29","97,3","143,78","208,28","104,6","89,935",113663,"4259,52",,"8950,9",,"5,0115","3,9134","5,5472","6,6077",
2022-03-11,,"71,14",,"32,29","542,8","38794,97","7,4852","7,89","59,17","129,8705","105,0121","158,5968","37,68","15,23",,"49,51","21,9241","233,35","99,45","57,92","187,61","280,07","22,1","324,4","110,28","24,89","420,07","40,7","265,1167","101,41","153,49","96,79","143,7","204,16","104,88","89,5206",111713,"4204,31",,"8835,4",,"5,0097","3,9254","5,5152","6,5645",
2022-03-12,,,,,,"38904,01",,,,,,,,,,,,,,,,,,,,,,,,,,,,,,,,,,,,,,,,
2022-03-13,,,,,,"37849,66",,,,,,,,,,,,,,,,,,,,,,,,,,,,,,,,,,,,,,,,
2022-03-14,,"69,43",,"31,23","534,5","39666,75","7,5266","7,72","59,95","125,951","104,6622","157,9094","37,11","15,4475",,"50,44","22,233","234,4","98,99","58,54","186,63","276,44","21,33","318,17","110,26","24,14",417,"40,65","255,4567","99,3","141,82","91,6",150,"199,43","104,12","88,603",109928,"4173,11",,"8771,75",,"5,0735","3,9767","5,5333","6,6146",
2022-03-15,,"69,55",,"31,61","540,4","39338,79","7,5385","7,67","60,8","129,198","104,2223","158,1058","36,45","15,43",,"50,77","22,1536","240,15","99,99","59,62","192,03","287,15","22,973","328,15","110,26","23,97","426,17","41,01","267,2967","102,09","142,88","88,97",151,"204,39","104,64","89,0174",108959,"4262,45",,"8959,74",,"5,1214","3,9932","5,6025","6,6534",
2022-03-16,,"75,88",,"32,94","578,9","41143,93","7,5325","7,69","62,14","133,2805","103,6725","157,821","36,65","16,445",,"52,76","22,5861",243,"99,7","59,46","203,63","294,39","24,496","340,32","110,27","24,1","435,62","41,35","280,0767","105,69","148,79","91,13","155,64","206,35","107,58","89,1654",111112,"4357,86",,"9160,51",,"5,1632","4,041","5,6616","6,7355",
2022-03-17,,"75,24",,"33,8","584,7","40951,38","8,0118","7,91","62,42","133,839","103,9124","157,988","36,85","16,18",,"53,09","23,0803","242,6","99,66","60,09","207,84","295,22","24,766","344,44","110,3","24,31","441,07","41,75","290,5333","106,49","149,51","94,3","155,46","212,66","108,9","89,0667",113076,"4411,67",,"9274,17",,"5,0739","3,9989","5,5924","6,6622",
2022-03-18,,"76,58",,"34,08","609,9","41801,16","8,2781","7,85","63,35","136,1255","104,9521","158,1058","36,5","16,6775",,"53,57","23,248","244,5",100,"60,1","216,49","300,43","26,453","351,49","110,28","23,99","444,52","42,42","301,7967","106,72","151,37","96,09","153,92","220,75","110,16","89,3923",115311,"4463,12",,"9382,43",,"5,0394","3,9894","5,5905","6,6307",
2022-03-19,,,,,,"42190,65",,,,,,,,,,,,,,,,,,,,,,,,,,,,,,,,,,,,,,,,
2022-03-20,,,,,,"41247,82",,,,,,,,,,,,,,,,,,,,,,,,,,,,,,,,,,,,,,,,
2022-03-21,,"74,94",,"34,18","612,7",41078,"8,4438",8,"63,57","136,1015","104,5822","157,9094","36,78","16,355",,"53,03","23,8217","241,35","100,43","60,58","211,49","299,16","26,734","350,08","110,25","24,27","444,39","42,43","307,0533","106,92","151,22","98,81","153,76","214,92","110,2","89,0667",116155,"4461,18",,"9378,84",,"5,0178","3,9833","5,5511","6,614",
2022-03-22,,"76,36",,"34,6","627,2","42358,81","8,4675","7,69","64,69","139,868","104,6622","158,2924","36,54","16,9875",,"53,7","24,1483","242,65","100,1","60,8","216,65","304,06","26,524","356,96","110,25","23,87","449,59","42,76","331,3267","107,04","152,29","96,6",155,"218,08","111,4","89,6883",117272,"4511,61",,"9484,86",,"4,9352","3,9171","5,4356","6,4935",
2022-03-23,,"75,52",,"34,61","613,9","42892,96","8,5325","7,87","64,17","138,2755","104,7622","158,3611","36,99","16,4725",,"52,76","24,0424","235,8","100,75","60,4","213,46","299,49","25,634","351,83","110,25","24,23","443,8","42,83","333,0367","105,35","149,4","96,45","152,66","211,83","111,06","89,787",117457,"4456,24",,"9368,98",,"4,91","3,9029","5,4121","6,5136",
2022-03-24,,"75,91",,"35,46","615,7","43960,93","8,7692","7,87","65,26","141,572","105,402","158,8914","37,29","16,5925",,"53,06","24,2012","237,5","100,22","60,98","219,57","304,1","28,15","359,65","110,24","24,61","450,49","43,82","337,9733","107,92","150,5","96,91","151,98","215,11","110,94","89,9153",119053,"4520,16",,"9504,19",,"4,8242","3,8392","5,3077","6,3654",
2022-03-25,,"75,1",,"35,29","620,2","44348,73","8,7396","7,82","65,45","141,673","105,8219","160,8064","37,16","16,5",,"53,13","24,2454","235,45","101,24","61,53","221,82","303,68","27,692","359,35","110,23","24,47","452,69","44,4","336,88","106,73","154,5","95,23","151,18","215,75","111,24","90,5171",119081,"4543,06",,"9552,4",,"4,8263","3,8521","5,3104","6,3676",
2022-03-26,,,,,,"44500,83",,,,,,,,,,,,,,,,,,,,,,,,,,,,,,,,,,,,,,,,
2022-03-27,,,,,,"46820,49",,,,,,,,,,,,,,,,,,,,,,,,,,,,,,,,,,,,,,,,
2022-03-28,,"75,42",,"35,39","622,7",47128,"8,6982","7,56","65,32","141,4555","105,452","160,0699","36,48","16,6675",,"53,19","24,2277","238,3","101,62","61,92","223,59","310,7","28,219","364,91","110,22","23,92","455,91","44,21","363,9467","106,33","156,5","95,34","151,74","219,74","111,34","90,823",118738,"4575,52",,"9620,66",,"4,7641","3,8038","5,2358","6,2344",
2022-03-29,,"76,77",,"35,58",633,"47465,73","8,6627","7,57","65,89","142,5055","105,8119","160,3645","36,5","16,99",,"54,51","24,5102","240,65","102,2","62,16","229,86","315,41","28,656","371,19","110,23","23,87","461,55","43,72","366,5233","109,25","158,57","94,52","159,48","221,3","113,62","93,3785",120014,"4631,6",,"9738,6",,"4,7562","3,8037","5,2737","6,2228",
2022-03-30,,"76,51",,"35,44","622,2","47062,66","8,7396","7,67","64,66","141,9385","106,9416","161,0519","36,76","16,83",,"54,46","24,5631","240,56","101,2","62,21","227,85","313,86","27,69","367,09","110,24","23,9","458,7","43,73","364,6633","106,73","156,06","95,87","159,06","222,12","113,74","93,191",120260,"4602,45",,"9678,3",,"4,7697","3,8185","5,3198","6,2617",
2022-03-31,,"75,03",,"35,61",610,"45538,68",9,"7,46","64,02","139,0675","106,9716","160,5609","36,83","16,4775",,"53,4","24,2542","235,65","101,31",62,"222,36","308,31","27,286","362,54","110,25","23,85","451,64","44,14","359,2","104,26","153,74","95,6",157,"222,46","112,9","94,6118",119999,"4530,41",,"9527,46",,"4,7378","3,7876","5,2436","6,2279",
2022-04-01,,"76,3",,"36,31","606,7","46281,64","9,0355","7,69","64,57","140,1505","106,3718","160,1779","36,54","16,6925",,"53,98","24,3071","231,99","100,5","62,87","224,85","309,42","26,712","361,85","110,21","23,69","452,92","44,25","361,53","102,79","151,88","96,96","157,58","225,27","112,04","97,0686",121570,"4545,86",,"9559,95",,,,,,
2022-04-02,,,,,,"45868,95",,,,,,,,,,,,,,,,,,,,,,,,,,,,,,,,,,,,,,,,
2022-04-03,,,,,,"46453,57",,,,,,,,,,,,,,,,,,,,,,,,,,,,,,,,,,,,,,,,
2022-04-04,,"77,92",,"36,81","617,4","46622,68","8,9822","7,66","65,06","142,9715","105,9019","160,7573","36,73","16,8075",,"54,03","24,0865","230,88","101,5","62,54","233,89","314,97","27,36","369,3","110,2","23,61","456,8","44,58","381,8167","104,79","154,43","97,94","158,76","226,55","113,04","97,8777",121280,"4582,64",,"9637,37",,"4,5938","3,6772","5,039","6,0205",
2022-04-05,,"76,49",,"35,74","599,2","45555,99","8,929","7,4","63,86","140,591","107,8714","161,0519","36,49","16,5325",,"53,52","23,6011","230,5","101,55","62,47","231,84","310,88","25,931","361,1","110,19","23,34","451,03","44,27","363,7533","102,5","151,9","95,11","156,74","223,4","112,62","96,891",118885,"4525,12",,"9517,94",,"4,6507","3,7238","5,0703","6,079",
2022-04-06,,"75,35",,"35,21","571,8","43206,74","8,9941","7,43","62,95","136,548","106,9716","163,5069","36,58","16,0975",,"52,87","23,5922","231,5","101,4","63,1","223,3","299,5","24,407","353,26","110,18","23,55","446,52","43,99","348,5867","101,18","147,2","96,55","152,16",220,"110,3","97,0094",118228,"4481,15",,"9425,49",,"4,7152","3,7526","5,1357","6,1576",
2022-04-07,,"74,68",,"35,48","567,4","43503,85","8,9467","7,56","62,86","135,8885","107,0816","163,8015","36,7","15,9825",,"53,14","23,5746",233,"101,25","63,44","222,95","301,37","24,208","354,1","110,21","23,69","448,77","44,03","352,42","100,52","143,4","97,13","149,8","220,7","109,92","96,7134",118862,"4500,21",,"9466,76",,"4,7521","3,7733","5,1606","6,2101",
2022-04-08,,"74,71",,"35,72","569,3","42287,66","8,9882","7,8","62,73","133,2875","107,3315","163,5462","36,97","16,2175",,"53,17","23,5305","231,03","102,04","63,83","222,33","296,97","23,119","349,15","110,2","23,8","447,57","44,33","341,83","99,29","141,31","95,15","153,04","218,78","111,06","97,5324",118322,"4488,28",,"9441,84",,,,,,
2022-04-09,,,,,,"42782,14",,,,,,,,,,,,,,,,,,,,,,,,,,,,,,,,,,,,,,,,
2022-04-10,,,,,,"42207,67",,,,,,,,,,,,,,,,,,,,,,,,,,,,,,,,,,,,,,,,
2022-04-11,,"73,37",,"35,03","552,3","39521,9","8,9349","7,86","62,62","128,8235","107,3315","164,0765","37,14","16,2225",,"52,76","23,4422","226,1","101,09","63,81","216,46","285,26","21,917","340,89","110,19","24,13","439,92","44,18","325,31","97,57","140,53",94,"151,68","213,85","109,58","96,4766",116953,"4412,53",,"9282,48",,"4,6936","3,7112","5,1035","6,1087",
2022-04-12,,"73,14",,"34,79","560,4","40127,18","8,8047","7,85","61,9","127,7145","107,2515","163,4971","37,42","16,2575",,"52,33","23,0274","224,5","101,98","64,56","214,14","282,06","21,504","339,45","110,22","24,47","438,29","44,52","328,9833","97,44","138,36","93,37","151,1","213,34","109,88","98,1145",116147,"4397,45",,"9251,07",,"4,6731","3,697","5,0564","6,0769",
2022-04-13,,"74,28",,"35,56","566,1","41166,73","9,1065","7,93","62,94","129,894","106,9716","161,3782","37,62","16,4175",,"52,88","23,0891","227,4",102,"64,73","214,99","287,62","22,203","346,35","110,23","24,77","443,31","44,14","340,79","101,5","138,99","93,4","151,2","215,33","109,5","98,1046",116782,"4446,59",,"9356,21",,"4,6902","3,7307","5,1074","6,1463",
2022-04-14,,"73,29",,"35,21","558,7","39935,52","9,1479","7,97","62,95","126,73","105,362","161,9312","37,47","16,3225",,"52,65","23,2392","225,2","102,25","65,02","210,18","279,83","21,258","338,43","110,21","24,66","437,79","44,3","328,3333","98,36","137,96","92,09","148,98","215,4","109,32","98,7164",116182,"4392,59",,"9242,58",,"4,701","3,7281","5,087","6,1387",
2022-04-15,,,,,,"40553,46",,,,,,,,,,,,,,,,,,,,,,,,,,,,,,,,,,,,,,,,
2022-04-16,,,,,,"40424,48",,,,,,,,,,,,,,,,,,,,,,,,,,,,,,,,,,,,,,,,
2022-04-17,,,,,,"39716,95",,,,,,,,,,,,,,,,,,,,,,,,,,,,,,,,,,,,,,,,
2022-04-18,,"72,87",,"35,01",,"40826,21","9,2189","7,96","63,02","127,6765","105,9719","161,941","37,59","15,985",,"52,46","23,3716","223,51","102,3","64,44","210,77","280,52","21,783","338,69","110,21","24,88","437,97","44,72","334,7633","98,77","135,7","90,57",,"213,32",,"98,667",115687,"4391,69",,"9240,69",,"4,652","3,7296","5,087","6,0459",
2022-04-19,,"72,69",,"35,47","561,6","41502,75","8,6805","7,83","64,1","130,009","106,1518","160,6475","37,01","16,3675",,"52,63","22,9568","227,15","101,15","65,07","217,31","285,3","22,198","346,26","110,2","24,23","445,04","44,15","342,7167","99,45","140,37","87,68",153,"218,28","109,22","98,3414",115057,"4462,21",,"9389,21",,"4,665","3,6994","5,0333","6,0709",
2022-04-20,,"72,24",,"35,31","591,4","41374,38","8,716","7,97","64,19","128,04","106,7017","160,7956","37,22","16,605",,"53,06","23,1068","225,5","101,15","65,96","200,42","286,36","21,482","341,21","110,21","24,29","444,71","44,58","325,7333","99,01","137,34","85,4","155,1","219,43","109,92","98,371",114344,"4459,45",,"9383,54",,"4,6208","3,6977","5,0108","6,0314",
2022-04-21,,"70,92",,"33,65",584,"40527,36",,"7,71","63,89","124,8145",,,"37,09","15,95",,"52,58",,,,"66,21","188,07","280,81","20,183","334,15","110,18","23,77","438,06",,"336,26","97,66","131,53",,"156,74","212,55","109,84",,,"4393,66",,"9245,86",,"4,6208","3,6695","5,0045","6,0189",
2022-04-22,,"70,54",,"32,64","571,2","39740,32","8,6568","7,45","63,15","119,6355","106,1018","160,9536","36,72","15,25",,"51,72","22,6567",224,"101,7","65,25","184,11","274,03","19,515","325,4","110,17","23,25","426,04","44,17","335,0167","95,68","136,41","80,45","152,54","205,85","106,82","98,6078",111078,"4271,78",,"8989,51",,,,,,
2022-04-23,,,,,,"39486,73",,,,,,,,,,,,,,,,,,,,,,,,,,,,,,,,,,,,,,,,
2022-04-24,,,,,,"39469,29",,,,,,,,,,,,,,,,,,,,,,,,,,,,,,,,,,,,,,,,
2022-04-25,,"69,99",,"32,76","547,7","40458,31","8,9053","7,36","63,25","123,074","105,382","160,845","36,06","15,6475",,"51,33","22,5684","228,47",102,"65,94","186,99","280,72","19,902","329,58","110,18","22,77","428,51","45,01","332,6733","96,24","132,96","79,08","149,02","211,17","104,24","98,4796",110685,"4296,12",,"9040,86",,"4,8762","3,8267","5,221","6,2117",
2022-04-26,,"68,5",,"31,82","529,4","38117,46","8,9349","7,27","61,61","118,65","103,9724","160,8549","36,11","15,3375",,"49,62","21,8005","227,4","101,85","65,05","180,95","270,22","18,788","317,14","110,19","22,59","416,1","45,46","292,14","92,77","125,01",78,"145,5","205,58","103,84","99,1604",108213,"4175,2",,"8786,47",,"4,9978","3,9011","5,3176","6,2854",
2022-04-27,,"69,39",,"32,37","528,7","39241,12","9,0947","7,21","62,24","114,2945","104,9721","161,0622","35,84","15,29",,"49,86","21,624",227,102,"65,56","174,95","283,22","18,415","316,76","110,2","22,41","417,27","45,75","293,8367","90,26","121,65","82,17","145,5","203,61","103,74","99,3084",109349,"4183,96",,8805,,"4,9636","3,8714","5,2369","6,2253",
2022-04-28,,"70,41",,"32,68","548,7","39773,83","9,0769","7,38","64,62","118,5225","104,6622","161,2498","36,04","15,46",,"50,5","21,4475",232,"101,99","66,19","205,73","289,63","19,782","328,01","110,19","22,35","427,81","45,09","292,5033","95,22","123,23","84,2","147,34","208,42","104,04","97,5817",109919,"4287,5",,"9023,42",,"4,9378","3,854","5,1837","6,1501",
2022-04-29,,"70,92",,"31,72",548,"38609,82","8,6805","7,44","63,31","114,1095","105,7719","161,9608","36,04","14,89",,"49,97","21,068","224,1","101,98","64,61","200,47","277,52","18,547","313,25","110,2","21,93",412,"44,29","290,2533","92,93","119,51","83,29","148,94","178,69","104,74","97,927",107876,"4131,93",,"8696,65",,,,,,
2022-04-30,,,,,,"37714,88",,,,,,,,,,,,,,,,,,,,,,,,,,,,,,,,,,,,,,,,
2022-05-01,,,,,,"38469,09",,,,,,,,,,,,,,,,,,,,,,,,,,,,,,,,,,,,,,,,
2022-05-02,,"71,01",,"31,41","535,8","38529,33","8,2846","7,26","63,84","116,583","103,3926","160,3513","35,37","14,975",,"49,67","20,962","230,2","100,49","63,44","211,13","284,47","19,533","318,48","110,15","21,79","414,48","43,55","300,98","93,76","121,94","82,92","147,22",175,,"98,371",106639,"4155,38",,"8746,05",,"5,0847","3,9477","5,3409","6,3548",
2022-05-03,,"71,59",,"31,95","542,3","37750,45",8,"7,42","64,36","117,334","103,5825","160,0155","35,47","14,68",,"50,06","21,068","226,75","100,32","63,08","212,03","281,78","19,602","318,82","110,13","21,72","416,38","44,15","303,0833","93,63","121,35","82,5","150,2","183,14","103,92","98,0454",106528,"4175,48",,"8788,36",,"4,9581","3,8622","5,2161","6,1919",
2022-05-04,,"72,28",,"32,52","535,4","39698,37","8,1462","7,86","64,95","122,261","103,9024","159,9168","35,82","14,9625",,"50,91","21,0415",231,"100,77","65,03","223,41","289,98","20,334","329,6","110,18","22,18","429,06","45,15","317,54","95,99","124,76","81,81","148,52","186,48","102,82","98,154",108344,"4300,17",,"9050,9",,"4,9188","3,8596","5,2211","6,2061",
2022-05-05,,"69,57",,"30,69","537,2","36575,14","7,8769","7,74","63,75","116,5055","104,2223","159,9662","35,67","14,355",,"49,2","20,556",228,101,"64,51","208,28","277,35","18,844",313,"110,16","21,69","413,81","44,58","291,0933","92,15","120,23","80,33","147,18","175,75","102,5","96,1116",105304,"4146,87",,"8729,21",,"5,028","3,9177","5,2973","6,2163",
2022-05-06,,"68,61",,"30,5","524,4","36040,92","7,8308","7,81","64,45","115,7465","103,9824","159,7983","35,74","13,7375",,"48,43","20,9974","229,15","101,03","64,74","203,77","274,73","18,675","309,25","110,19","21,54","411,34","44,72","288,55","91,63","114,27","79,76","145,86","172,05","101,68","95,115",105135,"4123,34",,"8680,97",,,,,,
2022-05-07,,,,,,"35501,95",,,,,,,,,,,,,,,,,,,,,,,,,,,,,,,,,,,,,,,,
2022-05-08,,,,,,"34059,27",,,,,,,,,,,,,,,,,,,,,,,,,,,,,,,,,,,,,,,,
2022-05-09,,"66,52",,"28,15","486,75","30296,95","7,9462","7,6","62,79","112,511","104,2223","159,7094","35,21","13,155",,"46,95","20,6973",225,"101,15","64,61","196,21","264,58","16,95","297,15","110,21","20,91","398,17","45,01","262,37","87,3","106,15","76,49","142,72","164,86","98,71","94,7204",103250,"3991,24",,"8403,5",,"5,1609","3,965","5,4495","6,3672",
2022-05-10,,"67,01",,"28,29","488,75","31022,91","7,9769","7,64","62,56","114,395","104,7922","159,9662","34,91","13,57",,"47,42","20,5914","224,5","100,96","64,01","197,65","269,5","17,595","300,76","110,21","20,4","399,09","41,1","266,68","88,82","103,59","75,54","142,8","167,69","98,12","94,1284",103110,"4001,05",,"8424,2",,"5,1313","3,9361","5,4014","6,3163",
2022-05-11,,"66,49",,"28,14","514,1","28936,36","8,0154","7,59","61,71","113,6025","104,6722","160,7067","35,2","13,485",,"47,18","21,2798","221,75","100,5","64,31","188,74","260,55","16,63","291,84","110,19","20,74","392,75","40,21","244,6667","87,83","105,26","78,69","146,7","166,94","99,57","94,0494",104397,"3935,18",,"8285,82",,"5,1343","3,9505","5,3971","6,2775",
2022-05-12,,"66,21",,"28,31","501,1","29047,75","8,0462","7,28","61,87","112,844","103,6925","160,1834","34,66","13,36",,47,"21,6152","220,62","100,71","64,51","191,24","255,35","16,175","291,15","110,21","19,94","392,34","40,72","242,6667","87,69","106,21","77,9","146,44","164,41","97,35","94,1974",105688,"3930,08",,"8278,04",,"5,1334","3,939","5,3258","6,2578",
2022-05-13,,"68,1",,"29,26","525,2","29283,1","8,1308","7,4","63,12","116,0505","103,9724","161,3091","34,39","13,78",,"48,33","21,8711","222,25","100,7","65,72","198,62","261,12","17,706","301,94","110,22","20,26","401,72","40,33","256,53","90,96","109,93","77,81","144,2","165,11","99,65","96,6937",106924,"4023,89",,"8476,57",,,,,,
2022-05-14,,,,,,"30101,27",,,,,,,,,,,,,,,,,,,,,,,,,,,,,,,,,,,,,,,,
2022-05-15,,,,,,"31305,11",,,,,,,,,,,,,,,,,,,,,,,,,,,,,,,,,,,,,,,,
2022-05-16,,"67,72",,"29,72","512,6","29862,92","8,2615","7,36","62,73","114,445","104,3723","161,0425","34,71","13,62",,"48,52","22,1006","221,94","100,23","65,96","200,04","261,5","17,264","298,44","110,22","20,8","400,09","40,35","241,4567","90,41","110,11","80,14","144,74","164,55","99,2","96,5062",108233,"4008,01",,"8443,55",,"5,0597","3,9354","5,2783","6,2355",
2022-05-17,,"69,66",,"30,61","528,6","30425,86","8,5077","7,44","63,29","116,473","105,8519","160,8549","34,51","13,995",,"49,67","22,2948","221,86","100,6","65,78","202,62","266,82","18,177","306,17","110,21","20,78","408,32","40,74","253,87","93,32","123,08","79,8","145,92","168,52","101,04","96,7924",108789,"4088,85",,"8614,31",,"4,9381","3,8531","5,206","6,1576",
2022-05-18,,"67,99",,"29,36","514,9","28720,27","8,4923","7,26","62,38","111,8995","105,9519","160,7561","34,51","13,51",,"48,21","21,9771",214,"100,91","61,2","192,24","254,08","16,938","291,14","110,21","20,58","391,86",41,"236,6033","90,53","123,05","77,78","145,98","162,52","99,31","96,1017",106247,"3923,68",,"8268,32",,"4,9675","3,8543","5,2","6,1328",
2022-05-19,,"69,06",,"30,04","502,7","30314,33","8,5615","7,77","62,45","110,384","105,452","160,3908","35,03","13,7425",,"48,81","21,9064",211,"101,5",60,"191,29","253,14","17,124","289,58","110,23","21,15","389,46","41,07","236,4733","90,21","119,76","79,85","145,32","163,45","98,105","96,4865",107005,"3900,79",,"8220,97",,"4,93","3,844","5,214","6,1436",
2022-05-20,,"69,37",,"29,61","500,7","29200,74","8,7154","7,74","63,35","108,908","105,2721","160,7561","35,04","14,1475",,"49,02","22,1801","208,89","101,05","60,98","193,54","252,56","16,694","288,68","110,23","20,95","389,63","40,8","221,3","90,78","116,12","81,26","145,68","165,56","97,97","95,7662",108488,"3901,36",,"8222,31",,,,,,
2022-05-21,,,,,,"29432,23",,,,,,,,,,,,,,,,,,,,,,,,,,,,,,,,,,,,,,,,
2022-05-22,,,,,,"30323,72",,,,,,,,,,,,,,,,,,,,,,,,,,,,,,,,,,,,,,,,
2022-05-23,,"69,77",,"30,26",521,"29098,91","8,9846",,"64,1","111,488","105,7319","160,4599","35,23","14,3875",,"50,08","22,7538","209,69","101,42","62,86","196,23","260,65","16,898","293,48","110,23","20,95","396,92","40,89","224,9667","91,5","123,62","82,92","147,82","166,71","100,14","95,5097",110346,"3973,75",,"8375,87",,"4,8135","3,7622","5,1401","6,0459",
2022-05-24,,"68,27",,"29,77","509,2","29655,59","9,1846","7,79","63,63","105,97","105,522","160,0649","35,48","14,1275",,"50,07","23,098","209,95","100,98","64,02","181,28","259,62","16,154","287,24","110,27","21,28","393,89","41,85","209,3867","88,72","122,69","84,04","145,44","166,62","98,2","95,5097",110581,"3941,48",,"8307,97",,"4,8178","3,7564","5,1694","6,035",
2022-05-25,,"68,59",,"30,11","507,2","29562,36","9,2615","7,84","63,74","105,805","105,2721","160,0748","35,26","14,35",,"49,93","22,6831","210,2","101,19","64,07","183,83","262,52","16,975","291,26","110,27","21,2","397,37","41,56","219,6","90,41","122,08","84,3","147,78","170,98","99,44","95,2828",110580,"3978,73",,"8386,62",,"4,8228","3,7604","5,1519","6,0703",
2022-05-26,,"69,69",,"30,82",517,"29267,22","9,0231","7,83","64,18","107,7925","104,5522","161,6942","35,2","14,8725",,"50,61","22,9656","211,75","101,28","64,3","191,63","265,9","17,851","299,33","110,28","21,17","405,31","40,41","235,91",91,"123,28","84,25","151,34","172,71","101,26","94,967",111890,"4057,84",,"8553,68",,"4,7682","3,7317","5,1156","6,016",
2022-05-27,,"70,57",,"31,15","541,3","28627,57","8,8769","7,82","64,58","112,3165","104,7922","163,0371","35,23","15,2975",,"51,21","23,0891",216,"101,55","64,68","195,13","273,24","18,811","309,1","110,27","21,25","415,26","40,01","253,21","93,77","125,78","85,72","152,24","176,32","103,02","95,7564",111942,"4158,24",,"8766,83",,,,,,
2022-05-28,,,,,,"28814,9",,,,,,,,,,,,,,,,,,,,,,,,,,,,,,,,,,,,,,,,
2022-05-29,,,,,,"29445,96",,,,,,,,,,,,,,,,,,,,,,,,,,,,,,,,,,,,,,,,
2022-05-30,,,,,"556,1","31726,39","8,6308","7,89",,,"105,472","162,2867",,,,,"22,8773","216,39","101,49",,,,,,,,,"40,03",,,,"86,65","153,96",,"104,5","97,4732",111032,,,,,"4,7524","3,7534","5,1176","6,0102",
2022-05-31,,"71,69",,"30,84",536,"31792,31","8,9615","7,49","64,47","113,762","105,9919","163,0272","34,87","15,385",,"51,06","23,0891","214,5","102,5","63,38","193,64","271,87","18,672","308,28","110,24","20,7","412,93","40,38","252,7533","95,3","124,53","86,21","154,68","174,55","103,08","96,9009",111351,"4132,15",,"8712,6",,"4,7304","3,7411","5,0766","5,9656",
2022-06-01,,"71,11",,"30,41","530,4","29799,08","8,7692","7,54","65,41","113,892","104,5223","160,5488","35,09","15,01",,"50,3","22,7538","216,25","100,95","63,07","188,64","272,42","18,32",306,"110,17",21,"409,59","40,19","246,79","94,75","124,63","88,24","157,8","174,37","102,22","95,1742",111360,"4101,23",,"8648,28",,"4,8155","3,8005","5,1274","6,0113",
2022-06-02,,"72,49",,"31,54","535,1","30467,49","8,9154","7,95","65,89","117,6225","104,6322","160,0353","35,52","15,2925",,"51,45","22,8508","219,35","100,59","63,73","198,86","274,58","19,592","314,38","110,17","21,46","417,39","40,77","258,3333","96,34","129,05","89,9","158,96","180,33",,"96,743",112393,"4176,82",,"8809,18",,"4,7957","3,8049","5,143","6,0324",
2022-06-03,,"71,14",,"30,95","525,5","29704,39","8,8077","7,7","65,12","114,541","103,9724","160,8252","35,15","15,03",,"50,77","22,639","215,35","100,79","62,97","190,78","270,02","18,72","306,2","110,19","21,11","410,54","41,27","234,5167","93,77","126,97","88,46","156,68","177,7",,"96,8614",111102,"4108,54",,"8665,8",,,,,,
2022-06-04,,,,,,"29832,91",,,,,,,,,,,,,,,,,,,,,,,,,,,,,,,,,,,,,,,,
2022-06-05,,,,,,"29906,66",,,,,,,,,,,,,,,,,,,,,,,,,,,,,,,,,,,,,,,,
2022-06-06,,"71,86",,"30,75","538,5","31370,67","8,7231","7,72","65,93","116,8205","103,8724","160,3611","34,98","15,16",,"51,01","22,5596","216,75","100,5","62,87","194,25","268,75","18,786","307,22","110,17","21,25","411,79","40,93","238,28","93,11","126,99","88,55","158,6","177,76","103,46","97,1278",110186,"4121,43",,"8693,06",,"4,7942","3,8083","5,1227","6,0043",
2022-06-07,,"72,21",,"30,92","532,1","31155,48","8,6231","7,68","66,72","117,1495","103,6725","160,4105","35,21","15,145",,"51,12","22,5596",222,"100,56","63,25","195,65","272,5","18,926","309,87","110,17","21,41","415,74","40,4","238,8867","93,84","131,65","90,62","157,66","179,08","103,08","97,9369",110070,"4160,68",,"8776,09",,"4,8675","3,8824","5,2065","6,1237",
2022-06-08,,"72,8",,"30,77","535,9","30214,36","8,5769","7,6","66,52","117,194","103,9624","160,292","35,2","14,7225",,"50,41","22,1271","220,9","101,6","62,89","196,64","270,41","18,648","307,64","110,16","21,21","411,22","40,48","241,8667","93,47","131,4","87,5","159,8","177,21","103,74","97,6804",108368,"4115,77",,"8681,68",,"4,8981","3,9007","5,2476","6,1387",
2022-06-09,,"70,73",,"29,08","520,7",30112,"8,5154","7,38","66,12","114,8355","103,8224","159,6699","35,09","14,4625",,"48,03","21,7476",218,"101,6","61,8",184,"264,79","18,048","299,4","110,15","20,84","401,44","40,52","239,7067","90,85","129,23","84,54","157,2","173,61","102,1","97,335",107094,"4017,82",,"8475,91",,"4,9033","3,8588","5,2056","6,1255",
2022-06-10,,"70,13",,"28,23","495,1","29083,8","8,4","7,79","64,93","111,1615","103,9724","160,9635","35,56","14,115",,"46,72","21,271","212,75","101,6","61,41","175,57","252,99","16,974","288,84","110,1","21,06","389,8","40,34","232,23","88,68","127,95","84,56","152,28","169,1","97,94","96,003",105481,"3900,86",,"8229,43",,,,,,
2022-06-11,,,,,,"28360,81",,,,,,,,,,,,,,,,,,,,,,,,,,,,,,,,,,,,,,,,
2022-06-12,,,,,,"26762,65",,,,,,,,,,,,,,,,,,,,,,,,,,,,,,,,,,,,,,,,
2022-06-13,,"67,81",,"26,14","473,1","22487,39","8,2769","7,37","63,71","106,3925","104,0124","159,9662","34,62","13,6075",,"45,12","21,015",210,"101,48","61,34","164,26","242,26","15,647","275,41","110,01","20,35",375,"40,46","215,7367","85,55","123,19","81,88","145,18","162,67","94,91","94,8684",102598,"3749,63",,"7910,43",,"5,1134","3,9643","5,3229","6,2099",
2022-06-14,,"68,87",,"25,94","471,2","22206,79","8,3385","7,18","63,79","106,7155","103,8724","161,0622","34,34","13,8975",,"44,5","20,8738","209,75","100,7","59,23","163,73","244,49","15,836","275,91","109,96","20,2","373,87","40,39","220,89","87,19","121,41","81,72","144,16","161,18","94,3","96,1313",102063,"3735,48",,"7883,34",,"5,1161","3,9484","5,3365","6,1432",
2022-06-15,,"69,62",,"27,03","482,35","22572,84","8,4","7,23","63,68","109,7645","103,8724","161,3288","34,8","14,1375",,"45,53","20,962",209,"101,09","59,67","169,35","251,76","16,527","282,8","110,01","20,83","379,2","40,4",233,"89,13","126,16","81,67","147,06","163,88","94,85","96,4273",102807,"3789,99",,"7998,62",,"5,052","3,9219","5,2797","6,1463",
2022-06-16,,"67,56",,"25,69","448,85","20381,65",,"7,47","62,26","106,0335",,,"35,19","13,7675",,"44,43",,,,"59,07","160,87","244,97","15,601","271,39","110,01","21,11","366,65",,"213,1","84,52","124,9",,"142,8","156,51","92,76",,,"3666,77",,"7739,39",,"5,0522","3,8984","5,3259","6,2411",
2022-06-17,,"67,96",,"25,83","449,15","20471,48","8,2615","7,18","62,76","107,1435","104,2723","154,9401","34,89","13,9725",,"44,4","20,6973","207,5","100,9","59,43","163,74","247,65","15,88","274,69","110,01","20,85","365,86","40,02","216,76",85,"125,81","77,41","141,66","157,54","92,72","95,6084",99825,"3674,84",,"7756,59",,,,,,
2022-06-18,,,,,,"19017,64",,,,,,,,,,,,,,,,,,,,,,,,,,,,,,,,,,,,,,,,
2022-06-19,,,,,,"20553,27",,,,,,,,,,,,,,,,,,,,,,,,,,,,,,,,,,,,,,,,
2022-06-20,,,,,"457,25","20599,54","8,2769","7,07",,,"103,9624","159,7687",,,,,"21,5975",211,"101,35",,,,,,,,,"40,19",,,,"75,5","143,8",,"93,68","95,115",99853,,,,,"5,1872","3,995","5,4547","6,3492",
2022-06-21,,"69,2",,"26,21","469,75","20710,6","8,1923","7,37","64,01","111,544","104,4223","160,7166","34,76","14,435",,"45,09","21,368","212,5","101,3","60,7","157,05","253,74","16,566","281,08","110,02","20,82","375,07","39,8","237,0367","86,95","128,78",76,"146,48","160,68","94,96","95,3913",99685,"3764,79",,"7946,89",,"5,1228","3,9601","5,3942","6,2775",
2022-06-22,,"67,94",,"26,26","465,2","19987,03","8,2154","7,19","63,38","111,4875","103,9724","160,9536","34,92","14,2425",,"44,83","21,2092","213,55","101,4","61,15","155,85","253,13","16,36","280,67","110,06","20,61","374,39","39,69","236,0867","84,91","128,6","75,35","144,4","157,77","94,84","95,0262",99522,"3759,89",,"7936,67",,"5,1936","4,006","5,484","6,3628",
2022-06-23,,"68,43",,"25,83","460,4","21085,88","8,1769","6,76","62,82","112,242","104,3723","160,3908","34,68","14,1575",,"44,58","20,7237","217,65","101,3","61,88","158,75","258,86","16,225","284,85","110,07","20,22","378,06","39,22","235,07","84,12","130,05","72,6","139,06","163,89","94,45","94,9177",98080,"3795,73",,"8012,68",,"5,238","4,0309","5,5072","6,4218",
2022-06-24,,"70,1",,"26,43","484,85","21231,66","8,1692","6,95","63,35","117,975","104,3723","160,529","34,66","14,5775",,"46,05","20,6884","225,5","101,2","63,04","170,16","267,7","17,126","294,61","110,06","20,34","390,08",39,"245,7067","85,92","133,62","74,62","139,18","169,27","96,88","94,4145",98672,"3911,74",,"8257,72",,,,,,
2022-06-25,,,,,,"21502,34",,,,,,,,,,,,,,,,,,,,,,,,,,,,,,,,,,,,,,,,
2022-06-26,,,,,,"21027,29",,,,,,,,,,,,,,,,,,,,,,,,,,,,,,,,,,,,,,,,
2022-06-27,,"70,02",,"26,43","483,7","20735,48","8,1923","6,98","62,93","115,8335","104,1723","160,7561","34,63","14,5325",,"45,96","20,812","223,7","101,08","62,91","169,49","264,89","16,869","292,45",110,"20,34","388,59","39,09","244,92","85,86","129,21","78,05","138,88","168,85","97,72","94,4638",100764,"3900,11",,"8233,42",,"5,2368","4,0672","5,5385","6,4241",
2022-06-28,,"69,62",,"25,94","472,85","20280,63","8,1615","6,71","63,33","112,0075","103,9724","160,2723","34,56","14,375",,"45,51","20,5825","220,5","101,67","62,28","160,68","256,48","15,982","283,54","110,05","20,02","380,65","39,33","232,6633","84,34","126,18","79,45","140,82","164,26","97,03","94,1777",100591,"3821,55",,"8067,56",,"5,2666","4,0893","5,54","6,4144",
2022-06-29,,"69,37",,"25,27","465,2","20104,02","7,9923","6,54",63,"111,7015","105,452","160,9536","34,55","14,2525",,"45,23","20,3707","217,5","101,85","62,73","163,94","260,26","15,542","283,8","110,07","19,97","380,34","38,58","228,49","83,65","125,53","78,79","134,46","166,26","95,72","93,7732",99622,"3818,83",,"8062,72",,"5,1809","4,0186","5,4098","6,2844",
2022-06-30,,"69,2",,"24,8","455,85","19784,73","7,9846","6,41","62,43","108,963","105,452","162,3558","34,31","13,7525",,"44,96","20,0088","216,7","101,96","62,91","161,25","256,83","15,159","280,28","110,1","19,47","377,25","38,62","224,4733","81,75","122,53","76,56","127,42","167,33","94,64","93,4377",98542,"3785,38",,"7993,43",,"5,252","4,0785","5,5015","6,3867",
2022-07-01,,"68,69",,"25,32","431,25","19269,37","8,0615",,"62,59","108,7375","103,9124","158,7713","34,3","13,9525",,"44,97","20,1677",227,"100,4","64,38","160,03","259,58","14,523","282,13","110,02","19,11","381,24","39,28","227,2633",77,"124,86","75,1","127,48","170,81","94,65","92,8654",98954,"3825,33",,"8077,89",,,,,,
2022-07-02,,,,,,"19242,26",,,,,,,,,,,,,,,,,,,,,,,,,,,,,,,,,,,,,,,,
2022-07-03,,,,,,"19297,08",,,,,,,,,,,,,,,,,,,,,,,,,,,,,,,,,,,,,,,,
2022-07-04,,,,,"428,5","20231,26","7,9615","6,49",,,"103,9324","159,3737",,,,,"19,9735","222,99","100,7",,,,,,,,,"38,65",,,,"74,67",127,,"95,21","91,7604",98609,,,,,"5,3283","4,1436","5,5563","6,4475",
2022-07-05,,"68,37",,"24,98",409,"20190,12","7,7923","6,18","62,34","113,263","103,4825","159,8575","33,58","14,185",,"43,71","20,1147","226,5","100,94","63,28","168,19","262,85","14,964","286,96","110,03","18,49","381,96","38,47","233,0667","76,11","127,04","74,3","120,8","172,3","93,32","91,1387",98295,"3831,39",,"8092,15",,"5,3852","4,129","5,5214","6,433",
2022-07-06,,"67,86",,"24,81","421,5","20548,25","7,7692","5,98","62,01","114,572","103,7225","159,5909","33,05","13,9275",,"43,8","19,9294","228,16","100,8","63,41","169,77","266,21","15,13","288,8","110,04","18,5","383,25","38,74","231,7333","75,56","125,62",75,"120,64","176,06","94,44","91,0894",98719,"3845,08",,"8121,21",,"5,428","4,1617","5,5266","6,4641",
2022-07-07,,"69,28",,"25,24","440,8","21637,59","7,9077","6,14","62,9","118,783","103,9724","159,8674","33,07","14,22",,"44,45","20,2118","228,55","101,36","62,91","172,19","268,4","15,858","294,98","110,04","18,52","388,99","39,18","244,5433","80,65","126,82","77,18","126,96","178,62","96,33","90,2803",100730,"3902,62",,"8243,69",,"5,3382","4,1143","5,4251","6,4206",
2022-07-08,,"69,21",,"25,14","446,15","21731,12","7,9077","6,04","63,46","119,3535","104,2723","159,9662","33,09","14,065",,"44,5","20,2207","225,2","101,29","63,14","170,88","267,66","15,838","295,35","110,02","18,58","388,67","39,08","250,7633","81,51","124,93","75,4","134,46","178,63","97,01","90,9217",100289,"3899,38",,"8237,5",,,,,,
2022-07-09,,,,,,"21592,21",,,,,,,,,,,,,,,,,,,,,,,,,,,,,,,,,,,,,,,,
2022-07-10,,,,,,"20860,45",,,,,,,,,,,,,,,,,,,,,,,,,,,,,,,,,,,,,,,,
2022-07-11,,"67,24",,"24,22",438,"19970,56","7,8923","6,01","63,2","115,6765","103,9224","160,4105","32,88","13,5225",,"43,79","19,8941",227,"101,25","62,94","162,88","264,51","15,152","289,04",110,"18,36","384,23","39,11","234,3433","79,11","122,7","72,83","130,28","175,84","95,38","91,4643",98212,"3854,43",,"8142,68",,"5,3772","4,1353","5,3998","6,3997",
2022-07-12,,"67,05",,"23,95","434,7","19323,91","7,9462","5,86","62,89","114,0205","103,6725","160,6574","32,77","13,535",,"43,79","19,85","227,85","101,4","62,67","163,27","253,67","15,082","286,24","109,99","18,2","380,83","39,17","233,07","79,1","121,99","73,05","130,62","174,43","95,43","91,5531",98271,"3818,8",,"8067,56",,"5,4365","4,1704","5,4506","6,4575",
2022-07-13,,"66,96",,"24,2","441,75","20212,07","8,0077","5,93","62,8","111,3535","102,9727","160,1538","32,94","13,58",,"43,73","19,7705","225,24","101,55","62,38","163,49","252,72","15,164","285,65","109,97","18,43","378,83","39,09","237,04","81,29","121,14","72,8","128,34","175,27","94,21","91,4052",97881,"3801,78",,"8031,76",,"5,3909","4,1458","5,4075","6,3957",
2022-07-14,,"66,53",,"23,53",443,"20569,92","8,1","5,89","62,84","110,3675","102,9627","161,1215","32,45","13,3475",,"43,03","19,5499","225,75","101,5","62,18","158,05","254,08","15,372","286,67",110,"17,71","377,91","39,57","238,3133","83,67","122,74","67,95","126,3","173,99","92,8","92,2241",96121,"3790,38",,"8008,71",,"5,4228","4,1345","5,4329","6,4201",
2022-07-15,,"66,74",,"24,17","465,4","20836,33","8,0385","5,81","63,44","111,7775","103,4725","161,4868","32,4","13,7025",,"43,89","19,9029","228,85","101,42","62,5","164,7","256,72","15,762","291,87","110,01","17,93","385,13","39,6","240,0667","85,63","123,85","68,37","132,24","177,48","94,98","91,9577",96551,"3863,16",,"8162,5",,,,,,
2022-07-16,,,,,,"21190,32",,,,,,,,,,,,,,,,,,,,,,,,,,,,,,,,,,,,,,,,
2022-07-17,,,,,,"20779,34",,,,,,,,,,,,,,,,,,,,,,,,,,,,,,,,,,,,,,,,
2022-07-18,,"67,15",,"24,48","476,2","22485,69","7,9615","5,91","63,3","109,03","102,9527","162,8297","32,42","13,79",,"44,16","20,1677","228,5","101,79","61,65","167,23","254,25","16,101","289,4",110,"17,96","381,95","39,47","240,5467","83,58","123,65","68,73","135,96","175,63","96,16","91,7505",96916,"3830,85",,"8094,23",,"5,4368","4,1861","5,514","6,496",
2022-07-19,,"68,2",,"24,85","484,8","23389,43","7,9923","6,07","64,33","113,81","103,1526","163,0667","32,51","14,315",,"45,58","20,8473","233,9","101,78","62,53","175,78","259,53","16,992","298,3",110,"18,04","392,27","39,27","245,53","86,15","126,97","68,88","141,22","181,82","96,93","91,7406",98245,"3936,69",,"8318,2",,"5,4131","4,2026","5,5347","6,4893",
2022-07-20,,"67,81",,"25,07","501,2","23231,73","8,0308","5,81","64,44","113,9","103,9724","163,284","32,21","14,16",,"45,08","20,5825","237,15",102,"61,5","183,09","262,27","17,807","303,03","110,01","17,95","394,77","39,47","247,5","86,56","130,01","67,39","139,62","183,58","97,81","92,9049",98287,"3959,9",,"8367,37",,"5,4702","4,2444","5,568","6,5402",
2022-07-21,,"68,48",,"24,88",527,"23164,63","8,0846",6,"64,81","114,34","102,9727","162,494","32,66","14,21",,"45,64","20,7502","240,13","101,95","61,36","183,17","264,84","18,05","307,38","110,04","18,15","398,79","39,65","271,7067","87,79","132,27","68,57","135,88","186,76","98,01","93,6844",99033,"3998,95",,"8450,64",,"5,4978","4,2669","5,6168","6,5948",
2022-07-22,,"67,61",,"24,68","522,5","22714,98","8,1923",6,"64,24","107,9","103,4125","163,9949","32,75","14,11",,"45,48","20,5296","238,84","101,84","61,59","169,27","260,36","17,319","301,99","110,06","17,87","395,09","40,25","272,2433","86,32","130,41","69,21","134,32","185,3","98,07","93,7041",98925,"3961,63",,"8371,87",,,,,,
2022-07-23,,,,,,"22465,48",,,,,,,,,,,,,,,,,,,,,,,,,,,,,,,,,,,,,,,,
2022-07-24,,,,,,"22609,16",,,,,,,,,,,,,,,,,,,,,,,,,,,,,,,,,,,,,,,,
2022-07-25,,"67,91",,"25,29","528,3","21361,7","8,3231","5,96","64,79","107,51","103,9424","165,1305","32,65","14,27",,"45,89","20,8297","233,75",102,"62,19","166,65","258,83","17,024","300,27","110,04","17,73","395,57","40,62","268,4333","86,3","130,77","70,49","132,64","181,44","98,08","94,6217",100270,"3966,84",,"8382,88",,"5,3563","4,1659","5,4731","6,4475",
2022-07-26,,"67,31",,"24,94","514,9","21239,75","8,2308","6,12","64,2","105,02","103,5625","163,9061","32,61","14,0525",,"45,2","20,7149","230,5","102,01","63,21","159,15","251,9","16,533","294,37","110,06","17,9","390,89","40,41","258,86","84,42","131,1","70,36","130,42","177,28","97,04","94,0988",99772,"3921,05",,"8286,19",,"5,3501","4,1539","5,417","6,435",
2022-07-27,,"68,52",,"26,24","528,9","22930,55","8,6615","6,23","65,28","113,06","103,5425","165,4465","32,95","14,3675",,"46,26","20,7855","231,65","102,27","63,01","169,58","268,74","17,79","306,81","110,08","18,35","401,04","40,45","274,82","87,63","130,58","70,52","130,8","181,39","98,07","93,6844",101438,"4023,61",,"8503,02",,"5,243","4,0888","5,3477","6,3694",
2022-07-28,,"68,55",,"27,21","545,4","23843,89","8,6154","6,38","64,56","114,22","103,0826","166,2661","33,35","14,56",,"46,54","20,9179","230,8","102,49","64,06","160,72","276,41","17,984","309,81","110,11","19,21","406,07","40,59","280,9","88,61","130,35","70,69","135,6","182,54","99,59","94,0198",102597,"4072,43",,"8607,24",,"5,1827","4,0453","5,2797","6,3052",
2022-07-29,,68,,"27,81","555,4","23804,63","8,6462","6,19","64,82","116,32","103,3926","166,5228","33,45","14,6725",,"47,28","20,8473","234,5","102,46","64,17","159,1","280,74","18,163","315,46","110,12","19,49","411,99","40,46","297,15","88,48","132,73","69,75","137,3","189,16","100,66","94,3553",103165,"4130,29",,"8730,46",,,,,,
2022-07-30,,,,,,"23656,21",,,,,,,,,,,,,,,,,,,,,,,,,,,,,,,,,,,,,,,,
2022-07-31,,,,,,"23336,9",,,,,,,,,,,,,,,,,,,,,,,,,,,,,,,,,,,,,,,,
2022-08-01,,"67,41",,"27,58",565,"23314,2","8,5846",,"64,77","114,86","102,7727","164,222","33,63","14,08",,"47,16","20,7149","233,95","101,19","64,52","159,93","278,01","18,441","315,27","109,97","19,57","410,77","40,85","297,2767","86,31","127,56","68,08","138,62","193,12","101,5","91,3657",102225,"4118,63",,"8705,87",,"5,184","4,0344","5,317","6,3516",
2022-08-02,,"67,05",,"27,61","552,7","22978,12","8,7","6,45","64,08","115,13","102,7827","164,2813","33,42","14,4325",,"46,43","20,9356",237,"101,12","63,64","160,19","274,82","18,526","314,33","109,96","19,2","408,06","41,27","300,5867","86,05","126,66","70,25","141,52","193,11","100,9","92,1451",103362,"4091,19",,"8647,91",,"5,2777","4,0944","5,3572","6,402",
2022-08-03,,"67,66",,"28,33","570,6","22846,51","8,7231","6,23","64,34","118,08","102,9427","164,6071","33,52","14,8025",,"46,87","21,0856","240,55","100,83","63,92","168,8","282,47","18,893","322,89","109,99","19,31","414,45","41,27","307,3967","86,51","129,81","67,52","144,48","195,54","101,16","94,01",103775,"4155,17",,"8783,28",,"5,2827","4,1076","5,3629","6,4124",
2022-08-04,,"68,25",,"29,57","576,2","22630,96","8,9769","6,5","63,6","118,19","102,9027","165,4267","34,05","15,2375",,"47,26","21,5975","237,7","101,75","63,67","170,57","283,65","19,215","324,4",110,"19,43","414,17","41,82","308,6333","88,42","127,39","67,13","143,6","197,2","101,64","94,7204",105892,"4151,94",,"8777,23",,"5,2111","4,047","5,3371","6,3355",
2022-08-05,,"68,16",,"29,78","559,4","23289,31",9,"6,51","64,3","117,47","103,0326","165,9797","33,68","15,355",,"46,8","22,0035",235,"101,27","63,38","167,11","282,91","18,989","321,75","109,98","19,12","413,47","42,16","288,17","89,77","127,16",68,"143,44","198,7","100,94","95,5294",106472,"4145,19",,"8764,08",,,,,,
2022-08-06,,,,,,"22961,28",,,,,,,,,,,,,,,,,,,,,,,,,,,,,,,,,,,,,,,,
2022-08-07,,,,,,"23175,89",,,,,,,,,,,,,,,,,,,,,,,,,,,,,,,,,,,,,,,,
2022-08-08,,"67,94",,"30,45","560,6","23809,49","9,1692","6,71","64,45","117,3","102,8227","165,881","33,97","15,3075",,"46,9","22,2771","232,19","101,79","62,97","170,25","280,32","17,793","320,71","109,98","19,84","412,99","42,59","290,4233","87,94","125,51","68,58","145,7","197,65","102,18","97,6804",108402,"4140,06",,"8753,39",,"5,1101","3,9731","5,2092","6,1747",
2022-08-09,,"67,66",,"29,68","530,4","23164,32","9,3692","6,7","63,91","116,63","102,6727","166,8289","34,07","15,24",,"46,69","22,8597","232,57","101,67","63,05","168,53","282,3","17,086","317,08","109,98","19,75","411,35","43,1","283,3333","85,21","120,76",70,"142,86","196,24","101,18","97,187",108651,"4122,47",,"8716,75",,"5,1237","3,974","5,2281","6,1805",
2022-08-10,,"68,3",,"30,37","544,1","23947,64","9,4","6,7","64,64","119,7","102,5728","167,5695","34,01","15,535",,"47,75","23,2833","234,89","101,21","63,65","178,34","289,16","18,097","325,93","110,01","19,78","419,99","43,15","294,3567","88,67","123,79","70,05","145,92","199,85","103,2","97,9369",110236,"4210,24",,"8902,72",,"5,0937","3,9847","5,2444","6,2213",
2022-08-11,,"68,67",,"30,4","548,8","23957,53","9,3769","6,67","64,88","118,84","103,1626","167,9941","33,9","15,885",,"47,7","23,3186","238,79","100,99","63,22","177,49","287,02","17,942","324,08","110,03","19,5","419,99","42,15","286,63","89,52","120,67","72,49","146,94","197,28","103,82","98,0257",109718,"4207,27",,"8898,84",,"5,157","4,0389","5,3213","6,2854",
2022-08-12,,"69,22",,"31,25","553,2","24402,82","9,5538","6,86","65,73","121,68","103,1726","169,2481","34,21","16,2975",,"47,98","23,6011","238,34","101,05","63,7","180,5","291,91","18,709","330,39","110,04","20,02","427,1","42,66","300,03","90,86","123,14","69,8","148,32","202,09","103,88","98,2625",112764,"4280,15",,"9054,14",,,,,,
2022-08-13,,,,,,"24424,07",,,,,,,,,,,,,,,,,,,,,,,,,,,,,,,,,,,,,,,,
2022-08-14,,,,,,"24319,33",,,,,,,,,,,,,,,,,,,,,,,,,,,,,,,,,,,,,,,,
2022-08-15,,"68,87",,"31,31","560,2","24136,97","9,4692","6,63","65,7","122,08","103,1026","170,6009","33,78","16,3825",,"47,51","23,8041",241,"101,48","64,5","180,89","293,47","19,032","333,06","110,04","19,5","428,86","43,38","309,32","91,57","127,39","68,3","150,02","204,33","104,28","98,4302",113032,"4297,14",,"9090,36",,"5,0956","3,9465","5,1755","6,1433",
2022-08-16,,"68,83",,"31,01","557,5","23883,29","9,5","6,6","65,73","121,7","103,0027","169,7419","33,71","16,4525",,"47,57","24,0777","243,19","101,92","65,03","179,47","292,71","18,879","332,28","110,05","19,36","429,7","41,4","306,5633","89,95","136,59","69,82","150,6",204,"104,7","98,3316",113512,"4305,2",,"9107,87",,"5,1417","4,0027","5,2292","6,2248",
2022-08-17,,"68,48",,"30,38","543,9",23336,"10,0385","6,45","66,14","119,55","102,8727","169,7024","33,5","16,295",,"47,1","24,1395","242,55","101,64","64,88","174,85","291,32","18,335","328,49","110,05","19,05","426,65","42,04","303,9967","89,2",133,"68,23",147,"204,78","103,76","100,4825",113708,"4274,04",,"9043,59",,"5,165","3,9961","5,2539","6,2203",
2022-08-18,,"68,08",,"30,43","557,2","23212,74","9,8923","6,5","66,33","120,17","103,1426","170,1368","33,41","15,9875",,"46,87","24,0688","243,5","101,96","65,22","174,66","290,17","18,773","329,28","110,08","18,8","427,89","41,9","302,87","89,27","130,47","67,72","148,92","206,47","104,1","101,8244",113813,"4283,74",,"9065,49",,"5,167","3,9883","5,2115","6,1655",
2022-08-19,,"67,23",,"29,24","545,1","20877,55","9,8615","6,33","65,84","117,21","102,8627","169,811","33,15","15,6725",,"46,21","23,5128","240,15","102,01","65,17","167,96","286,15","17,849","322,86","110,09","18,31","422,14","41,5","296,6667","87,2","127,74","66,96","145,76","201,47","102,58","101,6271",111496,"4228,48",,"8948,82",,,,,,
2022-08-20,,,,,,"21166,06",,,,,,,,,,,,,,,,,,,,,,,,,,,,,,,,,,,,,,,,
2022-08-21,,,,,,"21534,12",,,,,,,,,,,,,,,,,,,,,,,,,,,,,,,,,,,,,,,,
2022-08-22,,"66,74",,"29,25","525,6","21398,91","9,8462","6,31","65,55","114,24","103,9024","168,3594","32,93","15,615",,"45,18","23,248","235,1",102,"64,2","163,05","277,75","17,034","314,36","110,09","18,26","413,35","41,46","289,9133","85,24","125,32","65,98","139,4","196,01","101,06","101,6172",110501,"4137,99",,"8758,24",,"5,1561","3,9488","5,1216","6,0651",
2022-08-23,,"66,94",,"29,94","526,4","21528,09","9,8923","6,39","65,49","113,86","103,9724","167,0165","33,18","15,4975",,"45,18","23,3098","231,41","102,16","64,27","161,11","276,44","17,181","314,1","110,1","18,38","412,35","41,34","296,4533","86,03","124,36","70,21",142,"194,18","100,79","100,4726",112857,"4128,73",,"8738,76",,"5,1035","3,9363","5,0842","6,0368",
2022-08-24,,"66,98",,"30,65","530,8","21395,02","9,8846","6,42","65,72","113,69","103,7625","165,5946","33,27","15,6475",,"45,28","23,4069","232,7","102,59","64,36","163,26","275,79","17,222","315,01","110,09","18,39","413,67","40,92","297,0967","85,56","123,3","67,95","141,38","193,38","101,14","100,9068",112898,"4140,77",,"8764,42",,"5,1101","3,9378","5,091","6,0205",
2022-08-25,,"68,55",,"31,4","532,2","21600,9","9,7154","6,46","66,14","116,65","103,8024","164,9725","33,38","15,9",,"45,71","23,6981","235,51","102,35","64,67","168,78","278,85","17,913","320,58","110,11","18,49","419,51","40,37","296,07","87,57","125,48","69,27","141,88","194,61","101,6","100,5417",113532,"4199,12",,"8888,13",,"5,1087","3,9471","5,0914","6,035",
2022-08-26,,"67,44",,"30,79","521,4","20260,02","9,4769","6,23","65,26","110,34","104,0724","165,5946","32,98","15,4025",,"44,34","23,5569",226,"102,65","63,11","161,78","268,09","16,26","307,44","110,12","18,12","405,31","40,24","288,09","84,74","127,47","68,23","140,94","187,51","100,5","100,9364",112299,"4057,66",,"8588,95",,,,,,
2022-08-27,,,,,,"20041,74",,,,,,,,,,,,,,,,,,,,,,,,,,,,,,,,,,,,,,,,
2022-08-28,,,,,,"19616,81",,,,,,,,,,,,,,,,,,,,,,,,,,,,,,,,,,,,,,,,
2022-08-29,,"66,94",,"31,2","503,3","20297,99","9,4231","6,03","65,43","109,42","103,9724","167,3621","32,99","15,2775",,"44,41","23,4775",223,"102,66","62,73","159,17","265,23","15,801","304,41","110,11","18,05","402,63","40,72","284,82","82,85","122,9","66,91","142,6","184,08",,"102,3079",112323,"4030,61",,"8532,1",,"5,0272","3,8646","5,0298","5,8858",
2022-08-30,,"66,34",,"30,37","490,4","19796,81","9,1538","5,93","65,35","108,94","103,9724","168,4286","32,71","15,185",,"44,07","23,3716","223,85","102,56","62,15","157,16","262,97","15,468","301,02","110,13","17,71","398,21","40,71","277,7","82,79","123,04","64,97","145,9","181,75","98,13","102,6137",110431,"3986,16",,"8438,69",,"5,1219","3,9109","5,1318","5,9721",
2022-08-31,,"66,96",,"29,85","484,65","20049,76","9,3077","5,98","64,97","108,22","104,0224","170,3245","32,46","15,3975",,"43,73","22,7802",226,103,"61,71","162,93","261,47","15,094","299,27","110,13","17,3","395,18","41,68","275,61","83,35","122,56","64,5","142,14","182,22","97,77","103,6695",109523,3955,,"8374,42",,"5,1817","3,9406","5,199","6,006",
2022-09-01,,"66,4",,"29,85",467,"20127,14","9,3231","5,72","64,73","109,74","103,4725","167,8657","32,16","15,7225",,"43,01","23,1156","228,35","101,57",62,"165,36","260,4","13,937","299,4","109,97","17,09","396,42","42,26","277,16","81,64","120,72","63,89","139,62","182,43","95,94","101,2324",110405,"3966,85",,"8400,96",,"5,2404","3,9836","5,2136","6,0509",
2022-09-02,,"65,59",,"30,38","484,15","19969,77","9,3154","5,98","64,12","107,85","103,4725","167,372","32,47","15,455",,"42,76","23,4334","223,55","101,92","61,15","160,32","256,06","13,647","295,17","109,97","17,29","392,24","42,12","270,21","80,9","118,63","62,92","148,96","181,45","97,96","103,9951",110864,"3924,26",,"8311,42",,,,,,
2022-09-03,,,,,,"19832,09",,,,,,,,,,,,,,,,,,,,,,,,,,,,,,,,,,,,,,,,
2022-09-04,,,,,,"19986,71",,,,,,,,,,,,,,,,,,,,,,,,,,,,,,,,,,,,,,,,
2022-09-05,,,,,"477,2","19812,37","9,3154",,,,"103,9724","166,8783",,,,,"23,8129",223,"101,8",,,,,,,,,"42,26",,,,"65,22","143,5",,"96,36","104,2417",112203,,,,,"5,1539","3,9232","5,1249","5,9559",
2022-09-06,,"64,86",,"30,47","478,6","18837,67","9,1231","5,97","64,38","106,81","104,4723","167,1153","32,27","16,2175",,"42,9","23,5922",225,102,"61,18","158,54","253,25","13,465","293,05","109,98","17,25","390,76",42,"274,42","80,03","119,53","63,67","148,82","182,29","96,15","103,4228",109764,"3908,19",,"8277,81",,"5,2472","3,9878","5,192","6,0411",
2022-09-07,,"65,43",,"31,47","474,95","19290,32",,"6,17","64,53","109,45",,,"32,61","16,6075",,"43,5",,,,"62,31","160,39","258,09","13,714","298,97","109,98","17,76","397,78",,"283,7","79,95","120,58",,"148,72","186,53",96,,,"3979,87",,"8429,87",,"5,2467","3,9952","5,2427","6,0445",
2022-09-08,,"65,08",,"31,63",480,"19329,83","9,3615",6,"65,48","108,38","104,0924","166,582","32,4","16,7975",,"43,39","23,4245","229,5","101,9","62,12","162,06","258,52","13,99","300,52","109,98","17,79","400,38","41,72","289,26","80,24","120,58","64,51","146,12","187,33","97,38","102,8111",109916,"4006,18",,"8486,63",,"5,2133","3,9835","5,2155","6,0024",
2022-09-09,,"66,06",,"32,72","497,9","21381,15","9,3385","6,2",66,"110,65","103,9624","166,3944","32,58","17,2725",,"44,6","23,6099","230,2","101,99","62,32","169,15","264,46","14,387","307,09","109,98","18,06","406,6","41,5","299,68","81,53","127,78","69,55","146,98","190,56","98,85","104,6857",112300,"4067,36",,"8616,98",,,,,,
2022-09-10,,,,,,"21680,54",,,,,,,,,,,,,,,,,,,,,,,,,,,,,,,,,,,,,,,,
2022-09-11,,,,,,"21769,26",,,,,,,,,,,,,,,,,,,,,,,,,,,,,,,,,,,,,,,,
2022-09-12,,"66,87",,"33,14","499,8","22370,45","9,3","6,3","65,94","110,86","104,0124","165,2292","32,75","17,4475",,"45,43","23,9011",230,"101,9","62,5","168,96","266,65","14,505","310,74","109,98","18,98","410,97","41,49","304,42","82,15","129,54","70,16",152,"189,04","100,46","106,0671",113407,"4110,41",,"8708,17",,"5,092","3,9212","5,1552","5,9453",
2022-09-13,,"64,88",,"32,12","479,45","20296,71","9,0154","6,06","64,73","104,32","104,4","165,328","32,31","17,17",,"43,82","23,654","224,5","101,6","60,47","153,13","251,99","13,131","293,7","109,92","18,62","393,1","41,15","292,13","78,81","127,02","68,25","148,72","178,75","97,55","105,9585",110794,"3932,69",,"8331,9",,"5,1898","3,9403","5,1769","5,9708",
2022-09-14,,"65,14",,"32,52","478,75","20241,09","8,9385","6,04","65,13",105,"103,67","165,091","32,19","17,56",,"43,88","23,5658","224,75","101,45","60,79","151,47","252,22","13,128","296,03","109,92","18,79","394,6","41,08","302,61","79,66","128,16",67,"150,34","178,34","96,835","104,5871",110547,"3946,01",,"8362,4",,"5,1627","3,9214","5,1511","5,9524",
2022-09-15,,"64,51",,"31,63","467,45","19701,21","8,8538","5,67","64,87","102,91","104,39","164,8441","31,58","17,435",,"43,44","23,6275",225,"100,36","59,53","149,55","245,38","12,929","291,1","109,93","18,41","390,12","40,84","303,75","77,98","128,43","68,35","149,3","174,62","96,2","104,3503",109954,"3901,35",,"8268,6",,"5,2461","3,9583","5,2372","6,0024",
2022-09-16,,"63,9",,"31,04",465,"19772,58","8,7538","5,87","64,47","102,8","104,3","171,8155","31,75","16,93",,"43,06","23,5481","224,25","101,39","59,54","146,29","244,74","13,198","289,32","109,95","18,77","385,56","40,65","303,35","77,89","124,19","68,25","145,46","175,03","94,68","103,8172",109280,"3873,33",,"8209,35",,,,,,
2022-09-17,,,,,,"20127,58",,,,,,,,,,,,,,,,,,,,,,,,,,,,,,,,,,,,,,,,
2022-09-18,,,,,,"19419,51",,,,,,,,,,,,,,,,,,,,,,,,,,,,,,,,,,,,,,,,
2022-09-19,,"64,12",,"31,99","467,1","19544,13",9,"5,96","64,77","103,07","104,1","170,3541","31,78","17,205",,"43,17","24,4307","221,25","101,24","59,99","148,02","244,52","13,382","291,05","109,93","18,75","388,55","40,94","309,07","78,23","125,08","70,46",147,"176,27",,"103,144",111824,"3899,89",,"8265,73",,"5,1709","3,9014","5,1826","5,9156",
2022-09-20,,"63,69",,"31,18","465,6","18890,79","8,9769","5,83","64,54","101,14",104,"170,9268","31,61","16,8475",,"42,22","25,2427","218,25","101,35","59,9","146,09","242,45","13,176","288,73","109,95","18,5","384,09","41,3","308,73","78,15","121,69","69,45","146,9","174,73","94,58","103,441",112517,"3855,93",,"8172,64",,"5,1415","3,8447","5,1238","5,8445",
2022-09-21,,"62,59",,"30,69","471,75","18547,4","8,9385","5,89","64,07","99,28","104,6","169,8406","31,74","16,735",,"41,7","24,9779","215,35","101,25","59,4","142,12","238,95","13,261","283,56","109,95","18,86","377,39","41,66","300,8","77,14","117,92","68,45","147,94","176,72","94,6","102,7876",111936,"3789,93",,"8033,29",,"5,1704","3,8336","5,0812","5,814",
2022-09-22,,"62,04",,"30,3","447,25","19413,55","9,1769","5,84","63,9","100,14","105,9","169,8604","31,73","16,495",,"41,44","25,481","211,9","101,15","59,26","142,82","240,98","12,561","280,07","109,97","18,88","374,22","41,77","288,59","75,63","114,74","70,02","147,36","174,64","92,2","103,8964",114070,"3757,99",,"7965,96",,"5,1155","3,7934","5,0312","5,7571",
2022-09-23,,"60,7",,"28,66","442,15","19297,64","9,1077","5,59","63,31","98,74","104,51","169,5246","31,18","16,1625",,"39,81","24,9779","213,75","101,03","58,6","140,41","237,92","12,516","275,51","109,98","18,13","367,95","41,83","275,33","73,87","110,36","68,57","140,16","173,7","90,28","102,9064",111716,"3693,23",,"7828,87",,,,,,
2022-09-24,,,,,,"18937,01",,,,,,,,,,,,,,,,,,,,,,,,,,,,,,,,,,,,,,,,
2022-09-25,,,,,,"18802,1",,,,,,,,,,,,,,,,,,,,,,,,,,,,,,,,,,,,,,,,
2022-09-26,,"60,28",,"27,68","447,2","19222,67","9,1077","5,45","62,26","98,17","104,7","169,1099","30,82","15,955",,"39,13","24,4395","216,35","101,35","57,87","136,37","237,45","12,228","274,37","109,98","17,66","364,31","40,68","276,01","73,01","109,57","68,72","138,22","173,38","89,55","102,9163",109114,"3655,04",,"7747,93",,"5,3894","3,8307","5,1504","5,8005",
2022-09-27,,"60,02",,"27,91","449,8","19110,55","8,3231","5,47","61,99","97,5","104,5","168,7544","30,88","15,935",,"38,94","24,2983","215,55","101,38","56,38","134,4","236,41","12,413","274,48","109,97","17,63","363,38","39,95","282,94","73,03","109,9","67,7","136,74","172,53","89,37","102,8668",108376,"3647,29",,"7731,99",,"5,3781","3,9147","5,1579","5,7637",
2022-09-28,,"60,34",,"29,09","449,7","19426,72","8,2077","5,92","62,58","100,05","104,35","168,8038","31,52","16,315",,40,"24,2895",219,"101,46","56,98","141,61","241,07","12,736","279,94","110,01","18,18","370,53","39,29","287,81","72,13","114,19","68,34","137,9","177,29","89,73","102,8965",108451,"3719,04",,"7884,55",,"5,3742","3,9411","5,2158","5,8173",
2022-09-29,,"58,87",,"28,68","431,9","19573,05","8,1154","5,97","62,37","97,42","104,25","169,1099","31,52","16,09",,"39,49","24,6514","215,98","102,26","56,57","136,41","237,5","12,22","271,87","110,04","18,12","362,79","38,53","268,21","69,28","108,58","68,43","128,46","176,17","88,9","102,5599",107664,"3640,47",,"7719,09",,"5,3962","3,9439","5,3031","6,0205",
2022-09-30,,"58,53",,"28,88","433,6","19431,79","8,2769","6,14","61,68","95,65","104,71","169,3469","31,53","15,9775",,"39,54","24,7661","213,5","102,4","56,02","135,68","232,9","12,139","267,26",110,"18,27","357,18","38,95","265,25","68,56",109,"72,04","126,4","173,7","89,55","102,5203",110037,"3585,62",,"7603,14",,,,,,
2022-10-01,,,,,,"19312,1",,,,,,,,,,,,,,,,,,,,,,,,,,,,,,,,,,,,,,,,
2022-10-02,,,,,,"19044,11",,,,,,,,,,,,,,,,,,,,,,,,,,,,,,,,,,,,,,,,
2022-10-03,,"59,09",,"30,48","441,3","19623,58","9,1615","6,26","62,93","98,64","104,05","165,3971","32,28","15,925",,"40,42","26,2577","209,14","100,88","56,65","138,61","240,74","12,512","273,53","109,83","19,91","366,61","40,05","242,4","69,25","113,36",74,"126,44","179,3","89,78","102,3421",116134,"3678,43",,7800,,"5,1635","3,7876","5,0747","5,848",
2022-10-04,,"61,08",,"31,37","468,85","20336,84","8,7","6,43","64,68","101,64","102,44","164,0641","32,75","16,855",,"42,28","26,3019","215,4","100,65","56,78","140,28","248,88","13,167","282,13","109,86","20,18","377,97","39,64","249,44","72,81","116,59","75,79","131,34","183,46","92,95","102,5797",116230,"3790,93",,"8039,25",,"5,1758","3,8291","5,1637","5,9207",
2022-10-05,,"61,2",,"31,36","466,5","20160,72","8,5","6,33","64,12","101,43","102,51","164,933","32,58","17,0375",,"41,64","26,3019","215,5","100,51","56,24","138,98","249,2","13,209","281,98","109,87","19,81","377,09","39,59","240,81","74,48","117,3","76,96","129,62","183,87","91,64","102,4114",117198,"3783,28",,"8023,81",,"5,1952","3,8176","5,1453","5,8928",
2022-10-06,,"60,76",,"31,25","476,5","19955,44","8,5","6,49","63,69","101,42","102,74","166,1179","32,55","17,5525",,"40,75","25,8252","214,75","100,57","55,03","139,07","246,79","13,13","279,76","109,88","19,86","373,2","39,71","238,13","74,35","121,38","75,23","132,38","182,08","92,12","102,4114",117561,"3744,52",,"7943,63",,"5,2201","3,7967","5,1073","5,8241",
2022-10-07,,"59,39",,"30,41","447,25","19546,85","8,2846","6,15","63,27","98,68","103,67","166,7302","32,19","17,4225",,"39,98","25,8782","208,7","100,89","54,51","133,45","234,24","12,076","269,1","109,89","19,3","362,79","39,96","223,07","69,75","120,73","75,51","130,28","177,86","89,95","102,3817",116375,"3639,66",,"7721,44",,,,,,
2022-10-08,,,,,,"19416,57",,,,,,,,,,,,,,,,,,,,,,,,,,,,,,,,,,,,,,,,
2022-10-09,,,,,,"19446,43",,,,,,,,,,,,,,,,,,,,,,,,,,,,,,,,,,,,,,,,
2022-10-10,,"58,44",,"29,95","432,65","19141,48","8,3308",,"63,19","97,86","103,15","166,8783","31,69","17,36",,"39,79","25,6046","206,3","101,05","54,39","133,79","229,25","11,67","266,41","109,9","18,87","360,02","40,04","222,96","67,44","117,93","73,99","124,46","176,99","88,71","102,847",115941,"3612,39",,"7663,58",,"5,1868","3,7643","5,034","5,7405",
2022-10-11,,"57,49",,"29,27","414,9","19051,42","8,1923","6,05","62,76","97,18","104,06","167,3325","31,62","17,0075",,"39,3","25,4281","208,6","101,15","54,48","128,54","225,41","11,586","262,75","109,9","18,44","357,74","39,75","216,5","63,45","115,09","73,49","123,3","174,89","88,41","102,8866",114827,"3588,84",,"7613,75",,"5,2921","3,8334","5,1301","5,7971",
2022-10-12,,"57,58",,"28,93","414,05","19157,45",,"6,25","62,61","97,56",,,"31,81","17,17",,"39,22",,,,"55,14","127,5","225,75","11,5","262,66","109,91","18,36","356,56",,"217,24","64,11","116,55",,"123,08","175,68","87,87",,,"3577,03",,"7588,9",,"5,2915","3,8284","5,1352","5,872",
2022-10-13,,"57,72",,"29,31","411,3","19382,9","8,0615","6,23","63,64","99,06","104,7","165,8908","31,57","17,6625",,"40,32","25,278",213,101,"55,87","130,29","234,24","11,96","268,82","109,91","18,15","365,97","39,07","221,72","66,62","118,86","72,18","124,16","176,85","88,45","103,2529",114300,"3669,91",,"7786,96",,"5,2598","3,8208","5,136","5,9418",
2022-10-14,,"56,9",,"28,16","397,45","19185,66","7,8923","6,03","63,19","96,56","104,52","164,6071","31,17","17,105",,"39,76","25,2868","209,9","101,19","54,98","126,76","228,56","11,227","260,74","109,91","17,56","357,63","38,85","204,99","63,92","117,82","69,83","124,28","174,08","88,655","102,9064",112072,"3583,07",,"7602,99",,,,,,
2022-10-15,,,,,,"19067,63",,,,,,,,,,,,,,,,,,,,,,,,,,,,,,,,,,,,,,,,
2022-10-16,,,,,,"19268,09",,,,,,,,,,,,,,,,,,,,,,,,,,,,,,,,,,,,,,,,
2022-10-17,,"58,29",,"29,57","400,55","19550,76","8,2538","5,94","63,93","99,97","104,9","164,3603","31,28","17,1775",,41,"25,4898","214,15","100,99","55,69","134,04","237,53","11,888","269,35","109,9","17,87","366,82","38,72","219,35","64,89","117,89","70,93","127,78","179,55","89,96","102,4114",113624,"3677,95",,"7804,33",,"5,2774","3,8483","5,1949","5,988",
2022-10-18,,"58,08",,"29,49","403,6","19334,42","8,5769","6,05","63,65","100,77","104,99","165,5551","31,34","17,7925",,"41,49","26,1165","215,5","101,12","56,44","132,8","238,5","11,967","271,48","109,92","17,98","371,13","38,95","220,19","63,71","121,29","71,96","130,4","182,89","90,21","102,946",115743,"3719,98",,"7893,68",,"5,2398","3,8148","5,1653","5,9382",
2022-10-19,,"56,83",,"29,1","436,5","19139,54","8,5","5,93","63,58","99,63","104,28","164,3998","30,92","19,0225",,"40,78","26,1253","214,4","100,63","55,96","133,23","236,48","12,051","270,49","109,91","17,75","368,5","39,05","222,04","63,66","122,5","71,11","129,86","182,1","89,95","102,847",116274,"3695,16",,"7840,99",,"5,2692","3,8237","5,1429","5,9032",
2022-10-20,,"57,15",,"29,23","452,3","19053,74","8,6462","5,92","63,56","99,97","104,14","164,4097","30,88","18,9475",,"40,71","26,5313",210,"101,17","55,08","131,53","236,15","12,194","269,11","109,93","17,89","365,41","39,13","207,28","63,58","123,89","72,02","129,88","178,67","90,59","102,8569",117171,"3665,78",,"7779,53",,"5,2166","3,7839","5,0984","5,848",
2022-10-21,,"57,7",,"29,81","459,55","19172,47","8,8615","6,11","63,68","101,13",104,"163,8764","31,43","19,1675",,"41,45","27,4139",213,"101,25","55,96","130,01","242,12","12,466","275,42","109,95","18,54","374,29","39,93","214,44","63,75","125,55","74,13","129,64","179,15","90,09","102,946",119929,"3752,75",,"7964,25",,,,,,
2022-10-22,,,,,,"19208,19",,,,,,,,,,,,,,,,,,,,,,,,,,,,,,,,,,,,,,,,
2022-10-23,,,,,,"19567,01",,,,,,,,,,,,,,,,,,,,,,,,,,,,,,,,,,,,,,,,
2022-10-24,,"55,19",,"29,4","477,95","19345,57","8,7846","6,19","64,07","102,52","103,43","162,1484","31,32","19,04",,"41,71","26,1695","221,55","101,3","57,57","129,72","247,25","12,599","278,45","109,95","18,46","378,87","40,26","211,25","61,29","123,11","71,93","130,22","182,2","91,1","102,4708",116013,"3797,34",,"8058,88",,"5,3062","3,8718","5,2435","5,9952",
2022-10-25,,"55,71",,"30,31",496,"20095,86","8,5769","6,22","64,87","104,48","103,13","162,4545","31,39","19,6875",,"42,74","25,9576","225,7","101,27","58,95","137,51","250,66","13,261","284,21","109,97","18,62","384,92","40,13","222,42","61,14","125,03","71,93","131,18","187,82","92,96","102,352",114626,"3859,11",,"8190,02",,"5,3152","3,9002","5,2924","6,0864",
2022-10-26,,"56,9",,"30,36","490,85","20770,44","8,2538","6,54","64,37","94,93","102,67","162,8297","31,6","19,525",,"43,26","25,4016","226,7","101,18","59,39","129,82","231,32","12,896","277,93","109,98","18,77","382,02","39,28","224,64","60,84","123,62","73,53","131,04","184,99","94,13","102,4807",112764,"3830,6",,"8129,62",,"5,3839","3,9698","5,4308","6,2578",
2022-10-27,,"56,3",,"30,62","483,35","20285,84","8,5923","6,36","63,53","92,22","102,23","163,4222","31,56","20,0375",,"42,92","25,8694","222,9","101,14","59,53","97,94","226,75","13,176","272,87",110,"18,78","379,98","39,63","225,09","60,95","122,74","70,91","130,7","185,79","93,2","102,4411",114641,"3807,3",,"8080,32",,"5,3392","3,9351","5,3209","6,1753",
2022-10-28,,"55,89",,"30,73","480,4","20595,35","8,7308","6,25","64,45","96,29","103,04","164,3208","31,22","20,03",,"43,34","26,0724","226,9","101,5","60,76","99,2","235,87","13,834","281,22","109,99","18,51","389,02","39,53","228,52","62,01","124,02","67,45","128,24","203,37","93,21","102,5599",114539,"3901,06",,"8280,11",,,,,,
2022-10-29,,,,,,"20818,48",,,,,,,,,,,,,,,,,,,,,,,,,,,,,,,,,,,,,,,,
2022-10-30,,,,,,"20635,6",,,,,,,,,,,,,,,,,,,,,,,,,,,,,,,,,,,,,,,,
2022-10-31,,"55,51",,"31,1",478,"20495,77","8,7462","6,18","64,76","94,51","103,5","163,3136","30,98","20,0375",,"42,89","26,8314","220,24","101,64","59,85","93,16","232,13","13,497","277,95","109,97","18,41","386,21","40,19","227,54","61,55","118,48","67,13","129,34","200,46","93,39","102,9361",116037,"3871,98",,"8218,7",,"5,2885","3,8946","5,2737","6,1444",
2022-11-01,,"56,69",,"31,97","481,65","20485,27","9,0462","6,32","65,1","90,47","100,98","163,8863","31,29","20,075",,"43,1","26,8844","217,35",100,"59,64","95,2","228,17","13,543","275,11","109,76","18,86","384,52","39,88","227,82","61,58","116,31","69,17","132,2","196,97","93,49","100,9562",116929,"3856,1",,"8185,07",,"5,1788","3,802","5,1176","5,9388",
2022-11-02,,"56,36",,"30,76","472,4","20159,5",,"6,09","64,88","86,97",,,"31,06","20,0575",,"42,34",,,,"58,81","90,54","220,1","13,219","265,68","109,76","18,52","374,87",,"214,98","60,52","113,55",,"131,02","186,61","93,01",,,"3759,69",,"7980,47",,"5,1424","3,772","5,0764","5,908",
2022-11-03,,"56,71",,"31,1","453,7","20209,99","9,1","6,1","64,94","83,43","102,75","164,2813","30,96","20,1675",,"41,89","26,6902","209,65","100,53","58,78","88,91","214,25","13,421","260,49","109,81","18,71","371,01","39,45","215,31","60,28","111,3","67,15","127,92","180,19","91,21","101,867",116896,"3719,89",,"7897,01",,"5,1426","3,7474","5,0453","5,848",
2022-11-04,,"59,26",,"32,03","464,4","21147,23","9,1231","6,55","65,85","86,58","103,29","167,2634","31,91","19,8975",,"43,77","26,7873","209,85","100,7","59,26","90,79","221,39","14,156","264,68","109,82","20,08","376,35","39,51","207,47","62,48","108,53","72,25","133,08","176,69","92,26","101,669",118155,"3770,55",,"8006,24",,"5,1149","3,7199","4,9846","5,7078",
2022-11-05,,,,,,"21282,69",,,,,,,,,,,,,,,,,,,,,,,,,,,,,,,,,,,,,,,,
2022-11-06,,,,,,"20926,49",,,,,,,,,,,,,,,,,,,,,,,,,,,,,,,,,,,,,,,,
2022-11-07,,"59,54",,"31,93","476,8","20602,82","8,8538","6,79",66,"88,49","102,93","163,5901","31,77","19,98",,"44,05","26,1783","216,75",100,"59,49","96,72","227,87","14,301","267,59","109,83","19,96","379,95","39,21","197,08","62,76","108,4","71,87","136,36","177,88","93,36","103,3717",115342,"3806,8",,"8083,38",,"5,0781","3,7149","5,0338","5,7139",
2022-11-08,,"60,07",,"31,81","501,6","18541,27","8,9385","7,24","66,41","88,9","102,87","163,7678","32,49","20,025",,"44,52","26,0989","217,25","100,23","59,6","96,47","228,87","14,602","269,54","109,84","20,53",382,"39,51","191,3","65,02","93,57","74,05","136,34","180,73","94,88","103,3519",116160,"3828,11",,"8128,7",,"5,1533","3,8185","5,1625","5,9347",
2022-11-09,,"58,91",,"30,28","495,9","15880,78","8,7385","7,08","66,07","87,32","102,35","163,4222","32,34","19,535",,"43,94","24,8455",215,"100,15","58,77","101,47","224,51","13,776","263,32","109,88","20,2","374,13","39,45","177,59",65,"94,09","73,15","135,26","178,32","93,53","103,2529",113580,"3748,57",,"7961,52",,"5,143","3,8299","5,181","5,9347",
2022-11-10,,"61,56",,"30,77","544,2","17586,77","8,2692","7,43","67,1","93,94","102,62","163,9159","33,33","19,635",,"46,43","24,3778","233,75","99,61","60,88","111,87","242,98","15,75","282,75","109,93","20,82","394,69","38,39","190,72","70,84","98,57","74,55",139,"191,12","96,82","101,174",109775,"3956,37",,"8403,48",,"5,1852","3,8317","5,1922","5,8942",
2022-11-11,,"63,45",,"31,5","551,5","17034,29","8,3692","7,07","66,93","96,41","103,94","162,9285","33,56","18,3875",,"47,39","23,5922","234,42","99,64","61,32","113,02","247,11","16,327","287,96","109,92","20,82","398,51","39,52","195,97","73,83","102,25","82,3","142,68","192,39","98,05","99,9761",112253,"3992,93",,"8481,13",,"5,3416","4,0064","5,4451","6,2422",
2022-11-12,,,,,,"16799,19",,,,,,,,,,,,,,,,,,,,,,,,,,,,,,,,,,,,,,,,
2022-11-13,,,,,,"16353,37",,,,,,,,,,,,,,,,,,,,,,,,,,,,,,,,,,,,,,,,
2022-11-14,,"63,2",,"31,87","565,3","16618,2","8,3308","6,8","66,63","95,7","103,5","163,4617","33,64","18,4275",,"46,89","23,5216","232,25","99,65","60,73","114,22","241,55","16,295","285,44","109,91","21,1","395,12","40,26","190,95","72,8","99,88","83,31","143,44","190,45","98,61","100,976",113161,"3957,25",,"8407,25",,"5,2791","4,0154","5,5099","6,298",
2022-11-15,,"65,13",,"32,31","579,3","16884,61",,"6,65","66,87","98,44",,,"33,74","19,0625",,"47,03",,,,"60,63","117,08","241,97","16,666","289,39","109,94","20,75","398,49",,"194,42","80,46","101,03",,"143,4","195,53","99,71",,,"3991,73",,"8481,14",,"5,3312","3,9993","5,4992","6,2646",
2022-11-16,,"64,02",,"31,32","558,7","16669,44","8,0615","6,34","66,91","98,85",104,"162,81","33,66","18,6275",,"46,97","23,1862","235,3","99,42","60,52","113,23","241,73","15,91","285,44","109,95","20,61","395,45","37,32","186,92","79,45","100,81","82,44","137,4","197,55","98,38","101,7581",110243,"3958,79",,"8413,09",,"5,3317","4,0151","5,5205","6,3343",
2022-11-17,,"64,37",,"30,59",565,"16687,52","7,8769","6,23","67,12","98,36","102,41","160,9536","33,41","18,7475",,"46,94","23,3274","235,3","99,05","60,71","111,45","241,68","15,677","284,81","109,96","20,14","394,24","37,21","183,17","81,48","99,66","83,1","138,6","195,55","97,29","99,1941",109703,"3946,56",,"8388,84",,"5,399","4,0476","5,6085","6,4334",
2022-11-18,,"63,75",,"31,03","571,4","16697,78","7,9538","6,17","67,39","97,43","102,74","161,5658","33,19","18,765",,"47,09","23,5128",235,"99,21","61,14","112,05","241,22","15,409","284,82","109,97","20,07","396,03","36,9","180,19","82,27","98,77","80,83","141,86","194,25","98,2","100,4513",108880,"3965,34",,"8429,01",,"5,4221","4,0675","5,6165","6,4226",
2022-11-19,,,,,,"16711,55",,,,,,,,,,,,,,,,,,,,,,,,,,,,,,,,,,,,,,,,
2022-11-20,,,,,,"16291,83",,,,,,,,,,,,,,,,,,,,,,,,,,,,,,,,,,,,,,,,
2022-11-21,,"62,74",,"30,88","563,6","15787,28","8,5538","6,11","67,78","95,6","103,2","161,2597","33,01","18,785",,"46,78","23,5834","231,4","99,19","62,08","109,86","242,05","15,317","281,89","109,97","20,04","394,59","37,1","167,87","79,93","97,43","79,92","139,64","195,51","97,39","99,1545",109748,"3949,94",,"8397,23",,"5,3813","4,0208","5,5539","6,4015",
2022-11-22,,"62,89",,"31,41","570,5","16189,77","8,5308","6,21",69,"97,05","101,15","161,3782","33,03","19,44",,"47,45","23,1951","236,9","99,12","62,35","111,44","245,03","16,038","285,95",110,"20,26","399,9","36,93","169,91","82,54","100,29","80,14","139,76","197,66","98,28","98,8476",109037,"4003,58",,"8511,48",,"5,3186","3,9532","5,4466","6,2901",
2022-11-23,,"63,44",,"31,93","583,7","16610,71","8,4385","6,39","68,93","98,46","101,97","160,1241","33,24","19,54",,"48,01","22,9568","237,75","99,98","62,63","112,24","247,58","16,519","288,82","110,04","20,69","402,42","36,7","183,2","81,97","103,15","80,93","137,14","199,31","99,49","97,6992",108683,"4027,26",,"8562,27",,"5,3577","4,0076","5,5218","6,3723",
2022-11-24,,,,,"577,5","16604,46","8,7769","6,46",,,"102,3","160,3414",,,,,"23,7776","239,48","100,08",,,,,,,,,"37,3",,,,"81,45",137,,"100,1","97,7388",111831,,,,,"5,3583","4,013","5,5786","6,4641",
2022-11-25,,"63,13",,"32,42","574,1","16521,84","8,5615","6,36","69,44","97,46","102,39","160,4303","33,28","19,4225",,"48,28","22,9391",240,"99,8","62,69","111,41","247,49","16,27","286,92","110,05","20,57","402,33","36,57","182,86","81,4","102,63","80,9","136,56","198,87","99,77","98,0853",108977,"4026,12",,"8560,09",,"5,32","3,9867","5,5347","6,4391",
2022-11-26,,,,,,"16464,28",,,,,,,,,,,,,,,,,,,,,,,,,,,,,,,,,,,,,,,,
2022-11-27,,,,,,"16444,63",,,,,,,,,,,,,,,,,,,,,,,,,,,,,,,,,,,,,,,,
2022-11-28,,"62,88",,"32,21","566,8","16217,32","8,5769","6,01","68,8","96,05","102,05","160,8549","33,01","19,6275",,"47,53","22,5243","234,7","99,86","62,7","108,78","241,76","15,827","282,71","110,06","20,1","395,91","36,07","182,92","79,22","101,26","81,3","135,24","197,75","98,97","97,2834",108782,"3963,94",,"8427,95",,"5,4085","4,0414","5,6208","6,5395",
2022-11-29,,"64,55",,"32,38","559,8","16444,98","8,7769","6,16","68,5","95,19","102,89","161,4473","33,19","19,95",,"47,66","22,7184",230,"100,48","62,48","109,46","240,33","15,639","280,57","110,09","20,4","395,23","36,01","180,83","79,33","101,35","84,44","137,84","194,96","98,4","95,9767",110910,"3957,63",,"8415,27",,"5,3647","3,9746","5,5464","6,416",
2022-11-30,,"66,7",,"32,89","561,1","17168,57","8,8308","6,35","69,02","100,99","102,42","162,7409","33,6","20,075",,"48,56","22,9479","233,25","100,2","63,61","118,1","255,14","16,923","293,36","110,1","21,31","407,68","35,01","194,7","82,98","105,69","85,71","139,9","199,81","98,9","97,1746",112486,"4080,11",,8678,,"5,2682","3,8746","5,4362","6,2917",
2022-12-01,,"66,64",,"33,14","582,2","16967,13","8,6692","6,52","67,86","100,99","102,66","160,6672","34,23","19,6625",,"49,04","22,9303","233,5","99,1","63,79","120,44","254,69","17,135","293,72","109,87","21,89","407,38","35,14","194,7","82,68","106,4","86,18","139,38","204,57","101,42","99,887",110926,"4076,57",,"8671,9",,"5,1816","3,8631","5,4009","6,2578",
2022-12-02,,"66,88",,"33,2","574,7","17088,66","8,7385","6,57","67,03","100,44","103,7","160,7561","34,12","19,6775",,"49,15","23,2392","234,45","99,56","64,35","123,49","255,02","16,876","292,55","109,86","22,23","406,91","35,26","194,86","81,5","108,76","86,8","139,02","202,1","101,02","99,7781",111924,"4071,7",,"8662,23",,"5,1836","3,858","5,4555","6,3556",
2022-12-03,,,,,,"16908,24",,,,,,,,,,,,,,,,,,,,,,,,,,,,,,,,,,,,,,,,
2022-12-04,,,,,,"17130,49",,,,,,,,,,,,,,,,,,,,,,,,,,,,,,,,,,,,,,,,
2022-12-05,,"66,39",,"31,8","572,4","16974,83","8,4538","6,18","66,67","99,48","102,98","160,7956","33,51","19,415",,"48,62","22,5596",233,"99,75","63,47","122,43","250,2","16,61","287,64","109,87","21,32","399,59","34,7","182,45","81,62","106,98","86,71","140,84","197,29","100,22","99,1446",109401,"3998,84",,"8507,34",,"5,218","3,8743","5,4972","6,4103",
2022-12-06,,"66,3",,"31,27","567,8","17089,5","8,5846","6,13","66,97","96,98","102,1","160,9042","33,62","19,68",,"48,28","23,0803","227,5","99,46","63,44","114,12","245,12","15,987","281,68","109,89","21,32","393,83","34,98","179,82","79,56","101,27","87,97","139,8","197,45","99,13","99,2238",109533,"3941,26",,"8385,16",,"5,28","3,8836","5,5399","6,4386",
2022-12-07,,"65,84",,"31,76","565,2","16848,13","8,7077","6,24","66,97","94,94","101,75","160,1439","33,91","19,0275",,"48,27","22,9126","225,9","99,11","63,54","113,93","244,37","16,12","280,53","109,93","21,84","393,16","35,42","174,04","79,24","99,49","84,84","137,6","195,99","98,23","99,303",109361,"3933,92",,"8369,74",,"5,234","3,8327","5,4762","6,3452",
2022-12-08,,"66,86",,"31,37","570,8","17233,47","8,4538","6,33","67,61","93,71","101,31","160,1637","33,94","19,0725",,"48,44","22,1094",228,"99,07","63,81","115,33","247,4","17,169","283,85","109,97","22,15","396,24","35,12","173,44","80,8","100,79","85,88","136,6","197,4","99,13","98,6496",107245,"3963,51",,"8433,9",,"5,204","3,8107","5,4694","6,3541",
2022-12-09,,"66,64",,"31,02","577,3","17133,15","8,5231","6,5","67,87","92,83","101,61","160,924","34,05","18,865",,"48,41","21,474","227,45","99,22","63,14","115,9","245,42","17,001","282,04","109,97","22,51","393,28","34,85","179,05","80,69","102,06","88,74","137,24","197,67","99,56","98,808",107689,"3934,38",,"8372,26",,"5,2243","3,8418","5,5131","6,3924",
2022-12-10,,,,,,"17128,72",,,,,,,,,,,,,,,,,,,,,,,,,,,,,,,,,,,,,,,,
2022-12-11,,,,,,"17104,19",,,,,,,,,,,,,,,,,,,,,,,,,,,,,,,,,,,,,,,,
2022-12-12,,"66,53",,"31,5","569,1","17206,44","8,1462","6,35","68,23","93,31","101,96","160,0649","33,76","18,55",,"48,62","21,271","232,69","99,12","63,97","114,71","252,51","17,535","285,58","109,97","22,4","398,95","34,28","167,82","80,43","102,61","86,09","136,12","199,69","98,8","97,9071",105264,"3990,56",,"8491,86",,"5,235","3,8388","5,5152","6,4174",
2022-12-13,,"66,41",,"31,43","593,2","17781,32","7,9769","6,67","68,38","95,63","100,57","159,9662","34,36","18,005",,"49,04","20,4678","233,95","98,25","63,99","120,15","256,92","18,072","288,65","110,01","22,79","401,97","34,16","160,95","80,51","104,55","86,16","137,78","202,35","101,46","97,1944",103892,"4019,65",,"8554,1",,"5,3213","3,9017","5,6068","6,5295",
2022-12-14,,"66,47",,"31,26","585,6","17815,65","8,1308","6,35","67,9","95,07","100,24","159,4724","34,28","17,8175",,"49,08","20,556","232,69","96,5","63,99","121,59","257,22","17,674","286,51",110,"22,96","399,4","33,43","156,8","80,02","104,81","86,89","137,76","200,86","101,18","95,0461",103803,"3995,32",,"8503,97",,"5,2928","3,903","5,622","6,5317",
2022-12-15,,"64,88",,"30,92","551,5","17364,87","8,1846","6,15","67,77","90,86","100,01","159,6403","33,72","17,4475",,"47,75","20,6708","227,9","96,99","63,11","116,15","249,01","16,952","276,89","109,74","22,19","389,63","33,81","157,67","77,61","101,66","87,17","133,56","199,67","97,79","94,6898",103738,"3895,75",,"8292,64",,"5,2772","3,8941","5,6326","6,5445",
2022-12-16,,"64,94",,"31,08","540,5","16647,48","8,4231","6,27","67,35","90,26","100,35","158,9787",34,"17,3725",,"47,18","20,9003","224,84","96,51","62,75","119,43","244,69","16,571","274,25","109,76","22,29","383,27","33,1","150,23","76,3","100,76","85,68","136,54","200,65","96,71","94,0463",102825,"3852,36",,"8200,9",,"5,3118","3,886","5,6397","6,4683",
2022-12-17,,,,,,"16795,09",,,,,,,,,,,,,,,,,,,,,,,,,,,,,,,,,,,,,,,,
2022-12-18,,,,,,"16757,98",,,,,,,,,,,,,,,,,,,,,,,,,,,,,,,,,,,,,,,,
2022-12-19,,"64,91",,"31,87","537,3","16439,68","8,2462","6,55","67,19","88,44","99,81","157,9123","33,91","17,335",,"47,08","21,5269","222,63","96,89","62,84","114,48","240,45","16,254","269,75","109,77","22,06","380,02","33,25","149,87","76,1","98,59","85,37","121,98","200,49","96,4","93,2939",104530,"3817,66",,"8127,57",,"5,3065","3,8751","5,6209","6,4471",
2022-12-20,,"64,6",,"32,55",530,"16906,3","8,5077","6,84","65,92","89,02","100,75","158,7022","34,49","17,715",,"47,15","21,7564","218,88","97,5","62,79","117,09","241,8","16,085","269,54","109,79","23,23","380,54","33,56","137,8","75,62","98,11","85,75","119,22","202,74","96,25","93,5414",106979,"3821,62",,"8136,3",,"5,2916","3,877","5,6129","6,4267",
2022-12-21,,"65,2",,"33,36","545,2","16817,54","8,4923","6,87","66,29","89,58","102,56","157,9715","34,43","18,0325",,"47,84","21,8447","222,06","97,9","63,8","119,76","244,43","16,501","273,45","109,81","23,03","386,23","33,77","137,57","77,14","99,88","86,24","119,78","204,81","97,7","96,937",107313,"3878,44",,"8258,43",,"5,1984","3,8201","5,5211","6,3356",
2022-12-22,,"64,62",,"33,39","522,8","16830,34","8,4385","6,78","66,1","87,76","101,85","157,9913","33,99","17,95",,"47,39","21,8888",220,"98,42","63,34","117,12","238,19","15,339","266,76","109,86","22,62","380,72","34,67","125,35","75,28","99,27","85,75","114,88","203,43","96,25","96,4222",107317,"3822,39",,"8139,07",,"5,1999","3,8191","5,514","6,2792",
2022-12-23,,"64,51",,"33,98","516,9","16796,95","8,5462","6,82","65,54","89,23","101,74","160,9536","34,11","18,435",,"47,6","22,233","218,6","97,38","63,82","118,04","238,73","15,206","267,36","109,85","22,81","382,91","34,81","123,15","74,89","99,83","86,32","115,66","203,72","96,77","94,3433",109698,"3844,82",,"8187,06",,"5,1656","3,7852","5,4741","6,2112",
2022-12-24,,,,,,"16847,76",,,,,,,,,,,,,,,,,,,,,,,,,,,,,,,,,,,,,,,,
2022-12-25,,,,,,"16841,99",,,,,,,,,,,,,,,,,,,,,,,,,,,,,,,,,,,,,,,,
2022-12-26,,,,,,"16919,8","8,4308",,,,"102,05","161,9312",,,,,"21,7917",219,"96,82",,,,,,,,,"34,63",,,,"87,11",,,,"94,9372",108738,,,,,"5,1643","3,7952","5,4799","6,2244",
2022-12-27,,"65,76",,"34,06","510,3","16717,17","8,4231",,"65,62","87,39","102,5","162,178","34,38","18,2625",,"47,66","21,6681","222,2","97,79","64,21","116,88","236,96","14,121","263,58","109,85","23,08","381,4","34,27","109,1","74,32","99,38","89,19","115,86","204,07",,"95,2045",108347,"3829,25",,"8154,57",,"5,2175","3,7808","5,4591","6,2972",
2022-12-28,,"64,42",,"34,21","501,8","16552,57","8,5923","6,58","65,42","86,02",103,"161,2498","34,22","18,18",,"47,25","22,1094",220,"98,37","63,57","115,62","234,53","14,036","260,1","109,87","22,57","376,66","34,79","112,71","73,06","99,69","88,99","114,96","201,13","96,24","94,0463",110237,"3783,22",,"8056,62",,"5,2923","3,9113","5,6271","6,3649",
2022-12-29,,"65,72",,"33,97","516,7","16642,34","8,5692","6,57","65,66","88,45","102,15","162,4348","34,44","18,235",,"47,99","22,0653",225,"98,69","63,95","120,26","241,01","14,603","266,44","109,93","22,95","383,44","34,6","121,82",76,"101,34","88,88","116,14","205,38","97,36","94,7194",110031,"3849,28",,"8198,36",,"5,2668","3,8697","5,5878","6,3349",
2022-12-30,,"64,79",,"33,97","503,8","16602,59",,"6,51","64,29","88,23",,,"34,59","18,0875",,"47,5",,,,"63,61","120,34","239,82","14,614","266,28","109,92","22,98","382,43",,"123,18","74,49","104,13",,"116,42","205,44","96,86",,,"3839,5",,"8178,02",,"5,2846","3,8956","5,633","6,3654",
2022-12-31,,,,,,"16547,5",,,,,,,,,,,,,,,,,,,,,,,,,,,,,,,,,,,,,,,,
2023-01-01,,,,,,"16625,08",,,,,,,,,,,,,,,,,,,,,,,,,,,,,,,,,,,,,,,,
2023-01-02,,,,,"516,9","16688,47","8,3923",,,,"100,27","159,9563",,,,,"21,6152","227,5","97,5",,,,,,,,,"34,32",,,,"89,4","120,04",,,"94,5116",106376,,,,,"5,2855","3,8995","5,6547","6,3936",
2023-01-03,,"65,67",,"33,18","520,3","16679,86","8,1923","6,74","64,47","89,12","103,23","160,371","34,88","17,845",,"48,02","21,165","230,5","97,61","62,95","124,74","239,58","14,315","264,48","109,94","23,02","380,82","33,96","108,1","74,03","103,11","89,24","122,06","201,92","96,69","93,8681",104166,"3824,14",,"8145,6",,"5,3601","3,953","5,7232","6,4667",
2023-01-04,,"67,92",,"33,84",537,"16863,24","8,2923","6,98","64,59","88,08","103,2","160,2229","35,21","18,03",,"48,93","21,2268",232,"97,97","62,92","127,37","229,1","14,749","265,74","109,95","22,84","383,76","33,92","113,64","76,32","106,77","89,4","125,88","205,56","98,09","93,4028",105334,"3852,97",,"8207,42",,"5,4785","4,0048","5,7763","6,5531",
2023-01-05,,"67,56",,"34,66","539,9","16836,74","8,3692","7,15","63,95","86,2","102,07","160,4599","34,79","17,96",,"48,55","21,8888","224,88","98,54","62,2","126,94","222,31","14,265","261,58","109,97","22,33","379,38","34,06","110,34","75,73","105,96","90,9","127,12","200,04","96,93","93,7493",107518,"3808,1",,"8113,15",,"5,4301","4,0278","5,7585","6,5478",
2023-01-06,,"68,77",,"35,64","551,5","16951,97","8,3692","7,25","64,73","87,34","101,91","160,0649","35,43","18,4125",,"49,81","22,2683","224,5","98,26","63,4","130,02","224,93","14,859","268,8","109,99","22,9","388,08","35,37","113,06","78,07","104,75","92,34","128,16","205,31","98,6","93,0167",108836,"3895,08",,"8298,61",,"5,3498","3,9423","5,6262","6,3721",
2023-01-07,,,,,,"16955,08",,,,,,,,,,,,,,,,,,,,,,,,,,,,,,,,,,,,,,,,
2023-01-08,,,,,,"17091,14",,,,,,,,,,,,,,,,,,,,,,,,,,,,,,,,,,,,,,,,
2023-01-09,,"69,29",,"36,21","586,6","17196,55","8,5846","7,24","64,66","88,02","101,95","160,1538","35,5","18,7075",,"50,1","22,4272","225,45","97,87","62,61","129,47","227,12","15,628","270,54",110,"22,71","387,86","35,75","119,77","80,31","105,1","92,44","128,02","208,25","100,56","93,0563",109227,"3892,09",,"8293,8",,"5,2244","3,8827","5,5592","6,3177",
2023-01-10,,"69,72",,"36,44","582,7","17446,29","8,6308","7,3","64,99","88,42","102,1","160,3611","35,62","18,975",,"50,33","22,8597","225,5","97,8","62,13","132,99","228,85","15,909","272,83","109,99","22,69","390,58","35,79","118,85","81,27","105,53","93,58","127,28",208,"99,44","93,6008",110912,"3919,25",,"8351,68",,"5,2537","3,9216","5,6373","6,3939",
2023-01-11,,"69,9",,"37,24","592,7","17934,9","8,9846","7,35","65,64","91,52","101,64","160,1637","35,61","18,6525",,"50,71","23,2568","226,2","97,67","62,01","132,89","235,77","16,001","277,55","110,02","22,5","395,52","34,41","123,22","81,78","105,26","93,25","127,78","211,67","100,48","94,4324",111763,"3969,61",,"8459,18",,"5,1983","3,8692","5,5797","6,3179",
2023-01-12,,"70,23",,"38,33","599,4","18869,59","8,9","7,36","65,77","91,13","102,9","160,3118","36,02","18,7125",,"51,34","22,9303","224,25","97,92","61,21","136,71","238,51","16,511","279,05","110,08","22,84","396,96","35,03","123,56",87,"104,29","93,74","128,72","212,94","101,28","95,6896",111877,"3983,17",,"8489,08",,"5,1585","3,8424","5,5515","6,2718",
2023-01-13,,"70,75",,"39,28","604,7","19909,57","8,7846","7,6","65,42","92,12",102,"160,3414","36,45","19,3025",,"51,61","22,8155","224,85","98,2","61,43","136,98","239,23","16,899","280,97","110,08","23,32","398,5","34,89","122,4","86,8","105,03","93,82","125,1","213,91","101,6","97,9269",110916,"3999,09",,"8523,32",,"5,1077","3,8184","5,5435","6,2344",
2023-01-14,,,,,,"20976,3",,,,,,,,,,,,,,,,,,,,,,,,,,,,,,,,,,,,,,,,
2023-01-15,,,,,,"20880,8",,,,,,,,,,,,,,,,,,,,,,,,,,,,,,,,,,,,,,,,
2023-01-16,,,,,"607,2","21169,63","8,7","8,06",,,"101,1","160,292",,,,,"22,5684",228,"98,46",,,,,,,,,"34,9",,,,"92,25","125,72",,"102,1","97,9071",109213,,,,,"5,0807","3,7892","5,4985","6,2267",
2023-01-17,,"70,32",,"39,88","606,4","21161,52","8,9615","7,9","66,07","91,29","101,8","159,4823","36,21","19,2975",,"51,73","23,0362",225,"98,31","61,68","135,36","240,35","17,702","281,54","110,11","22,99","397,77","35,11","131,49","88,99","104,54","92,13","125,24","214,48","102,18","97,6002",111439,"3990,97",,"8506,03",,"5,146","3,8389","5,5707","6,2775",
2023-01-18,,"69,91",,"38,23","613,6","20688,78",9,"8,8","66,29","91,12","101,8","159,4724","36,11","20,2325",,"51,58","23,451","224,5","98,54","59,81","133,02","235,81","17,377","277,88","110,12","22,53","391,49","35,1","128,78","89,47","103,22","93,34","125,2","212,32","101,84","97,7586",112452,"3928,86",,"8373,66",,"5,0996","3,8063","5,4992","6,2649",
2023-01-19,,"70,57",,"38,14","590,6","21086,79","8,9846","8,7","66,01","93,05","101,22","159,2354","36,69","19,7125",,"51,37","23,451","222,5","98,6","59,72","136,15","231,93","16,765","275,15","110,15","22,93","388,64","35,58","127,17","88,4","102,26","93,74","123,14","211,64","100,36","95,8282",113006,"3898,85",,"8310,75",,"5,1853","3,8409","5,5962","6,398",
2023-01-20,,"71,68",,"39,62","590,4","22676,55","8,7462","8,9","67,45","98,02","101,42","159,6008","36,55","19,73",,"51,74","23,0362","228,1","98,42","60,08","139,37","240,22","17,839","282,68","110,17","22,99","395,88","35,22","133,42","91,03","106,59","93,99","124,26","214,91","101,48","96,2737",112301,"3972,61",,"8468,15",,"5,173","3,8411","5,6022","6,4116",
2023-01-21,,,,,,"22777,63",,,,,,,,,,,,,,,,,,,,,,,,,,,,,,,,,,,,,,,,
2023-01-22,,,,,,"22720,42",,,,,,,,,,,,,,,,,,,,,,,,,,,,,,,,,,,,,,,,
2023-01-23,,"72,38",,"39,78",615,"22934,43","8,6154","8,92","67,86","99,79","100,85","159,1762","36,62","19,995",,52,"22,3301","230,55","98,15","60,23","143,27","242,58","19,193","288,96","110,17","22,51","400,63","35,54","143,75","95,66","110,67","94,3","125,16","215,51","103,22","96,2638",111709,"4019,81",,"8568,77",,"5,2063","3,8896","5,6492","6,4502",
2023-01-24,,"72,23",,"40,17","615,7","22636,47","8,7769","8,87","68,02","97,7","100,99","159,196","36,75","19,73",,"51,86","22,5331","227,6","98,35","60,55","143,14","242,04","19,265","288,37","110,18","22,73","400,2","35,72","143,89","94,56","111,27","95,3","123,8","215,51","103,04","94,7887",113028,"4016,95",,"8562,87",,"5,2059","3,8928","5,6587","6,4441",
2023-01-25,,"72,29",,"41,1","617,1","23117,86","9,0154","9,16","68,61","95,22","100,98","159,3243","36,94","19,6625",,"52,06","22,6125","224,7","98,9","60,93","141,5","240,61","19,323","287,73","110,22","22,96","400,35","35,83","144,43","92,41","110,7","96,2","124,1","214,95","102,38","95,4322",114195,"4016,22",,"8561,4",,"5,1384","3,8397","5,5921","6,336",
2023-01-26,,"73,08",,"41,34","619,1","23032,78","8,7615","8,9","68,73","97,52","100,85","159,2354","36,59","19,725",,"52,13","22,4801","226,95",99,"60,81","147,3",248,"19,802","293,34","110,25","22,97","404,75","36,27","160,27","93,45","111,89",98,125,"217,89","103,32","94,4027",114109,"4060,43",,"8656,26",,"5,0722","3,7881","5,5374","6,295",
2023-01-27,,"72,83",,"40,79","620,1","23078,73","8,6154","8,94","68,74","99,37","101,27","159,4724","36,55","19,3775",,"51,96","22,0035","229,56",98,"60,49","151,74","248,16","20,365","296,26","110,26","22,64","405,68","36,51","177,9","93,3","114,28","95,32","126,08","218,52","103,97","94,6403",112502,"4070,56",,"8678,01",,"5,0627","3,801","5,515","6,2814",
2023-01-28,,,,,,"23031,09",,,,,,,,,,,,,,,,,,,,,,,,,,,,,,,,,,,,,,,,
2023-01-29,,,,,,"23774,57",,,,,,,,,,,,,,,,,,,,,,,,,,,,,,,,,,,,,,,,
2023-01-30,,"71,32",,"39,44","603,4","22840,14","8,5923","8,64","68,56","96,94","101,56","159,8674","36,44","19,435",,"51,66","22,0124",227,"98,9","60,64","147,06","242,71","19,162","290,27","110,27","22,62","400,59","36,44","166,66","93,13","112,66","94,98","126,26","216,19","103,56","96,0262",111888,"4017,77",,"8566,28",,"5,1072","3,8356","5,5494","6,3198",
2023-01-31,,"70,9",,"40,63","602,6","23139,28","8,8154","8,69","68,79","98,84","102,4","160,2229","36,59","19,985",,"51,98","22,3566","228,2","99,15","61,32","148,97","247,81","19,537","294,62","110,28","22,8","406,48","37,08","173,22","92,73","113,23","94,51","126,94","218,05","103,3","95,9173",113532,"4076,6",,"8691,88",,"5,1149","3,8186","5,5471","6,3091",
2023-02-01,,"72,03",,"41,06","607,4","23723,77","8,7846","8,83","68,37","100,43","100,85","159,5613","37,07","20,5675",,"52,56","22,0477",230,"97,45","61,33","153,12","252,75","20,943","300,92","109,94","23,06","410,8","36,35","181,41","94,74","112,25","93,46","128,42","220,73","103,82","94,6501",112303,"4119,21",,"8782,77",,"5,0722","3,8106","5,5064","6,2436",
2023-02-02,,"71,54",,"40,9",635,"23471,87","8,7846","8,42","67,82","107,74","101,06","159,7785","36,26","20,235",,"52,66","22,2507","231,42","98,33","60,28","188,77","264,6","21,709","311,72","109,98","22,52","416,78","36,01","188,27","96,65","114,72","89,14","133,3","222,37","105,98","95,0164",109935,"4179,76",,"8912,35",,"5,0535","3,8045","5,5613","6,2586",
2023-02-03,,"70,24",,"39,6","639,5","23449,32","8,5923","8,33","68,31","104,78","100,2","159,9859","35,37","21,045",,"52,13","22,1712",239,"98,4","59,83","186,53","258,35","21,1","306,18","109,96","21,45","412,35","35,73","189,98","94,66","109,28","88,95","131,94","217,73","105,62","94,957",108490,"4136,48",,"8820,47",,"5,0492","3,7902","5,5045","6,1713",
2023-02-04,,,,,,"23331,85",,,,,,,,,,,,,,,,,,,,,,,,,,,,,,,,,,,,,,,,
2023-02-05,,,,,,"22955,67",,,,,,,,,,,,,,,,,,,,,,,,,,,,,,,,,,,,,,,,
2023-02-06,,"69,22",,"39,31","620,6","22760,11","8,7154","8,22","68,66","102,9","100,05","159,7687","35,45","21,1375",,"51,61","22,1801","233,1","98,69","60,17","186,06","256,77","21,089","303,59","109,96","21,38","409,83","36,09","194,76","91,83","105,56","87,84","130,34","213,73","103,98","95,0362",108456,"4111,08",,"8766,9",,"5,1498","3,8409","5,4952","6,2051",
2023-02-07,,"69,6",,"39,65","621,4","23264,29","8,4385","8,19","68,95","107,64","99,87","157,9913","35,48","21,4875",,"51,92","21,6681","239,42","98,65","60,07","191,62","267,56","22,173","309,88","109,97","21,29","415,19","35,53","196,81","94,55","113,85","88,42","131,26","215,86","103,84","95,2144",107920,4164,,"8879,91",,"5,1457","3,8256","5,5181","6,1805",
2023-02-08,,"69,49",,"39,7","619,4","22939,4","8,5692","8,26","68,38","99,37","99,4","158,6232","35,58","21,5925",,"51,78","23,4598","235,7","98,82","59,72","183,43","266,73","22,205","304,37","109,99","21,41","410,65","35,95","201,29","94,28","110,45","88,72","129,3","212,36","103,96","95,2639",109882,"4117,86",,"8781,79",,"5,2093","3,8865","5,5859","6,2735",
2023-02-09,,"70,03",,"38,77","627,2","21819,04","8,3538","8,16","68,74","95,01","98,3","158,4652","35,29","21,5875",,"51,91","22,8773",236,"98,65","59,62","177,92","263,62","22,337","301,68","110,03","21,07","407,09","35,58","207,32","96,69","110,88","88,39","130,26","208,09","104,44","96,0262",107783,"4081,5",,"8705,58",,"5,1995","3,8661","5,5691","6,2762",
2023-02-10,,"69,26",,"38,72","611,7","21651,18","8,4308","8,14","69,27","94,57","98,83","158,1789","35,35","21,5525",,"51,49","22,7714",231,"98,64","59,62","174,15","263,1","21,265","299,7","110,03","21,13","408,04","36,1","196,89","95,37","111,1","86,8","128,6","210,18","103,24","97,0162",108150,"4090,46",,"8726,47",,"5,2895","3,9309","5,6786","6,4095",
2023-02-11,,,,,,"21870,88",,,,,,,,,,,,,,,,,,,,,,,,,,,,,,,,,,,,,,,,
2023-02-12,,,,,,"21788,2",,,,,,,,,,,,,,,,,,,,,,,,,,,,,,,,,,,,,,,,
2023-02-13,,"69,74",,"39,47","620,6","21808,1","8,4692","8,07","69,8","94,61","99,82","157,9024","35,18","21,6175",,"52,23","23,5746","235,5","98,68","60,6","179,43","271,32","21,788","304,5","110,06","21,11","412,83","36,3","194,64","96,11","111,38","86,71","128,38","212,87","104,28","96,3133",108846,"4137,29",,"8827,72",,"5,2135","3,9045","5,5647","6,2842",
2023-02-14,,"69,53",,"40,08","621,1","22220,8","8,3923","8,16","69,89","94,68","100,5","157,9814","35,2","21,58",,"52,48","23,2833","236,5","98,89","59,59","179,48","272,17","22,971","306,75","110,06","21,01","412,64","35,78","209,25","97,96","112,09","87,1","130,2","213,82","103,94","96,5212",107659,"4136,13",,"8826,32",,"5,1584","3,8668","5,5325","6,2677",
2023-02-15,,"68,62",,"40,25","625,4","24307,84","8,3846","7,98","70,1","96,94","100,29","157,7345","34,84","21,76",,"52,45","23,6275",240,"99,05","59,59","177,16","269,32","22,764","309,1","110,07","20,79","413,98","35,92","214,24","92,76","115,95",89,"130,98","213,58","104,12","96,7192",109442,"4147,6",,"8853,02",,"5,1915","3,8896","5,5699","6,3199",
2023-02-16,,"68,72",,"40,06",623,"23623,47","8,4154","8,02","69,88","95,51","100,69","157,8925","34,84","21,8625",,"52,12","23,8041","235,45","98,7","59,22","172,44","262,15","22,002","303,3","110,12","20,73","408,28","35,84","202,04","90,82","112,52","89,19","130,98","207,42","104,16","96,0262",109905,"4090,41",,"8731,75",,"5,218","3,8948","5,5762","6,2775",
2023-02-17,,"67,97",,"38,91","610,3","24565,6","8,4154","8,31","70,3","94,35","101,35","159,6205","34,93","21,68",,"52,38","23,7246",233,99,"60,12","172,88","258,06","21,388","301,16","110,13","20,89","407,26","36,06","208,31","90,1","112,51","88,03","131,22","204,71","102,82","96,8479",109303,"4079,09",,"8709,21",,"5,2168","3,8716","5,5611","6,2477",
2023-02-18,,,,,,"24641,28",,,,,,,,,,,,,,,,,,,,,,,,,,,,,,,,,,,,,,,,
2023-02-19,,,,,,"24327,64",,,,,,,,,,,,,,,,,,,,,,,,,,,,,,,,,,,,,,,,
2023-02-20,,,,,"603,6","24829,15",,,,,,,,,,,,,,,,,,,,,,,,,,,"132,7",,"103,26",,,,,,,"5,1652","3,8306","5,5195","6,2099",
2023-02-21,,"67,18",,"38,6","596,9","24436,35",,"8,18","70,1","91,79",,,"34,79","21,7625",,"51,86",,,,"59,8","172,08","252,67","20,655","294,03","110,13","20,96","399,09",,"197,37","87,64","112,02",,"131,08","203,87","102,04",,,"3997,34",,"8534,73",,"5,1667","3,8392","5,5184","6,215",
2023-02-22,,"66,81",,"38,66",593,"24188,84","8,2154","8,28","69,82","91,65","101,62","158,1493","34,61","21,525",,"51,53","23,2833",228,"99,03","59,98","171,12","251,51","20,754","294,25","110,16","20,64","398,54","35,62","200,86","86,83","111,24","87,36","131,2","203,02","101,64","97,0459",107152,"3991,05",,"8521,45",,"5,1665","3,8152","5,501","6,25",
2023-02-23,,"67,02",,"39,44","594,7","23947,49","8,2231","8,27","70,22","90,89","101,2","158,406","34,58","21,515",,"51,82","23,3716",228,"99,1","60,09","172,04","254,77","23,664","296,82","110,2","20,48","400,66","35,71","202,07","90,08","110,37","86,95","131,9",202,"101,3","97,0261",107720,"4012,32",,"8567,57",,"5,1512","3,8004","5,461","6,2062",
2023-02-24,,"65,48",,"39,41",579,"23198,13","8,1154","8,31","69,99","89,13","101,58","159,2552","34,33","21,595",,"50,97","22,6567",229,"99,3","59,84","170,39","249,22","23,286","291,85","110,21","19,92","396,38","35,45","196,88","88,11","109,3","85,04","127,8","198,38","100,36","97,0162",105873,"3970,04",,"8477,66",,"5,1362","3,791","5,4416","6,1652",
2023-02-25,,,,,,"23175,38",,,,,,,,,,,,,,,,,,,,,,,,,,,,,,,,,,,,,,,,
2023-02-26,,,,,,"23561,21",,,,,,,,,,,,,,,,,,,,,,,,,,,,,,,,,,,,,,,,
2023-02-27,,"65,92",,"39,77","595,5","23522,87","8,1154","8,67","70,63","89,87",102,"159,6304","34,45","21,5775",,"51,72","22,3654","229,09","99,33","59,82","169,54","250,16","23,501","293,94","110,23","19,77","397,73","35,31","207,63","87,3","110,08","85,04","129,34","198,28","101,06","97,719",105711,"3982,24",,"8504,76",,"5,2078","3,8248","5,4105","6,2188",
2023-02-28,,"65,47",,"39,72",584,"23147,35","8,0615","8,76","70,13","90,06","101,72","159,6205","34,62","21,5275",,"51,22","22,4448","229,3","99,38","59,51","174,94","249,42","23,216","293,56","110,23","20,08","396,26","35,56","205,71","87,07","109,55","85,32","129,16","196,83","100,96","98,0061",104932,"3970,15",,"8479,8",,"5,1997","3,8289","5,514","6,2716",
2023-03-01,,"66,87",,"40,09","574,6","23646,55","8,0308","9,06","70,68","90,36","100,6","158,5442","34,84","21,83",,"51,53","22,0653","226,55","98,42","58,86","173,42","246,27","22,698","291,2","109,96","20,13","394,74","35,7","202,77","88,42","108,7","89,2","128,5","196,27","100,72","97,3329",104385,"3951,39",,"8440,25",,"5,2359","3,8355","5,5356","6,3002",
2023-03-02,,"67,36",,"39,15","577,5","23475,47","7,9615","9,09","70,78",92,"101,25","158,1888","34,83","22,165",,"51,54","21,3416","228,51","98,24","59,72","174,53","251,11","23,314","293,61","110,01","20,07","397,81","35,66","190,9","89,03","115,28",89,"128,62",197,"100,5","96,9073",103326,"3981,35",,"8505,55",,"5,1783","3,8083","5,5222","6,2284",
2023-03-03,,"67,84",,"39,61","589,4","22362,68","7,9077","9,15","72,03","93,65","101,5","158,3862","35,19","22,3075",,"52,23","21,368","232,62","98,77","59,44","185,25","255,29","23,89","299,68","110,02","20,41","404,19","35,7","197,79","89,79","116,7","89,3","142,2","200,66","102,1","98,6991",103866,"4045,64",,"8643,61",,"5,1996","3,8229","5,5092","6,2073",
2023-03-04,,,,,,"22353,35",,,,,,,,,,,,,,,,,,,,,,,,,,,,,,,,,,,,,,,,
2023-03-05,,,,,,"22435,51",,,,,,,,,,,,,,,,,,,,,,,,,,,,,,,,,,,,,,,,
2023-03-06,,"67,47",,"40,62","590,2","22429,76","8,0308","8,91","72,22","95,13","101,8","157,9518","35,02","22,0425",,"52,14","21,8535","231,5","98,41","60,36","184,9","256,87","23,554","300,02","110,03","20,17","404,47","35,93","193,81","89,58","115,71","86,15","139,68","199,83","103,2","99,3426",104700,"4048,42",,"8649,88",,"5,1944","3,8192","5,5213","6,2513",
2023-03-07,,"66,42",,"39,64","574,1","22219,77","8,1","8,77","72,32","93,86","101,94","157,7938","34,38","22,14",,"51,07","21,9153","229,4","98,81","60,01","184,51","254,15","23,288","296,34","110,01","19,26","398,27","35,91","187,71","88,85","116,88","85,33","138,8","197,95","101,54","99,4911",104228,"3986,37",,"8517,54",,"5,1522","3,7828","5,5029","6,1919",
2023-03-08,,"66,49",,"39,95",582,"21718,08","8,2615","8,73","73,06","94,25","101,61","158,4554","34,39","22,29",,"51,1","22,1889","226,95","98,5","60,04","184,97","253,7","24,181","297,82","110,02","19,22","398,92","36,2",182,"90,83","116,31","86,11","140,06","198,33","101,24","97,9071",106540,"3992,01",,"8530,33",,"5,19","3,7725","5,4724","6,1312",
2023-03-09,,"64,94",,"38,83","585,3","20363,02","8,0538","8,68","72,49","92,32","101,87","158,2085","34,7","21,3825",,"50,6","21,7652","223,6","98,23","59,46","181,69","252,32","23,436","292,66","110,08","19,26","391,56","36,1","172,92","88,88","112,96","84,98","137,2","196,09","101,34","97,6299",105071,"3918,32",,"8374,25",,"5,1444","3,7263","5,4243","6,0949",
2023-03-10,,"64,61",,"37,25","577,6","20187,24","8,0846","8,78","70,97","90,63","101,9","158,4751","35,46","20,0725",,"50,25","21,2445",223,"98,11","59,21","179,51","248,59","22,965","288,55","110,13","19,71","385,91","36,04","173,44","87,25","110,58","84,7","135,1","191,2","100,04","98,2734",103618,"3861,59",,"8253,65",,"5,1637","3,731","5,4626","6,1547",
2023-03-11,,,,,,"20632,41",,,,,,,,,,,,,,,,,,,,,,,,,,,,,,,,,,,,,,,,
2023-03-12,,,,,,"22163,95",,,,,,,,,,,,,,,,,,,,,,,,,,,,,,,,,,,,,,,,
2023-03-13,,"65,02",,"36,74",565,"24197,53","8,1231","9,11","68,99","91,11",102,"157,9814","36,29","19,0975",,"49,83","20,9885","224,78","98,21","59,81","180,9","253,92","22,966","290,69","110,26","20,9","385,36","36,35","174,48","87,74","111,33","85,05","130,46","191,26","98,57","98,2041",103121,"3855,76",,"8241,39",,"5,2156","3,7027","5,4445","6,2704",
2023-03-14,,"65,11",,"37,07","576,1","24746,07","8,2692","9,14","69,01","93,97","101,7","158,169","36,07","19,995",,"50,79","20,9179","227,5","97,94","60,03","194,02","260,79","24,063","297,37","110,2","20,77","391,73","36,6","183,26","89,29","113,81","83,98","128,4","192,06","99,65","98,5011",102932,"3919,29",,"8379,16",,"5,2457","3,8153","5,6236","6,3836",
2023-03-15,,"64,05",,"35,64",568,"24375,96","8,4","9,04","67,35","96,11","100,2","157,4185","36,34","19,0025",,"48,91","20,865","227,7","97,28","60,43","197,75","265,44","24,228","298,93","110,31","20,9","389,28","37,25","180,45","86,7","113,31","81,45","123,18","191,9","97,2","98,1348",102675,"3891,93",,"8320,96",,"5,2517","3,8353","5,6324","6,3735",
2023-03-16,,"65,01",,"36,71",587,"25052,79","8,3385","9,12","68,58","100,32","100,97","157,6753","36,43","19,475",,"49,65","21,2092","229,72","97,41","60,3","204,93","276,2","25,541","306,81","110,3","20,83","396,11","35,75","184,13","89,3","115,55","81,75","122,52","194,18","99,12","97,323",103435,"3960,28",,"8468,33",,"5,2871","3,8394","5,5933","6,3735",
2023-03-17,,"64,77",,"36,06","596,1","27423,93","8,0923","9,89","66,83","101,62","101,5","156,6483","37,49","18,9475",,"48,9","20,6002",226,"97,3","60,02","195,61","279,43","25,725","305,36","110,38","21,52","389,99","35,48","180,13","89,47","116,28","82,73","120,44","193,35","98,88","96,6202",101982,"3916,64",,"8375,21",,"5,2296","3,8105","5,5481","6,3291",
2023-03-18,,,,,,"26965,88",,,,,,,,,,,,,,,,,,,,,,,,,,,,,,,,,,,,,,,,
2023-03-19,,,,,,"28038,68",,,,,,,,,,,,,,,,,,,,,,,,,,,,,,,,,,,,,,,,
2023-03-20,,"64,9",,"35,87","600,2","27767,24","8,0615","9,75","67,79","101,22","100,95","156,8952","37,5","19,6575",,"49,85","20,6531","229,25","97,33","60,6","197,81","272,23","25,9","305,97","110,36","21,6","393,74","35,55","183,25","90,04","116,31","83,41","120,24","198,18","99,35","95,3827",100923,"3951,57",,"8449,98",,"5,2778","3,7796","5,5356","6,4223",
2023-03-21,,"65,51",,"36,9","595,2","28175,82","8,0077","9,59","68,8","104,92","101,4","157,3297","36,8","20,585",,"50,75","21,0768","232,1","97,6","60,32","202,16","273,78","26,199","310,34","110,33","21,45","398,91","34,85","197,58","92,5","118,59","82,71","123,18","200,6","100,5","95,1847",100998,"4002,87",,"8560,31",,"5,2357","3,8276","5,6088","6,4256",
2023-03-22,,"65,92",,"36,45","600,8","27307,44","8,0308","9,94","67,76","103,37","101,12","157,7444","37,42","19,885",,"50,44","20,9532","227,71","97,4","60,05","199,81","272,29","26,468","306,12","110,37","22,03","392,11","34,69","191,15","92,62","113,56","81,68","123,8","197,16","100,92","95,0164",100221,"3936,97",,"8420,02",,"5,2409","3,8212","5,6444","6,4058",
2023-03-23,,"67,05",,"36,34","617,3","28333,97","8,0923","9,93","67,8","105,6","102,1","156,8656","37,9","19,8975",,"50,44","20,4325","230,5","97,82","59,92","204,28","277,66","27,191","309,75","110,44","22,22","393,17","34,5","192,22","94,59","117,48","79,58","122,38","200,62","101,31","95,0065",97926,"3948,72",,"8445,87",,"5,2361","3,8158","5,6893","6,429",
2023-03-24,,"66,78",,"36,49","598,7","27493,29","8,1769","9,9","68,17","105,44","102,47","157,8728","37,46","19,2475",,"50,09","20,4943","230,61","97,52","60,9","206,01","280,57","26,779","310,89","110,45","22,18","395,75",35,"190,41","92,79","118,12","78,67",119,"201,88","99,78","95,4817",98829,"3970,99",,"8493,55",,"5,2967","3,8587","5,7366","6,5042",
2023-03-25,,,,,,"27494,71",,,,,,,,,,,,,,,,,,,,,,,,,,,,,,,,,,,,,,,,
2023-03-26,,,,,,"27994,33",,,,,,,,,,,,,,,,,,,,,,,,,,,,,,,,,,,,,,,,
2023-03-27,,"66,3",,"37,4","605,2","27139,89","8,3769","9,89","68,56","102,46","102,28","157,5963","37,12","19,89",,"50,66","20,8473","228,7","98,12","61,35","202,84","276,38","26,531","308,76","110,45","22,16","396,49","34,97","191,81","90,66","116,98","78,54","120,86","203,93","100,52","94,8382",99670,"3977,53",,"8507,54",,"5,1971","3,8035","5,6141","6,3857",
2023-03-28,,"67,17",,38,"587,7","27268,13","8,4154","10,1","68,34","101,03","102,89","157,9123","37,43","20,0025",,"50,66","20,9444","226,55","97,93","61,42","200,68","275,23","26,41","307,12","110,46","22,38","395,6","35,03","189,19","90,81","115,55","79,37","121,88","204,12","100,84","94,4423",101185,"3971,27",,"8494,35",,"5,1644","3,797","5,5963","6,3676",
2023-03-29,,"67,37",,"38,76","605,8","28348,44","8,5692","9,94","69,77","101,39","102,89","157,8925","37,24","20,28",,"51,41","21,1474","227,88","97,96","61,86","205,35","280,51","26,984","312,72","110,47","22,4","401,35","34,92","193,88","92,76","116,67","80,51","122,6","205,37","101,82","94,5413",101793,"4027,81",,"8615,29",,"5,1342","3,7844","5,565","6,3131",
2023-03-30,,"67,99",,"39,13","623,7","28033,56","8,7308","10,11",70,"100,89",103,"157,9913","37,57","20,2775",,"52,2","21,7299","227,8","97,65","61,85","207,84","284,05","27,383","315,68","110,49","22,92","403,7","34,85","195,28","92,47","116,59","81,82","124,68","206,1","102,82","93,7889",103713,"4050,83",,"8665,7",,"5,0927","3,7651","5,5518","6,3052",
2023-03-31,,"67,87",,"39,27","625,2","28478,48","8,8","9,86","70,72","103,73","102,99","158,4554","37,37","20,64",,"52,38","21,8358","229,75","97,96","62,03","211,94","288,3","27,777","320,93","110,5","23,11","409,39","34,83","207,46","93,02","119,3","80,29","125,64","211,33","103,54","94,5314",101882,"4109,31",,"8791,13",,,,,,
2023-04-01,,,,,,"28411,04",,,,,,,,,,,,,,,,,,,,,,,,,,,,,,,,,,,,,,,,
2023-04-02,,,,,,"28199,31",,,,,,,,,,,,,,,,,,,,,,,,,,,,,,,,,,,,,,,,
2023-04-03,,"68,1",,"39,47","617,7","27790,22","8,9077","10,2","70,94","104,36","100,86","157,6457","37,65","20,6075",,"52,74","21,2092","230,7","96,14","62,4","213,07","287,23","27,965","320,15","110,1","23,04","410,95","34,65","194,77","92,84","118,69","80,31","125,86","213,34","103,94","97,4418",101506,"4124,51",,"8823,66",,"5,0631","3,7677","5,5201","6,2854",
2023-04-04,,"68,01",,"38,94","618,2","28168,09","8,9769","10,13","70,44","104,72",102,"157,3988","38,35","20,235",,"52,79","21,6328","229,78","96,9","62,21","214,72","287,18","27,453","319,07","110,14","23,98","408,67","35,18","192,58","92,17","121,64","78,04","125,4","213,85","104,06","95,8975",101869,"4100,6",,"8773,31",,"5,0707","3,7711","5,5538","6,3331",
2023-04-05,,"67,49",,"38,43","606,2","28177,98","8,9923","10,24","69,25","104,47","101,86","157,379","38,32","20,0125",,"52,44","21,6152","227,65","97,1","62,8","211,48","284,34","26,881","315,92","110,2","23,94","407,6","35,18","185,52","90,2","120,98","76,89","124,08","212,44","103,5","96,5212",100978,"4090,38",,"8752,54",,"5,0332","3,7396","5,4856","6,2657",
2023-04-06,,"67,78",,"38,26",607,"28044,14","8,9923","10,28","69,24","108,42","101,33","157,2013","38,05","19,85",,"52,89","21,5446","228,01","97,25","62,84","216,1","291,6","27,037","318,05","110,2","23,89","409,19","35,05","185,06","90,24",119,"76,75","123,46","213,06","103,6","98,2338",100822,"4105,02",,"8785,7",,"5,0583","3,7478","5,5224","6,2854",
2023-04-07,,,,,,"27925,86",,,,,,,,,,,,,,,,,,,,,,,,,,,,,,,,,,,,,,,,
2023-04-08,,,,,,"27947,79",,,,,,,,,,,,,,,,,,,,,,,,,,,,,,,,,,,,,,,,
2023-04-09,,,,,,"28333,05",,,,,,,,,,,,,,,,,,,,,,,,,,,,,,,,,,,,,,,,
2023-04-10,,"67,9",,"39,06",,"29652,98","9,1308","10,4","70,3","106,44","101,97","157,2408","37,77","20,015",,"52,87","21,7741",229,"97,5","62,69","214,75","289,39","27,579","317,87","110,19","23,9","409,61","33,95","184,51","89,02","121,04","78,23",,"212,58",,"97,719",101847,"4109,11",,"8794,65",,"5,0653","3,763","5,5224","6,2696",
2023-04-11,,"68,13",,"40,15","610,6","30235,06","9,2923","10,46","70,9","105,35","101,75","157,8036","37,99","20,07",,"53,12","22,4801","226,65","97,21","62,58","213,85","282,83","27,169","315,83","110,21","24,03","409,72","33,94","186,79","89,24","120,39","82,36","125,5","213,69","104,22","98,0655",106214,"4108,94",,"8794,29",,"5,004","3,715","5,4599","6,215",
2023-04-12,,"67,36",,"40,48","603,4","30139,05","9,5923","10,31","71,04","104,64","101,65","158,0406","38,19","20,3475",,"53,54","22,6302","222,45","96,84","62,69",214,"283,49","26,495","313,04","110,22","24,47","408,05","34,7","180,54","86,87","119,68","80,6","125,52","212,6","104,28","98,0952",106890,"4091,95",,"8758,11",,"4,9169","3,6575","5,4064","6,1387",
2023-04-13,,"68,43",,"41,06","603,2","30399,07","9,4923","10,59","71,46","107,43","102,39","157,6753","38,7","20,51",,"54,25","22,6302",225,"96,81","63,15","220,35","289,84","26,463","319,17","110,28","24,8","413,47","34,95","185,9","87,05","122,01","79,51","126,08","216,87","104,98","98,0952",106458,"4146,22",,"8875,65",,"4,9267","3,6911","5,4419","6,1706",
2023-04-14,,"67,85",,"41,31","606,5","30485,7","9,4692","10,37","71,57","108,87","102,15","159,9662","38,01","20,8",,"54,19","22,9568",224,"97,04","63,05","221,49","286,14","26,758","318,57","110,26","24,35","412,46","34,8",185,"87,2","123,07","78,81","127,7","216,46","104,9","97,8576",106279,"4137,64",,"8857,31",,,,,,
2023-04-15,,,,,,"30318,5",,,,,,,,,,,,,,,,,,,,,,,,,,,,,,,,,,,,,,,,
2023-04-16,,,,,,"30315,36",,,,,,,,,,,,,,,,,,,,,,,,,,,,,,,,,,,,,,,,
2023-04-17,,"68,27",,"41,49","582,3","29445,04","9,5615","10,24","72,01","105,97","101,6","160,0945","37,86","20,9475",,"53,99","22,9126","226,11","97,21","63,46","218,86","288,8","27,002","318,84","110,27","24,03","413,94","35,36","187,04","87,99","124,38","77,87","126,9","217,13","104,88","99,1545",106016,"4151,32",,"8886,76",,"4,9398","3,6866","5,3951","6,1132",
2023-04-18,,"68,16",,"41,06","588,6","30397,55","9,5923","10,31","72,16","104,5","102,1","159,976","37,99","21,185",,"54,36","22,895","227,75","96,71","63,56","217,89","288,37","27,667","318,86","110,29","24,18","414,21","35,11","184,31","88,14","124,31","78,54","126,58","217,97","105,38","98,511",106163,"4154,87",,"8894,35",,"4,9843","3,7209","5,4685","6,1929",
2023-04-19,,"67,54",,"39,88","566,9","28822,68","9,5154","10,17",72,"104,18","101,89","159,9563","37,8","21,025",,"54,2","22,5331",233,"96,83","63,68","215,7","288,45","27,931","318,71","110,3","24,27","414,14","34,73","180,59","87,23","123,35","76,25","125,46","215,62","105,1","98,6595",103913,"4154,52",,"8893,6",,"5,0743","3,7662","5,5546","6,306",
2023-04-20,,"67,37",,"39,58","573,4","28245,99","9,6462","10,2","71,97","105,29","102,13","160,1538","37,98","20,4675",,"54,19","22,5949","230,67","96,91","63,96","213,07","286,11","27,104","316,28","110,36","24,22","411,88","34,65","162,99","89,29","125,14","74,66","121,58","215,27","104,94","98,6199",104367,"4129,79",,"8841,62",,"5,0477","3,743","5,5336","6,28",
2023-04-21,,"66,72",,"39,14","580,2","27276,91",,"10,17","72,49","105,41",,,"37,59","20,2825",,"54,55",,,,"64,05","212,89","285,76","27,119","316,61","110,37","24,02","412,2",,"165,08","85,37","124,99",,"121,9","217,56","104,8",,,"4133,52",,"8849,76",,,,,,
2023-04-22,,,,,,"27817,5",,,,,,,,,,,,,,,,,,,,,,,,,,,,,,,,,,,,,,,,
2023-04-23,,,,,,"27591,38",,,,,,,,,,,,,,,,,,,,,,,,,,,,,,,,,,,,,,,,
2023-04-24,,"66,38",,"39,29","573,3","27525,34","9,6231","10,11","72,4","105,97","102,18","158,7812","37,71","20,2325",,"54,8","22,3919","230,5","97,09","63,95","212,79","281,77","27,042","315,95","110,38","24,13","412,63","35,44","162,55","84,64","127,79","71,96",122,"215,64","104,84","98,5506",103947,"4137,04",,"8857,3",,"5,0334","3,7179","5,563","6,2912",
2023-04-25,,"64,95",,"38,78","563,8","28307,6","9,6","10,1","71,3","103,85","102,37","158,7318","37,89","19,7425",,"53,86","22,5949","228,49","97,43","63,85","207,55","275,42","26,241","309,99","110,41","24,02","406,08","35,45","160,67","82,29","127,01",70,"120,74","212,83","104,12","98,9862",103220,"4071,63",,"8717,63",,"5,0531","3,7084","5,5451","6,2657",
2023-04-26,,"65,53",,"38,86","556,6","28422,7","9,5385","10,05","71,29","103,71","102,14","159,9662","37,68","19,245",,"53,96","22,3654",227,"96,98","63,55","209,4","295,37","26,956","311,87","110,42","23,85","404,36","35,13","153,75","82,25","121,6","70,27","121,22","212,2","103,9","98,9961",102312,"4055,99",,"8684,19",,"5,043","3,6987","5,5684","6,2854",
2023-04-27,,"66,37",,"39,04","564,2","29473,79","9,6231","10,14","72,73","107,59","102,76","160,4599","37,69","19,4825",,"54,55","22,7626","227,5","96,66","63,68","238,56","304,83","27,226","320,35","110,44","23,89","412,41","35,32","160,19","83,67","123,95","71,76",122,"216,9","104,22","102,3421",102923,"4135,35",,"8854,32",,"4,9762","3,6576","5,4883","6,215",
2023-04-28,,"66,71",,"39,29","573,5","29340,26","9,5","9,94","73,24","107,34","103,19","160,4599","37,71","19,4625",,"54,56","22,8773","229,75","96,98","64,15","240,32","307,26","27,749","322,56","110,45","24,02","415,93","36,41","164,31","84,3","124,29","72,4","123,68","221,8","105,2","102,1145",104432,"4169,48",,"8928,35",,,,,,
2023-04-29,,,,,,"29248,49",,,,,,,,,,,,,,,,,,,,,,,,,,,,,,,,,,,,,,,,
2023-04-30,,,,,,"29268,81",,,,,,,,,,,,,,,,,,,,,,,,,,,,,,,,,,,,,,,,
2023-05-01,,"66,47",,"39,1",,"28091,57",,"9,85","73,73","107,2",,,"37,52","19,295",,"54,54",,,,"64,3","243,18","305,56","28,91","322,19","110,04","23,92","415,51",,"161,83","83,98","124,14",,,"219,4",,,,"4167,87",,"8924,92",,"4,9879","3,6815","5,4923","6,2228",
2023-05-02,,"65,84",,"38,79","572,9","28680,54","9,5077","10,31","72,5","105,32","102,9","160,4599","38,25","18,5325",,"53,88","21,9771","229,6","94,85","64,01","239,24","305,41","28,21","319,38","110,07","24,39","410,84","36,08","160,31","82,96","121,62","69,54","123,24","219,61","103,68","102,8074",101927,"4119,58",,"8821,59",,"5,0384","3,6969","5,5446","6,2775",
2023-05-03,,"65,76",,"38,92","575,3","29006,31","9,4","10,23","72,09","105,41","102,1","160,4599","38,57","18,1375",,"54,03","21,9417","225,59",95,"63,65","237,03","304,4","27,802","317,29","110,09","24,47","408,02","36,09","160,61","82,7","122,14",69,"124,22","222,58","104,44","101,2235",101797,"4090,75",,"8759,95",,"4,9944","3,663","5,5262","6,2735",
2023-05-04,,"66,3",,"38,32","577,3","28847,71","9,3538","10,28","71,65","104,69","102,19","161,0227","38,86","17,8525",,"53,8","22,1183","223,7","95,11","63,72","233,52","305,41","27,562","316,17","110,15",25,"405,13","35,69","161,2","83,49","120,28","66,86","124,96","220,77","103,46","100,5503",102174,"4061,22",,"8697,68",,"4,9826","3,6831","5,4904","6,2657",
2023-05-05,,"67,07",,"39,77","585,6","29534,38","9,1308","10,18","73,29","105,57","102,82","161,6448","38,24","19,1375",,"54,6","22,9391","225,6","95,37","64,02","232,78","310,65","28,68","322,89","110,14","24,63","412,63","35,93","170,06","84,97","124,51","69,04","127,16","219,49","104,9","100,976",105148,"4136,25",,"8858,86",,,,,,
2023-05-06,,,,,,"28904,62",,,,,,,,,,,,,,,,,,,,,,,,,,,,,,,,,,,,,,,,
2023-05-07,,,,,,"28454,98",,,,,,,,,,,,,,,,,,,,,,,,,,,,,,,,,,,,,,,,
2023-05-08,,"67,09",,"40,44","591,3","27694,27","9,1077","10,38","73,38","107,77","103,4","161,4473","38,29","19,5275",,"54,68","23,2568","228,9","95,64","63,92","233,27","308,65","29,151","323,69","110,15","24,54","412,74","36,04","171,79","85,54","125,69","69,97","127,12","219,87",,"100,9364",106042,"4138,12",,"8863,01",,"5,008","3,7426","5,5054","6,3091",
2023-05-09,,"66,47",,"40,46","584,5","27658,78","9,2154","10,63","74,28","107,35","102,6","160,9437","38,55","19,4975",,"54,19","23,3981","226,95","96,03","63,39","233,37",307,"28,571","321,64","110,15","24,54","410,93","36,25","169,15","85,06","124,6","70,69","126,4","217,97",105,"100,6295",107114,"4119,17",,"8823,05",,"4,9859","3,7259","5,4645","6,2949",
2023-05-10,,"66,45",,"40,79","599,6","27621,76","9,3385","10,4","73,52","111,75","102,81","160,9536","38,51","19,1825",,"54,11","23,7423","225,7","95,55","63,5","233,08","312,31","28,885","325,14","110,19","24,37","412,85","36,55","168,54","84,9","124,74","69,36","126,68","222,94","105,02","100,7879",107448,"4137,64",,"8862,85",,"4,9429","3,6948","5,4266","6,2412",
2023-05-11,,"66,16",,"41,09","593,3","27000,79","9,4769","10,14","73,57","116,57","103,15","162,731","38,19","18,965",,"53,88","23,9718",225,"95,37","63,86","235,79","310,11","28,578","326,2","110,23","23,19","412,13","37,07","172,08","83,43","125,57","68,01","119,64","220,47","104,7","100,778",108256,"4130,62",,"8849,69",,"4,9295","3,6505","5,3762","6,1614",
2023-05-12,,"65,16",,"40,98","596,6","26804,99","9,3615","10,3","74,33","117,51","103,41","162,4644","38,11","18,9425",,"53,72","23,7511",224,"95,1","64,11","233,81","308,97","28,34","325,03","110,23",23,"411,59","37,19","167,98","83,43","125,26","68,08","119,24","222,73","104,52","102,6886",108464,"4124,08",,"8837,68",,,,,,
2023-05-13,,,,,,"26784,08",,,,,,,,,,,,,,,,,,,,,,,,,,,,,,,,,,,,,,,,
2023-05-14,,,,,,"26930,64",,,,,,,,,,,,,,,,,,,,,,,,,,,,,,,,,,,,,,,,
2023-05-15,,"66,72",,"40,88","595,6","27192,69","9,5077","10,19","75,18","116,51","103,41","161,9213","38,19","19,1525",,"54,1","23,8394","223,5","95,17","63,94","238,86","309,46","28,953","326,79","110,24","23,1","413,01","37,17","166,35","85,66","125,07","69,06","118,74","226,09","104,99","102,4609",109029,"4136,28",,"8865,03",,"4,8879","3,6279","5,3127","6,1222",
2023-05-16,,"66,09",,"39,77","604,2","27036,65","9,3769",10,"74,78","119,51","103,49","160,8549","37,72","18,7175",,"53,56","23,7599","224,5",95,"63,22","238,82","311,74","29,213","327,16","110,24","22,8","410,25","37,02","166,52","85,88","124,05","67,64","116,6","224,47","104,79","101,9264",108194,"4109,9",,"8808,95",,"4,9394","3,6627","5,364","6,1663",
2023-05-17,,"66,3",,"41,18","608,4","27398,8","9,1923","9,92","76,03","120,84","103,5","160,9536","37,59","18,63",,"53,77","23,9982","226,7","94,85","63,15","242,49",314,"30,178","331,12","110,26","22,8","415,23","37,09","173,86","90,88","125,02","69,88","116,52","223,96","104,72","102,2332",109460,"4158,77",,"8915,43",,"4,9377","3,6648","5,349","6,1634",
2023-05-18,,"65,96",,"40,69","640,6","26832,21","9,2077","9,6","76,62","122,83","103,5","160,5685","37,09","18,9325",,"53,68","23,91","230,53","95,19","62,8","246,85","318,52","31,678","337,27","110,29","22,54","419,23","37,16","176,89","92,65","139,63","69,98","120,3","225,92","105,5","101,966",110108,"4198,05",,"9001,25",,"4,9644","3,6757","5,3463","6,1538",
2023-05-19,,"66,11",,"40,76","643,4","26890,13","9,3231","9,65","76,2","122,76","103,76","160,16","37,45","18,855",,"54,06","23,7158","231,49","95,24","62,83","245,64","318,34","31,264","336,51","110,29","22,86","418,62","37,08","180,14","92,58","137,43","69,21","120,2","227,41","105,82","101,273",110745,"4191,98",,"8988,46",,,,,,
2023-05-20,,,,,,"27129,59",,,,,,,,,,,,,,,,,,,,,,,,,,,,,,,,,,,,,,,,
2023-05-21,,,,,,"26753,83",,,,,,,,,,,,,,,,,,,,,,,,,,,,,,,,,,,,,,,,
2023-05-22,,"66,68",,"40,79","643,2","26851,28","9,2769",,"76,96","125,05","103,4","160,89","37,39","18,925",,"53,96","23,2657","230,3","95,23","61,51","248,32","321,18","31,176","337,64","110,29","22,64","418,79","37,08","188,87","91,72","137,25","68,1","120,52","228,54","106,2","101,6789",110213,"4192,63",,"8990,89",,"4,9661","3,6756","5,3653","6,169",
2023-05-23,,"65,59",,"40,64",635,"27225,73","9,2308","9,67","76,11","122,56","103,39","159,61","37,42","18,6875",,"53,21","23,451","227,8","95,31","61,4","246,74","315,26","30,688","333,36","110,31","22,47","414,09","37,25","185,77","90,44","135,78","66,56","121,16","223,02","105,56","99,9365",109929,"4145,58",,"8890,16",,"4,9712","3,6807","5,3512","6,1652",
2023-05-24,,"65,05",,"40,65","621,7","26334,82","9,2308","9,41","75,95","120,9","102,4","158,81","37,13","18,95",,"52,37","23,3186","225,32","95,03","60,88","249,21","313,85","30,538","331,65","110,31","22,1","411,09","37,33","182,9","90,13","135,84","65,05","119,32","222,04","103,88","98,8971",108800,"4115,24",,"8825,26",,"4,9586","3,6471","5,3306","6,1342",
2023-05-25,,"64,91",,"40,21","652,6","26476,21","9,2615","9,25","76,99","123,48","102,64","159,71","36,76","19,3025",,"52,19","24,0512",231,95,"60,41","252,69","325,92","37,98","339,72","110,36","21,79","414,65","37,62","184,47","100,95","136,73","64,85","118,14","223,85","103,9","100,7582",110054,"4151,28",,"8902,84",,"5,0352","3,6881","5,3969","6,2022",
2023-05-26,,"66,1",,"40,45","682,1","26719,29","9,2538","9,4","77,25","124,61","103,2","159,5","36,92","19,585",,"52,73","23,8658","231,6","95,02","60,26","262,04","332,89","38,946","348,4","110,38","22,35","420,02","37,68","193,17","103,21","138,98","66,33","119,76","225,99","105,32","100,8498",110906,"4205,45",,"9019,64",,,,,,
2023-05-27,,,,,,"26868,35",,,,,,,,,,,,,,,,,,,,,,,,,,,,,,,,,,,,,,,,
2023-05-28,,,,,,"28085,65",,,,,,,,,,,,,,,,,,,,,,,,,,,,,,,,,,,,,,,,
2023-05-29,,,,,"676,2","27745,88","9,2077","9,44",,,"103,99","159,34",,,,,"23,7599","233,39",95,,,,,,,,,"37,86",,,,"65,83","120,24",,,"100,8101",110333,,,,,"5,0181","3,6872","5,3708","6,197",
2023-05-30,,"65,28",,"40,34","683,1","27702,35","9,1615","9,24","76,69","123,67","104,01","159,08","37,14","19,735",,"52,21","23,4245",234,"94,98","59,78","262,52","331,21","40,111","349,98","110,39","22,25","420,18","37,59","201,16","101,98","138,28","64,28","118,8","224,85","105,14","100,1848",108967,"4205,52",,"9020,39",,"5,0348","3,7008","5,4012","6,2482",
2023-05-31,,"64,81",,"39,8","671,5","27219,66",9,"9,35","75,49","122,87","103,7","159,11","37,2","19,3075",,"51,61","23,2392","233,25","95,24","59,66","264,72","328,39","37,834","347,99","110,41","22,56","417,85","36,92","203,93","98,59","137,73","63,81","116,58","223,32","103,96","100,6215",108335,"4179,83",,"8967,16",,"5,0548","3,7243","5,4022","6,2914",
2023-06-01,,"65,83",,"40,93","677,2","26819,97","9,0538","9,59","76,93","123,72","101,95",161,"37,49","19,6175",,"52,22","23,5658","233,4",93,60,"272,61","332,58","39,77","352,01",110,"22,92","421,82","37,08","207,52","98,84","137,59","65,16","118,08","223,28","105,38","101,2469",110565,"4221,02",,"9057,17",,"5,0131","3,7263","5,392","6,2791",
2023-06-02,,"67,04",,"41,34","674,6","27249,59","9,1385","9,45","79,05","124,67","102,31","160,9","36,94","20,1225",,"52,82","23,91",234,"93,05","61,16","272,61","335,4","39,327","354,65","110,01","22,64","427,92","36,93","213,97","98,94","137,52","67,94","121,54","226,97","107,16","101,5447",112558,"4282,37",,"9189,34",,,,,,
2023-06-03,,,,,,"27075,13",,,,,,,,,,,,,,,,,,,,,,,,,,,,,,,,,,,,,,,,
2023-06-04,,,,,,"27119,07",,,,,,,,,,,,,,,,,,,,,,,,,,,,,,,,,,,,,,,,
2023-06-05,,"66,86",,"42,2","675,2","25760,1","9,1385","9,6","78,7","126,01","102,04","158,8","37,16","20,11",,"52,44","23,9629","232,55","93,69","60,75","271,39","335,94","39,171","354,9","110,01","22,6","427,1","36,67","217,61","98,05","136,72","67,38","122,54","224,96","107,24","100,9491",112696,"4273,79",,"9171,09",,"4,9256","3,6618","5,2741","6,1162",
2023-06-06,,"67,36",,"43,52","669,2","27238,78","9,3692","9,69","80,55","127,31","102,3","158,23","37,2","20,295",,"52,7","24,1306","232,49","93,41","60,31","271,12","333,68","38,654","354,84","110,03","22,63","428,03","37,36","221,31","99,82","135,68","67,6","124,04","224,36","107,32","100,8498",114610,"4283,85",,"9192,91",,"4,912","3,6637","5,2513","6,0976",
2023-06-07,,"66,59",,"43,53","667,9",26346,"9,3846","9,51","79,05","122,5","102,02","158,25","36,76","20,1525",,"51,32","24,2012","231,85","93,67","60,22","263,6","323,38","37,475","348,82","110,05","22,48","426,55","37,46","224,57","100,29","132,25","68,67","124,34","220,83","107,32","100,7208",115488,"4267,52",,"9158,14",,"4,9224","3,6789","5,2669","6,1255",
2023-06-08,,"67,06",,"43,15","662,7","26508,22",,"9,55","79,06","122,14",,,"37,25","19,8625",,"51,85",,,,"60,37","264,58","325,26","38,51","353,15","110,12","23,3","429,13",,"234,86","99,94","133,12",,"125,76","220,51","107,43",,,"4293,93",,"9215,86",,"4,9221","3,6826","5,3058","6,1824",
2023-06-09,,"67,23",,"43,16","666,6","26480,38","9,6538","9,5","80,35","122,23","102,67","159,01","37,14","19,95",,"51,61","24,5366","231,44","93,69","60,47","264,95","326,79","38,77","354,5","110,12","23,29","429,9","38,01","244,4","102,8","134,03","68,36","126,28","220,97","107,7","101,1576",117019,"4298,86",,"9226,7",,,,,,
2023-06-10,,,,,,"25851,24",,,,,,,,,,,,,,,,,,,,,,,,,,,,,,,,,,,,,,,,
2023-06-11,,,,,,"25940,17",,,,,,,,,,,,,,,,,,,,,,,,,,,,,,,,,,,,,,,,
2023-06-12,,"67,47",,"43,08","671,5","25902,5","9,8308","9,39","80,74","123,64","102,15",160,"37,11","19,2475",,"51,8","24,2718","232,71","93,4","60,21","271,05","331,85","39,482","360,49","110,14","23,08","433,8","38,16","249,83","107,06",136,"67,12","129,5","223,91","107,98","101,237",117336,"4338,93",,"9312,72",,"4,8606","3,6353","5,2296","6,079",
2023-06-13,,"68,28",,"43,02","680,6","25918,73","9,6538","9,34","82,55","123,83","103,04","159,99","36,83","19,695",,"52,18","24,5455","234,1","93,64","60,45","271,32","334,29","41,022","363,26","110,16","22,7","436,66","37,65","258,71","106,8","136,47","67,83","130,84","223,45","109,36","101,098",116743,"4369,01",,"9377,65",,"4,861","3,6489","5,2421","6,1237",
2023-06-14,,"68,61",,"43,15","681,7","25124,68","9,8077","9,27","82,98","123,67","104,07","160,5","36,86","19,945",,"52,37","24,8808",232,"94,24","60,86","273,35","337,34","42,997","365,9","110,17","22,95","437,18","38,11","256,79","107,41","136,63","69,02","131,74","220,79","109,88","101,2469",119069,"4372,59",,"9387,54",,"4,815","3,611","5,2176","6,1005",
2023-06-15,,"69,13",,"43,92","673,8","25576,39","9,8154","9,02","83,22","125,09","103,72",162,"37,11","20,235",,"53,05","25,2074",235,"94,9","61,23","281,83","348,1","42,653","370,26","110,25","22,91","442,6","38,01","255,9","105,18","137,2","69,56","130,08","224,71","110,38","101,7432",119221,"4425,84",,"9503,53",,"4,8092","3,636","5,262","6,1425",
2023-06-16,,"68,96",,"44,96","659,8","26327,46","9,5462","9,04","83,56","123,53","103,8",162,"37,06","20,07",,"53,03","25,2868",235,"95,98","61,67",281,"342,33","42,692","367,93","110,26","23,17","439,46","37,39","260,54","104,57","138,64","69,67","129,02","223,69","110,74","103,4803",118758,"4409,59",,"9468,81",,,,,,
2023-06-17,,,,,,"26510,68",,,,,,,,,,,,,,,,,,,,,,,,,,,,,,,,,,,,,,,,
2023-06-18,,,,,,"26336,21",,,,,,,,,,,,,,,,,,,,,,,,,,,,,,,,,,,,,,,,
2023-06-19,,,,,"661,2","26851,03","9,6385",9,,,"103,5","164,37",,,,,"25,6311","232,9","96,5",,,,,,,,,"37,81",,,,"69,4","127,98",,"110,11","102,9343",119858,,,,,"4,7769","3,6141","5,2151","6,105",
2023-06-20,,"67,34",,"45,66","656,4","28327,49","9,8","8,88","82,28","123,1","103,53","164,73","36,68","20,0775",,"52,26","25,3839","232,2","97,08","61,26","284,33","338,05","43,808","366,9","110,26","22,2","437,18","37,83","274,45","103,98","139,03","67,61","126,1","221,69","109,28","103,1329",119622,"4388,71",,"9424,02",,"4,7893","3,6187","5,227","6,1087",
2023-06-21,,"66,96",,"46,77",646,"30027,3","9,9154","8,77","83,7","120,55","103,75","165,82","36,63","19,9675",,"52,19","25,6311","230,07","97,76","61,43","281,64","333,56","43,045","361,9","110,27","21,78","434,94","37,85","259,46","101,64","140,46","66,93","125,02","220,36","109,16","103,4207",120420,"4365,69",,"9375,21",,"4,7623","3,6167","5,2323","6,0821",
2023-06-22,,"66,88",,"45,73","651,9","29912,28","9,6077","8,72","83,92","123,15","103,77",165,"36,26","19,89",,"51,97","25,3839","231,1","97,86","61,85","284,88","339,71","43,025","366,17","110,31","21,44","436,51","37,58","264,61","103,13","141,18","66,57",123,"220,27","108,9","103,4306",118934,"4381,89",,"9410,83",,"4,7697","3,6282","5,2257","6,0753",
2023-06-23,,"65,8",,"45,8","640,8","30695,47","9,9308","8,82","82,17","122,34","103,87","165,48","36,35","20,0025",,"51,33","25,3045","229,45","97,5","61,2","288,73","335,02","42,209","362,54","110,32","21,5","433,21","38,05","256,6","101,91","141,85","65,9","122,36","221,33",108,"103,2321",118977,"4348,33",,"9338,84",,,,,,
2023-06-24,,,,,,"30548,7",,,,,,,,,,,,,,,,,,,,,,,,,,,,,,,,,,,,,,,,
2023-06-25,,,,,,"30480,26",,,,,,,,,,,,,,,,,,,,,,,,,,,,,,,,,,,,,,,,
2023-06-26,,"66,01",,"46,35","647,3","30271,13","9,7231","8,81","81,45","118,34",104,"165,7","36,42","19,8675",,"51,4","25,2692",228,98,"61,22","278,47","328,6","40,632","357,68","110,34","21,85","431,44","37,81","241,05","100,11","143,51","66,04","122,74","219,45","108,1","103,4306",118243,"4328,82",,"9297,12",,"4,7673","3,6236","5,1985","6,0569",
2023-06-27,,"66,82",,"45,37","649,6","30688,16","9,7077","8,7",82,"118,33","103,86",166,"36,25","20,2225",,"51,92","24,9868","232,02","97,3","61,09","287,05","334,57","41,876","363,83","110,36","21,94","436,17","37,46","250,21","102,08","146,34","66,83","120,7","221,44","108,48","103,6391",117523,"4378,41",,"9403,62",,"4,8105","3,6435","5,2681","6,1237",
2023-06-28,,"66,45",,"45,4","664,7","30086,25","9,6308","8,62","82,98","120,18","103,85","165,9","36,17","20,04",,"51,9","24,8455","234,74","96,9","60,52","285,29","335,85","41,117","364,54","110,37","21,78","436,39","37,28","256,24","100,92","145,98","64,72","121,72","222,81","108,96","103,927",116681,"4376,86",,"9400,3",,"4,8505","3,6589","5,2934","6,1329",
2023-06-29,,"65,91",,"45,36","668,4","30445,35","9,7231","8,58","83,06","119,1","103,86","165,94","36,15","20,7025",,"51,81","25,1456",235,"97,09","60,02","281,53","335,05","40,822","363,81","110,39","21,64","438,11","37,17","257,5","100,64","145,47","65,51","122,42","222,93","108,96","104,2247",118383,"4396,44",,"9443,46",,"4,8556","3,6624","5,2739","6,1251",
2023-06-30,,"66,44",,"45,78",663,"30477,25","9,8923","8,75","83,25","119,7",104,"167,23","36,39","20,7675",,"52,63","25,0838","235,25","97,65","60,22","286,98","340,54","42,302","369,42","110,45","21,85","443,28","37,64","261,77","100,92","147,16","64,22","122,94","225,97","110,2","104,7111",118087,"4450,38",,"9559,67",,,,,,
2023-07-01,,,,,,"30590,08",,,,,,,,,,,,,,,,,,,,,,,,,,,,,,,,,,,,,,,,
2023-07-02,,,,,,"30620,77",,,,,,,,,,,,,,,,,,,,,,,,,,,,,,,,,,,,,,,,
2023-07-03,,"67,23",,46,"666,1","31156,44","9,8692",,84,"119,9","102,86","164,5","36,41","20,9225",,"52,48","25,5605","236,98","96,63","60,58","286,02","337,99","42,413","370,29","110,01","21,94","443,79","37,51","279,82","103,15","147,73","66,23","123,78","222,91","110,52","104,6218",119673,"4455,59",,"9571,35",,"4,8065","3,6267","5,2429","6,0938",
2023-07-04,,,,,"669,1","30777,58","9,7846","9,32",,,"103,79",165,,,,,"25,4016","238,1","97,28",,,,,,,,,"37,4",,,,"65,9","123,52",,"110,6","104,2247",119076,,,,,"4,8399","3,6579","5,2648","6,155",
2023-07-05,,"66,7",,"46,74","659,3","30514,17","9,7538","8,98","83,47","121,75","103,8",165,"36,29","21,0725",,"51,83","25,6222","238,29","97,5","61,03","294,37","338,15","42,317","370,28","110,03","22,17","443,13","37,12","282,48","100,99","145,04","65,32","123,62","222,45","110,16","104,1056",119549,"4446,82",,"9553,69",,"4,8472","3,6471","5,2594","6,1501",
2023-07-06,,"65,45",,"44,1","639,8","29909,34","9,6154","8,84",82,"120,11","103,88","165,41","36,18","21,1425",,"50,88","25,2427","240,9","97,9","60,56","291,99","341,27","42,103","367,46","110,09","21,77","439,66","37,03","276,54","99,41","142,88","64,85","121,36","223,13","108,24","103,8773",117426,"4411,59",,"9478,73",,"4,9187","3,6789","5,3546","6,2684",
2023-07-07,,"66,05",,"45,03","640,4","30342,27","9,6923","9,04","81,95","119,48","103,84","166,35","36,46","21,5275",,"51,19","25,7193","237,5",99,"59,76","290,53","337,22","42,503","366,24","110,09","22,15","438,55","37,17","274,43","100,23","143,19","65,46","122,36","222,45","109,12","103,8319",118898,"4398,95",,"9453,1",,,,,,
2023-07-08,,,,,,"30292,54",,,,,,,,,,,,,,,,,,,,,,,,,,,,,,,,,,,,,,,,
2023-07-09,,,,,,"30171,23",,,,,,,,,,,,,,,,,,,,,,,,,,,,,,,,,,,,,,,,
2023-07-10,,"66,16",,"44,55","645,2","30414,47","9,6462","9,25","81,45","116,45","103,8",167,"36,48","21,38",,"51,47","25,5516","238,66","98,29","59,31","294,1","331,83","42,18","366,36","110,11","22,18","439,66","36,75","269,61","99,77","143,94","64,46","122,04","225,09",109,"104,1109",117942,"4409,53",,"9475,9",,"4,8982","3,6883","5,3882","6,2972",
2023-07-11,,"66,85",,"44,84","635,1","30620,95","9,6154","9,22","81,27","117,14","103,75","167,84","36,62","21,5",,"51,99","25,1015","238,6","98,6","59,52","298,29","332,47","42,405","368,17","110,11","22,17","442,46","36,48","269,79","101,26","150,75","66,58","122,74","213,73","109,56","104,1209",117220,"4439,26",,"9539,95",,"4,8515","3,6656","5,3408","6,2755",
2023-07-12,,"68,27",,"45,61",654,"30391,65","9,6077","9,34","80,4","118,93","103,8","166,6","37,12","21,285",,"53,24","24,9515","238,65","98,52","59,84","309,34","337,2","43,902","372,82","110,14","23,13","446,02","36,22","271,99","103,9","149,92","67,05","123,56","215,83","111,5","103,6326",117666,"4472,16",,"9610,87",,"4,8169","3,6526","5,3644","6,2599",
2023-07-13,,"69,23",,"46,36",663,"31476,05","9,7769","9,36","81,11","124,54","104,07","167,14","37,14","21,4375",,"54,08","25,2251","239,1","98,88","60,35","313,41","342,66","45,977","379,15","110,2","23,78","449,56","36,22","277,9","105,57","149,29","68,61","123,9","216,41","112,28","103,7322",119264,"4510,04",,"9693,3",,"4,7948","3,6553","5,3796","6,2946",
2023-07-14,,"68,88",,"44,88","684,9","30334,07","9,6769","9,72","80,77","125,42","104,5",165,"37,02","21,1575",,"53,84","24,9603","238,85","98,96","60,9","308,87","345,24","45,469","379,07","110,21","23,88","449,28","36,17","281,38","105,14",150,"68,61","123,16","216,63","112,66","103,8319",117711,"4505,42",,"9683,69",,,,,,
2023-07-15,,,,,,"30295,81",,,,,,,,,,,,,,,,,,,,,,,,,,,,,,,,,,,,,,,,
2023-07-16,,,,,,"30249,13",,,,,,,,,,,,,,,,,,,,,,,,,,,,,,,,,,,,,,,,
2023-07-17,,"68,88",,"46,63","664,7","30145,89","9,6769","9,77","80,65","124,65","104,98","163,85","37,04","20,95",,"53,78","25,4457","240,37","99,05","60,81","310,62","345,73","46,461","382,61","110,22","23,83","450,84","36,41","290,38","104,79","152,71","67,85","122,06","215,31","112,46","103,7223",118219,"4522,79",,"9721,03",,"4,8058","3,6397","5,399","6,2825",
2023-07-18,,"68,22",,"47,08","664,2","29856,56","9,5769","10,09","82,34","123,76","105,45","162,26","37,46","21,5675",,"54,02","24,9515","242,4","97,61","60,57","312,05","359,49","47,494","385,74","110,23","24,02","454,19","36,36","293,34","103,15","153,55","67,42","122,72","215,46","112,9","103,8319",117841,"4554,98",,"9790,2",,"4,8093","3,6508","5,397","6,2684",
2023-07-19,,"68,11",,"46,89","651,9","29913,92","9,5385","9,95","82,96","122,03","104,67","162,38","37,48","20,4925",,"54,05","24,6867","241,77","97,35","61,64","316,01","355,08","47,077","385,65","110,25","24,14","455,2","36,19","291,26","103,06","152,01","67,24","123,76","215,01","113,5","103,234",117552,"4565,72",,"9813,46",,"4,7899","3,6371","5,3643","6,1969",
2023-07-20,,"67,62",,"46,73","620,1","29792,02","9,5231","9,77","82,42","119,2","105,7","162,49","37,29","20,885",,"53,85","25,1456","241,13","96,69","62,39","302,52","346,87","45,52","376,76","110,3","23,69","452,18","36,38","262,9","97,86","151,64","67,39","124,06","213,6","112,86","103,3735",118083,"4534,87",,"9748,1",,"4,7969","3,6392","5,3389","6,1744",
2023-07-21,,"67,45",,"47,43","625,5","29908,74","9,6692","9,68","83,07","120,02","105,7","163,31","37,17","20,8625",,"54,01","25,5958","239,89","97,86","62,44","294,26","343,77","44,309","375,63","110,31","23,6","452,18","36,61","260,02","97,25","149,96","67,8","124,92","213,89","112,9","103,7322",120217,"4536,34",,"9751,26",,,,,,
2023-07-22,,,,,,"29771,8",,,,,,,,,,,,,,,,,,,,,,,,,,,,,,,,,,,,,,,,
2023-07-23,,,,,,"30084,54",,,,,,,,,,,,,,,,,,,,,,,,,,,,,,,,,,,,,,,,
2023-07-24,,"68,34",,"47,27","615,7","29176,92","9,7538","9,58","83,16","121,53","106,1","164,4","37,02","20,78",,"53,83","25,1898","238,8","98,1","62,46","291,61","345,11","44,612","376,23","110,32","23,35","454,2","36,75","269,06","98,25","150,28","69,85","125,6","211,88","113,06","103,8319",121342,"4554,64",,"9790,76",,"4,7255","3,5853","5,2252","6,0543",
2023-07-25,,"68,95",,"47,24","628,4","29227,39","9,7462","9,55","82,98","122,21","105,6","164,64","37,22","20,725",,"53,89","25,2427","240,6","98,25","62,25","294,47","350,98","45,679","378,78","110,33","23,65","455,44","36,24","265,28","100,32","151,03","72,01","125,28","211,05","113,38","103,812",122008,"4567,46",,"9818,49",,"4,7489","3,6","5,2449","6,1162",
2023-07-26,,"69,34",,"47,05","617,4","29354,97","9,8154","9,44","82,83","129,27","105,36","163,5","37,42","21,38",,"53,94","25,3839","239,45","98,12","63,05","298,57","337,77","45,452","377,52","110,35","23,96","455,51","36,32","264,35","99,41","150,25","71,76","123,5","210,84","113,28","104,0212",122560,"4566,75",,"9817,11",,"4,7362","3,585","5,245","6,1224",
2023-07-27,,"68,66",,"45,52","652,8","29210,69","9,6308","8,86","82,86","129,4","106,59","163,65","36,84","21,7125",,"53,64","24,8191","238,95",98,"62,44","311,71","330,72","45,9","376,62","110,39","23,12","452,49","36,1","255,71","99,35","149,85","70,42","120,96","209,45","114,02","103,5927",119990,"4537,41",,"9754,72",,"4,7416","3,5836","5,2046","6,0664",
2023-07-28,,"70,48",,"46,41",653,"29319,25","9,6923","8,91","84,87","132,58","106,78","163,69","37,12","21,7475",,"54,07","25,1898","240,2","98,5","62,48","325,48","338,37","46,75","383,48","110,42","23,32","456,92","36,19","266,44","100,86","151,6","67,63","121,28","208,28","114,23","103,533",120187,"4582,23",,"9852,01",,,,,,
2023-07-29,,,,,,"29356,92",,,,,,,,,,,,,,,,,,,,,,,,,,,,,,,,,,,,,,,,
2023-07-30,,,,,,"29275,31",,,,,,,,,,,,,,,,,,,,,,,,,,,,,,,,,,,,,,,,
2023-07-31,,"70,53",,"46,83","652,2","29230,11","9,7462","9,17","85,38","132,72","105,51","163,25","37,2","21,8325",,"54,05","25,278","239,82","98,92","61,93","318,6","335,92","46,729","383,68","110,44","23,72","457,79",36,"267,43","99,15","152,94","69,16","120,56","210,95","114,22","105,6056",121943,"4588,96",,"9866,77",,"4,7247","3,5844","5,1952","6,0569",
2023-08-01,,"69,7",,"46,21","644,6","29675,73","9,7154","8,9","85,06","131,55","104,2","162,96","36,84","22,1975",,"53,51","25,3398","242,65","97,15","61,77","322,71","336,34","46,507","382,79","109,99","23,29","456,48","36,13","261,07","98,4","151,79","68,2",120,"211,4","113,42","107,1202",121248,"4576,73",,"9840,71",,"4,792","3,6009","5,2556","6,1275",
2023-08-02,,"67,9",,"44,6","628,9","29151,96","9,7154","8,8","83,54","128,38","104,9","163,1","36,67","22,2525",,"52,52","25,2604","240,2","97,02","61,96","314,31","327,5","44,269","374,39","110,01","22,74","450,13","36,2","254,11","95,7","147,22","67,09","119,06","207,89","111,86","108,1366",120859,"4513,39",,"9704,63",,"4,8104","3,5982","5,253","6,1189",
2023-08-03,,"68,43",,"45,35","619,3","29178,68","9,5923","8,85","82,7","128,45","105,84","163,2","36,65","22,76",,"52,37","25,0662","244,75","97,01","61,64","313,19","326,66","44,515","373,79","110,05","22,6","448,84","36,42","259,32","94,98","145,75","67,51","118,84","208,13","111,44","108,1067",120586,"4501,89",,"9680,36",,"4,9164","3,6655","5,3571","6,2461",
2023-08-04,,"68,17",,"45,65","621,1","29074,09","9,3692","9,04","83,35","128,11","106,25","163,56","36,77","22,325",,"52,46","24,6072","241,7","97,4","60,71","310,73","327,78","44,68","372,04","110,08","22,64","446,81","36,5","253,86","96,16","142,18","67,56","118,58","205,11","112,22","108,5053",119508,"4478,03",,"9629,77",,,,,,
2023-08-05,,,,,,"29042,13",,,,,,,,,,,,,,,,,,,,,,,,,,,,,,,,,,,,,,,,
2023-08-06,,,,,,"29041,86",,,,,,,,,,,,,,,,,,,,,,,,,,,,,,,,,,,,,,,,
2023-08-07,,"68,12",,"45,62","625,2","29180,58","9,2462",,"84,28","131,53",106,"163,1","36,69","22,525",,"52,92","24,4131","244,99","98,5","61,19","316,56","330,11","45,417","375,19","110,08","22,16","450,71","36,35","251,45","96,35","141,18","67,9","118,32","205,25","111,6","108,5153",119380,"4518,44",,"9716,91",,"4,899","3,6585","5,3825","6,2578",
2023-08-08,,"67,19",,"46,14","614,8","29765,49","9,2385","8,72","84,12","131,4","105,9","162,5","36,46","22,225",,"52,67","24,3601","243,95","98,59","60,92","312,64","326,05","44,664",372,"110,1","21,84","448,75","35,31","249,7","94,49","140,14","67,46","116,42","203,21","110,74","108,585",119090,"4499,38",,9676,,"4,8986","3,6483","5,3615","6,2344",
2023-08-09,,"67,39",,"45,48","614,1","29561,49","9,3385","8,53","83,9","129,66","106,58","162,2","36,28","22,475",,"52,84","24,2718",243,"98,79","61,06","305,21","322,23","42,554","367,91","110,11","21,75","445,75","34,69","242,19","93,98","139,4","66,85","116,88","204,61",111,"109,4121",118409,"4467,71",,"9608,73",,"4,9017","3,6515","5,3787","6,2305",
2023-08-10,,"67,49",,"46,79","624,2","29429,59","9,3692","8,51","84,97","129,69","107,2",162,"36,24","22,6125",,"53,03","24,3513","241,53","98,5","60,92","305,74","322,93","42,388","368,59","110,16","21,77","445,91","34,88","245,34","94,8","138,46","66,06","117,68","203,97","111,88","109,173",118350,"4468,83",,"9612,36",,"4,8915","3,63","5,3571","6,1919",
2023-08-11,,"66,36",,"46,5","605,7","29397,71","9,5308","8,57","84,97","129,56","107,66","162,1","36,24","22,905",,"52,59","24,3954","242,75","98,87","61,17","301,64","321,01","40,855","366,24","110,18","21,75","445,65","34,83","242,65","91,99","140,2","65,51",117,"205,96","110,46","109,5018",118065,"4464,05",,"9603,45",,,,,,
2023-08-12,,,,,,"29415,96",,,,,,,,,,,,,,,,,,,,,,,,,,,,,,,,,,,,,,,,
2023-08-13,,,,,,"29282,91",,,,,,,,,,,,,,,,,,,,,,,,,,,,,,,,,,,,,,,,
2023-08-14,,"66,02",,"45,15","605,2","29408,44","9,5077","8,42","84,4","131,33","106,96",162,"36,14","23,2775",,"52,51","24,0424","246,7","98,85","60,88","306,19","324,04","43,753","370,35","110,2","21,65","448,11","34,82","239,76","93,07","142,38","61,9","116,9","208,26","110,62","109,6114",116810,"4489,72",,"9659,26",,"4,9621","3,6854","5,4103","6,2893",
2023-08-15,,"65,14",,"44,99","600,5","29170,35","9,2","8,18","83,6","129,78","107,49","161,9","36,03","22,895",,"51,86","23,91","245,25","98,97","60,47","301,95","321,86","43,94","366,42","110,22","21,62","442,89","34,5","232,96","91,68","139,51","61,29","115,74","206,13","109,94","109,5815",116171,"4437,86",,"9549,17",,"4,9832","3,6919","5,4346","6,3211",
2023-08-16,,"64,5",,"45,12",602,"28701,78","9,2077","8,1","82,96","128,7",107,"162,13","35,83","22,82",,"51,52","23,8923","242,99","99,05","60,48","294,29","320,4","43,486","362,54","110,23","21,49","439,64","34,45","225,6","91,78","140,27","61,05","115,1","204,87","109,54","109,5117",115592,"4404,33",,"9478,54",,"4,9869","3,6831","5,42","6,3412",
2023-08-17,,"64,68",,"44,21","592,7","26664,55","9,2385","8,04","82,43","129,92","106,3","161,33","35,77","22,6475",,"51,1","23,6099","241,2","98,85","60,61","285,09","316,88","43,344","358,58","110,28","21,74","436,29","34,5","219,22","91,64","138,08","61,91","114,7","201,11","108,6","108,316",114982,"4370,36",,"9407,27",,"4,9755","3,6831","5,42","6,3371",
2023-08-18,,"64,07",,"44,5","598,2","26049,56","9,2385","8,1","82,43","127,46",106,"161,74","35,78","22,88",,"51,04","23,7952","240,68","99,3","60,95","283,25","316,48","43,299","358,13","110,29","21,82","436,5","34,72","215,49","91,1","137,46","61,22","114,46","201,34","107,72","108,1566",115409,"4369,71",,"9406,5",,,,,,
2023-08-19,,,,,,"26096,21",,,,,,,,,,,,,,,,,,,,,,,,,,,,,,,,,,,,,,,,
2023-08-20,,,,,,"26189,58",,,,,,,,,,,,,,,,,,,,,,,,,,,,,,,,,,,,,,,,
2023-08-21,,"64,16",,"44,52","599,7","26124,14","9,3923","8,28","82,97","128,37","106,4","160,12","35,87","23,26",,"51,3","23,6981","242,7","99,2","60,43","289,9","321,88","46,967","363,9","110,3","22,34","439,34","34,45","231,28","92,56","139,56","61,3","114,4","201,93","107,88","107,9672",114429,"4399,77",,"9471,39",,"4,9787","3,6725","5,4199","6,3452",
2023-08-22,,64,,"45,34","619,3","26031,66","9,4231","8,39","83,32","129,08","106,1","161,24","35,94","22,8375",,"51,14","24,0688","240,19","98,88","60,06","287,6","322,46","45,668","363,38","110,32","22,44","438,15","34,5","233,19","92,24","140,48","62,58","114,42","202,99","108,54","107,8178",116156,"4387,55",,"9445,22",,"4,9371","3,6384","5,3505","6,2814",
2023-08-23,,"64,92",,"46,5","625,4","26431,64","9,4","8,69","83,75","132,37","106,2","161,57","36,31","22,9875",,"51,57","24,3689","238,65",99,"60,27","294,24",327,"47,116","369,11","110,34","23,3","443,03","34,57","236,86","94,22","144,55","63,04","113,74","205,19","109,32","107,5587",118135,"4436,01",,"9549,73",,"4,8551","3,5858","5,2715","6,169",
2023-08-24,,"64,7",,"45,39","603,6","26162,37","9,4462","8,83","83,38","129,78","106,42","161,2","36,3","22,9525",,"50,86","24,0865","236,8","99,05","60,11","286,75","319,97","47,163","361,22","110,39","23,11","436,89","34,9","230,04","92,53","139,66","62,2","112,18","202,57","108,74","107,9772",117026,"4376,31",,"9421,47",,"4,8803","3,5891","5,2673","6,1387",
2023-08-25,,"64,8",,"45,8","594,2","26047,67","9,4154","8,77","84,23","129,88","106,64","161,54","36,26","23,155",,"51,23","23,707","238,35","99,21","60,39","285,5","322,98","46,018","364,02","110,39","23,21","439,97","34,77","238,59","93,1","141,42","62,07","112,1","205,74","108,22","108,1167",115837,"4405,71",,"9485,89",,,,,,
2023-08-26,,,,,,"26008,46",,,,,,,,,,,,,,,,,,,,,,,,,,,,,,,,,,,,,,,,
2023-08-27,,,,,,"26089,69",,,,,,,,,,,,,,,,,,,,,,,,,,,,,,,,,,,,,,,,
2023-08-28,,"65,47",,"47,12","606,5","26106,15","9,4846",9,"85,33","131,01","107,15","161,23","36,37","23,33",,"51,73","24,5102","239,74","99,18","60,56","290,26","323,7","46,835","366,76","110,4","23,23","442,76","34,73","238,82",94,"140,8","62,96","112,92","206,53",,"108,0669",117121,"4433,31",,"9545,44",,"4,8726","3,5809","5,2699","6,1387",
2023-08-29,,"66,48",,"47,55",613,"27727,39","9,5538","9,15","85,36","134,57","107,79","161,48","36,7","22,89",,"52,45","24,8985","241,85","99,35","60,5","297,99","328,41","48,784","374,77","110,43","23,73","449,16","34,94","257,18","95,08","141,39","64,97","113,72","207,35","110,66","108,7544",118404,"4497,63",,"9684,22",,"4,8513","3,5773","5,2805","6,1237",
2023-08-30,,"66,2",,"47,38","610,7","27297,27","9,7","9,09","85,53","135,88","106,96","162,09","36,81","22,5625",,"52,43","24,4219","243,85","99,35","60,47","295,1","328,79","49,264","376,86","110,44","23,58","451,01","34,81","256,9","94,78","141,83","64,98","113,42","209,12","111,4","109,8904",117535,"4514,87",,"9722,96",,"4,8884","3,5944","5,313","6,2134",
2023-08-31,,"65,58",,"47,45","607,9","25931,47","9,4846","8,72","86,05","136,17","107,89","162,22","36,75","22,77",,"51,95","24,2101","247,65","99,63","59,83","295,89","327,76","49,355","377,99","110,5","23,4","450,35","34,2","258,08","93,57","142,2","65,08","113,04","207,79","111,28","110,1096",115742,"4507,66",,"9709,68",,"4,9538","3,6611","5,3637","6,2735",
2023-09-01,,"66,43",,"47,78","611,7","25800,72","9,5846","8,62","87,24","135,66","105,77","160,95","36,76","23,1325",,"51,75","24,4042","246,8","98,41","59,31","296,38","328,66","48,509","377,59","110,07","23,16","451,19","34,91","245,01","93,19","141,83","68,89","108,32","205,15","111,36","111,4349",117893,"4515,77",,"9727,64",,,,,,
2023-09-02,,,,,,"25868,8",,,,,,,,,,,,,,,,,,,,,,,,,,,,,,,,,,,,,,,,
2023-09-03,,,,,,"25969,57",,,,,,,,,,,,,,,,,,,,,,,,,,,,,,,,,,,,,,,,
2023-09-04,,,,,"616,8","25812,42","9,5538",,,,"105,95","161,26",,,,,"24,1836","246,94","98,16",,,,,,,,,"34,86",,,,"69,4","108,3",,"111,42","111,8634",117777,,,,,"4,9362","3,6264","5,3213","6,2267",
2023-09-05,,"65,99",,"46,65","619,4","25779,98","9,4385","8,28","88,55","135,77","106,06","160,97","36,48","23,0225",,"51,16","23,8217","248,1","98,8","58,82","300,15","333,55","48,548","378,07","110,07","22,58","449,24","34,3","256,49","94,6","141,18","69,1","108,48","206,25",111,"112,6905",117331,"4496,83",,"9687,26",,"4,9667","3,6458","5,3314","6,2443",
2023-09-06,,"65,72",,"46,23","616,8","25753,24","9,3154","8,39","88,81","134,46","105,97","160,99","36,29","23,3375",,"50,98","23,5922","246,46",99,"58,78","299,17","332,88","47,061","374,74","110,09","22,21","446,22",34,"251,92","92,26","140,97","67,99","107,5","205,58","110,06","113,5973",115985,"4465,48",,"9619,98",,"4,977","3,6516","5,3421","6,2207",
2023-09-07,,"64,9",,"45,72","593,5","26240,2",,"8,45","88,57","135,26",,,"36,34","23,2425",,"50,8",,,,"58,33","298,67","329,91","46,241","372,06","110,15","22,02","444,85",,"251,49","90,05","142,23",,"105,76","207,75","109,76",,,"4451,14",,"9590,4",,"4,9761","3,6352","5,3206","6,1996",
2023-09-08,,"64,92",,"44,69","586,7","25905,65","9,3538","8,5","88,03","136,38","106,99","161,27","36,35","23,615",,"50,84","23,6275","246,35","99,1","58,33","297,89","334,27","45,572","372,58","110,16","21,98","445,52","34,25","248,5","89,64","142,77","66,71","107,06","206,56","110,03","114,2549",115313,"4457,49",,"9604,77",,,,,,
2023-09-09,,,,,,"25895,68",,,,,,,,,,,,,,,,,,,,,,,,,,,,,,,,,,,,,,,,
2023-09-10,,,,,,"25832,23",,,,,,,,,,,,,,,,,,,,,,,,,,,,,,,,,,,,,,,,
2023-09-11,,"65,61",,"44,64","577,4","25162,65","9,5308","8,48","88,45","136,92","106,3",161,"36,41","23,6175",,"51,39","24,2277","244,9","98,89","58,88","307,56","337,94","45,178","376,97","110,18","22,13","448,45","34,7","273,58","89,6","145,38","67,67","108,06","202,26","110,44","113,7966",116883,"4487,46",,"9669,36",,"4,9294","3,6296","5,2979","6,1576",
2023-09-12,,"65,43",,"44,92","577,2","25833,34","9,6231","8,54","88,88","135,34","106,3","161,4","36,23","23,4975",,"51,06","24,3689","245,35","98,9","58,3","301,66","331,77","44,87","372,79","110,19","22,1","445,99","34,78","267,48","90,48","143,19","67,62",109,"198,48","110,38","112,6008",117968,"4461,9",,"9614,66",,"4,9466","3,6503","5,3102","6,1728",
2023-09-13,,"65,32",,"45,17","574,7","26228,32","9,6692","8,16","89,17","136,71","106,49",161,"36,15","23,02",,"50,85","24,4925","243,1","98,82","58,44","305,06","336,06","45,485","374,21","110,21","21,9","446,51","34,78","271,3","91,22","144,36","67,36","109,06","199,47","110,34","111,1958",118176,"4467,44",,"9626,68",,"4,9154","3,6245","5,2719","6,135",
2023-09-14,,"65,78",,"45,53",582,"26539,67","9,7692","8,12","90,85","138,1","106,82","160,74","36,17","23,175",,"51,5","24,3954","243,5","99,1","58,46","311,72","338,7","45,581","377,27","110,26","21,68","450,36","34,92","276,04","91,47","144,4","70,12","108,64","200,41","111,1","112,0826",119392,"4505,1",,"9710,54",,"4,8682","3,6017","5,1813","6,0314",
2023-09-15,,"65,49",,"45,47","561,8","26608,69","9,8462","8,24","90,49","137,4","107,7","162,75","36,42","22,935",,"51,43","24,3425","240,75","99,79","57,94","300,31","330,22","43,9","370,81","110,27","22,06","443,37","35,31","274,39","89,25","142,91","69,54","109,8","200,72","110,62","109,9203",118758,"4450,32",,"9592,86",,,,,,
2023-09-16,,,,,,"26568,28",,,,,,,,,,,,,,,,,,,,,,,,,,,,,,,,,,,,,,,,
2023-09-17,,,,,,"26534,19",,,,,,,,,,,,,,,,,,,,,,,,,,,,,,,,,,,,,,,,
2023-09-18,,"65,43",,"45,85","557,5","26754,28","9,8385","8,49","90,68","138,21","107,39","161,69","36,62","22,6575",,"51,04","24,2807","239,9","99,77","58,3","302,55","329,06","43,966","370,66","110,29","22,27","443,63","35,15","265,28","88,83","141,33","68,72","107,44","199,72","110,32","112,4015",118288,"4453,53",,"9599,93",,"4,8537","3,5967","5,1852","6,0103",
2023-09-19,,"64,92",,"45,01","553,4","27211,12","9,9308","8,51","91,89","138,04",107,"161,6","36,58","22,395",,"51,07","23,9718","239,8","99,36","58,18","305,07","328,65","43,52","369,87","110,29","22,26","442,71","35,01","266,5","88,17","143,91","68,85","109,74","200,4","109,72","111,4947",117846,"4443,95",,"9579,27",,"4,8658","3,6222","5,2004","6,0302",
2023-09-20,,"64,62",,"44,22","556,6","27132,01","10,1154","8,53","90,81","133,74","106,9",161,"36,61","22,6675",,"51,13","24,3778","238,33","99,62","58,44","299,67","320,77","42,239","364,54","110,31","22,33","438,64","35,09","262,59","87,29","140,72","69,31","111,82","200,75","110,4","110,4086",118695,"4402,2",,"9489,92",,"4,8788","3,6192","5,1973","6,0146",
2023-09-21,,"63,43",,"43,33",552,"26567,63","9,9615","8,46","89,55","130,44","107,65","161,78","36,34","22,265",,"50,43","23,8217","236,55","99,45","57,54","295,73","319,53","41,017","357,86","110,36","22,43","431,39","34,98","255,7","85,36","135,94","67,5","111,62","200,33","108,04","109,6114",116145,4330,,"9334,59",,"4,9349","3,6578","5,2564","6,0665",
2023-09-22,,"64,42",,"42,91","555,2","26579,57","9,9154","8,42","90,12","130,25","107,75",161,"36,46","21,9675",,"50,28","23,7599","236,52",99,"57,6","299,08","317,01","41,61","357,91","110,38","22,57","430,42","34,93","244,88","85,64","138,24",68,"114,48","199,72","108,12","110,5879",116009,"4320,06",,"9313,3",,,,,,
2023-09-23,,,,,,"26579,39",,,,,,,,,,,,,,,,,,,,,,,,,,,,,,,,,,,,,,,,
2023-09-24,,,,,,"26256,83",,,,,,,,,,,,,,,,,,,,,,,,,,,,,,,,,,,,,,,,
2023-09-25,,"64,13",,"42,51","554,7","26298,48","9,9538","8,42","90,11","131,11","107,65","161,35","36,27","21,9825",,"49,95","23,8305","239,2","99,37",57,"300,83","317,54","42,222","359,61","110,39","22,17","432,23","34,73","246,99","86,24","138,75","66,6","113,26","200,94","107,38","110,4086",115925,"4337,44",,"9350,9",,"4,9683","3,6871","5,2567","6,0606",
2023-09-26,,"63,13",,"41,63","542,6","26217,25","9,6","8,31","89,05","128,57","107,47",161,"35,98","21,575",,"49,32","23,4775","235,95","99,75","56,53","298,96","312,14","41,911","354,21","110,4","21,9","425,88","34,47","244,12","84,29","137,38","65,56","110,2","200,29","106,38","109,6114",114193,"4273,53",,"9213,72",,"4,9862","3,6879","5,2698","6,0496",
2023-09-27,,"63,35",,"41,44","548,4","26352,72","9,5154","8,23","89,64","130,54","107,8","160,5","35,54","22,0275",,"49,11","23,4334","239,15","100,5","55,95","297,74","312,79","42,468","355,04","110,42","21,63","426,05","34,39","240,5","85,44","137,78","65,7","108,88","200,47","106,16","109,9303",114327,"4274,51",,"9216,02",,"5,0422","3,7328","5,2971","6,1187",
2023-09-28,,"63,41",,"41,91","550,8","27021,55","9,5385","8,34","89,88","132,31","107,61","160,5","35,35","21,96",,"49,58","24,0512","239,49","100,82","55,81","303,96","313,64","43,089","358,01","110,47","21,69","428,52","34,55","246,38","86,41","140,2","66,7","108,76","202,59","106,61","109,3523",115731,"4299,7",,"9271,55",,"5,0328","3,7322","5,3197","6,1422",
2023-09-29,,"63,5",,"41,28","559,1","26911,72","9,5462","8,4","88,25","130,86","108,35","161,48","34,99","21,64",,"49,66","24,0159","238,79","100,9","55,98","300,21","315,75","43,499","358,27","110,47","21,26","427,48","34,56","250,22","86,9","140,39","67,58","108,94","202,53","106,92","110,3488",116565,"4288,05",,"9246,74",,,,,,
2023-09-30,,,,,,"26967,92",,,,,,,,,,,,,,,,,,,,,,,,,,,,,,,,,,,,,,,,
2023-10-01,,,,,,"27983,75",,,,,,,,,,,,,,,,,,,,,,,,,,,,,,,,,,,,,,,,
2023-10-02,,"63,26",,"40,51","556,4","27530,79","9,5154","8,18","87,8","134,17","105,22","159,8","34,64","21,4175",,"48,82","23,7776","240,8","100,09","55,48","306,82","321,8","44,782","361,26","110,03","20,29","427,31","34,5","251,6","87,65",139,"66,99",109,"202,34","106,2","110,8072",115057,"4288,39",,"9247,51",,"5,0615","3,703","5,3063","6,1162",
2023-10-03,,"62,49",,"39,32","547,1","27429,98","9,3","8,18","85,46","132,43","106,5","159,9","34,53","21,7225",,"48,25","23,4775","241,65","100,15","54,88","300,94","313,39","43,517","354,92","110,04","20,31","421,59","33,83","246,53","85,41","137,56","66,58","107,1","201,31","104,4","111,5047",113419,"4229,45",,"9121,14",,"5,1663","3,7585","5,395","6,2344",
2023-10-04,,"62,34",,"39,51","557,5","27799,39","9,3923","8,01","83,85","135,24","106,49","159,9","34,52","21,6175",,"48,51","24,0159","243,54","99,61","55,04","305,58","318,96","44,041","359,75","110,08","20,17","424,66","34,25","261,16","86,67","139,63","65,87","107,56","204,5","104,62","111,136",113607,"4263,75",,"9195,14",,"5,1546","3,746","5,4134","6,2561",
2023-10-05,,"62,77",,"39,6","548,4","27415,91","9,3846","8,18","85,27","135,07","105,95","159,67","34,47","21,9775",,"48,81","24,3954","243,8","99,79","52,38","304,79","319,36","44,688","358,69","110,14","20,12","424,5","34,24","260,05","87,03","140,2","65,9","106,5","205,08","104,66","111,0662",113284,"4258,19",,"9184,81",,"5,165","3,7328","5,3981","6,2893",
2023-10-06,,"63,75",,"40,43","561,2","27946,6","9,3231","8,28","86,27","137,58","105,96",159,"34,64","22,4175",,"49,45","24,6249","246,7","100,09","53,14","315,43","327,26","45,762","364,7","110,15","20,62","429,54","34,14","260,53","89,29","140,91","66,86","106,78","207,21","105,92","110,6975",114170,"4308,5",,"9294,82",,,,,,
2023-10-07,,,,,,"27968,84",,,,,,,,,,,,,,,,,,,,,,,,,,,,,,,,,,,,,,,,
2023-10-08,,,,,,"27935,09",,,,,,,,,,,,,,,,,,,,,,,,,,,,,,,,,,,,,,,,
2023-10-09,,"63,45",,"40,42","555,1","27583,68","9,5154",,"85,91","138,42","105,99",159,"35,29","21,9975",,"49,26","24,4131","246,7","99,99","52,88","318,36","329,82","45,273","366,56","110,16","20,99","432,29","33,97","259,67","88,99","143,13","66,38","105,72","207,77","106,02","110,1196",115156,"4335,66",,"9353,41",,"5,1352","3,7753","5,4192","6,2854",
2023-10-10,,"64,25",,"40,66","572,1","27391,02","9,6077","8,5","87,71","138,06","105,68","159,01","35,22","22,0825",,"50,03","24,3866","244,29","100,4","54,03","321,84","328,39","45,798","368,59","110,17","20,88","434,54","34,16","263,62","90,61","145,24","66,78","108,12","208,29","108,08","110,3388",116737,"4358,24",,"9402,31",,"5,051","3,7207","5,3578","6,1996",
2023-10-11,,"64,68",,"41,21","567,1","26873,32","9,6308","8,57","87,58","140,55","105,46",159,"35,48","21,855",,"50,36","24,6955","245,3","100,6","53,71","327,82","332,42","46,806","371,22","110,18","21,08","436,32","34,02","262,99",92,"144,75","67,36","109,28","210,09","107,92","110,4086",117051,"4376,95",,"9443,13",,"5,0496","3,7119","5,3561","6,2112",
2023-10-12,,"64,03",,"40,74","588,7","26756,8",,"8,24","88,31","138,97",,,"35,37","21,3675",,"49,82",,,,"52,81","324,16","331,16","46,945","369,93","110,24","20,87","433,66",,"258,87","92,42","141,62",,"108,62","208,93","107,94",,,"4349,61",,"9385,16",,"5,0459","3,6838","5,3113","6,1475",
2023-10-13,,"63,78",,"40,51","573,6","26862,38","9,3462","8,68","87,02","137,36","105,4","158,85","36,5","21,2725",,"49,35","24,4395","244,05","101,05","52,89","314,69","327,73","45,461","365,28","110,26","21,73","431,5","33,5","251,12","90,46","142,83","66,59","107,68","207,47","106,84","111,0463",115754,"4327,78",,"9338,09",,,,,,
2023-10-14,,,,,,"26861,71",,,,,,,,,,,,,,,,,,,,,,,,,,,,,,,,,,,,,,,,
2023-10-15,,,,,,"27159,65",,,,,,,,,,,,,,,,,,,,,,,,,,,,,,,,,,,,,,,,
2023-10-16,,"64,08",,"41,05","569,6","28519,47","9,4077","8,54","87,72","139,1","105,2","159,3","36,34","21,4825",,"49,76","24,4748","244,2","101,15","53,43","321,15","332,64","46,095","369,41","110,27","21,62","436,04","33,78","253,92","91,22","143,59","67,3","108,62","211,18","107,76","112,5111",116534,"4373,63",,"9437,31",,"5,0376","3,6956","5,3135","6,1463",
2023-10-17,,"63,82",,"42,29","572,9","28415,75","9,2385","8,63","87,88","139,72","105,37","159,8","36,39","21,6125",,"49,71","24,113","244,1","101,07","54,07",324,"332,06","43,938","368,2","110,28","21,87","436,02","33,46","254,85",91,"144,86","67,85","108,52","214,27","107,84","111,8833",115908,"4373,2",,"9436,36",,"5,0374","3,6877","5,3208","6,1275",
2023-10-18,,"62,86",,"41,72","553,2","28328,34","8,9846","8,61","86,73","137,96","105,87","159,27","36,92","20,7225",,"48,79","23,6099","242,09",101,"54,05","316,97","330,11","42,196","363,37","110,29","21,9","430,21","33,6","242,68","89,6","142,5","65,36","107,62","213,04","106,66","111,3751",114060,"4314,6",,"9309,92",,"5,0561","3,6841","5,3216","6,1312",
2023-10-19,,"62,47",,"40,5","562,5","28719,81","9,0615","8,74","86,01","137,75","105,94","158,94","37,37","20,3",,"48,38","23,8835","239,59","100,85","54,35","312,81","331,32","42,101","359,97","110,34","22,07","426,43","33,77","220,11","92,91","140,28","64,42","105,3","211,66","106,06","110,6677",114004,4278,,"9231,73",,"5,0629","3,6814","5,346","6,1456",
2023-10-20,,"61,7",,"39,79","547,1","29682,95","9,0846","8,71","85,48","135,6","105,45","158,73","37,47","20,0475",,"47,94","23,7952","235,16","101,38","54,57","308,65","326,67","41,387","354,6","110,37","22,36","421,19","33,76","211,99","91,31","140,58","62,68","103,14","208,12","104,22","110,9168",113155,"4224,16",,"9115,84",,,,,,
2023-10-21,,,,,,"29918,41",,,,,,,,,,,,,,,,,,,,,,,,,,,,,,,,,,,,,,,,
2023-10-22,,,,,,"29993,9",,,,,,,,,,,,,,,,,,,,,,,,,,,,,,,,,,,,,,,,
2023-10-23,,"61,74",,"38,89","552,6","33086,23","9,1615","8,74","84,99","136,5","105,03","158,3","37,35","20,0375",,"48,01","23,8217","234,6","101,37","54,08","314,01","329,32","42,975","355,67","110,39","22,02","420,46","33,89","212,08","91,11","142,17","62,56","102,24","206,42","104,36","110,6577",112785,"4217,04",,"9100,49",,"5,0123","3,6611","5,3462","6,1396",
2023-10-24,,"62,65",,"39,41","562,6","33901,53","9,1769","8,68","85,67","138,81","104,8","157,7","37,34","20,0975",,"48,19","23,8217","235,25","101,48","55,64","312,55","330,53","43,663","359,13","110,4","21,98","423,63","33,89","216,52","91,64","142,69","63,99","101,78","206,87","104,54","109,6114",113762,"4247,68",,"9166,8",,"4,991","3,6339","5,2852","6,0695",
2023-10-25,,"61,67",,"39,51","560,7","34502,82","9,1154","8,59","85,74","125,61","105,15","157,93","37,51","19,9325",,"47,78","23,8658","232,2","101,8","56,12","299,53","340,67","41,779","350,34","110,4","21,89","417,55","33,81","212,42","87,64","137,07","63,93","100,8","206,47","103,98","109,2726",112830,"4186,77",,"9035,4",,"4,9947","3,6232","5,2813","6,0386",
2023-10-26,,"61,22",,"39,31","560,6","34156,65","9,3538","8,59","84,86","122,28","105,11","157,5","37,57","20,0375",,"47,53","24,4572",229,"101,5","55,78","288,35","327,89","40,326","343,66","110,47","21,8","412,55","34,31","205,76","87,45","133,04","65,3","99,97","204,53","102,7","107,9274",114777,"4137,23",,"8928,63",,"4,9853","3,6052","5,2632","6,0459",
2023-10-27,,"61,27",,"39,23","560,2","33909,8","9,1769","8,93","85,18","122,17","105,5","157,75","38,01","19,8075",,"47,22","24,0953","228,99","102,45","55,24","296,73","329,81","40,5","345,31","110,49","22,14","410,68","33,96","207,3","85,99","134,43","67,57","99,29","192,63","102,58","108,0171",113301,"4117,37",,"8885,94",,,,,,
2023-10-28,,,,,,"34089,57",,,,,,,,,,,,,,,,,,,,,,,,,,,,,,,,,,,,,,,,
2023-10-29,,,,,,"34538,48",,,,,,,,,,,,,,,,,,,,,,,,,,,,,,,,,,,,,,,,
2023-10-30,,"62,06",,"38,67",552,"34502,36","9,0538","8,92","85,29","124,46","104,87","157,93","37,79","19,98",,"47,94","23,9011","233,02","102,7","56,15","302,66","337,31","41,161","349,2","110,5","22,34","415,59","33,75","197,36","86,06","133,35","68,18","99,14","198,13","102,76","108,2961",112532,"4166,82",,"8993,46",,"4,952","3,5751","5,239","6,0753",
2023-10-31,,"61,41",,"38,44","565,3","34667,78","9,0308","9,09","87,73","124,08","106,09",158,"37,59","20,0175",,"48,05","23,6717",234,"102,39","56,49","301,27","338,11","40,78","350,87","110,5","21,92","418,2","33,79","200,84","86,31","133,75",69,"99,83","199,66","103,16","108,7146",113144,"4193,8",,"9052,31",,"5,0461","3,648","5,3537","6,135",
2023-11-01,,"61,83",,"39,37","571,3","35437,25","9,4154","9,29","88,6","126,45","101,2","156,57","37,46","19,64",,"48,37","23,9894","233,4","100,72","56,44","311,85","346,07","42,325","356,96","110,07","21,93","422,66","33,99","205,66","87,8","133,81","70,32","99,79","194,53","104,06","109,3523",115053,"4237,86",,"9147,45",,"5,0341","3,6317","5,3287","6,1125",
2023-11-02,,"62,79",,"40,38","594,7","34938,24",,"9,54","89,77","127,49",,,"37,6","20,0875",,"49,44",,,,"57,09","310,87","348,32","43,506","363,44","110,12","21,8","430,76",,"218,51","90,48","137,5",,"102,98","200,35","106,32",,,"4317,78",,"9320,56",,"4,9537","3,5832","5,2491","6,0319",
2023-11-03,,"64,24",,"41,21","597,7","34732,32","9,6538","9,91","90,67","129,1","102,3","157,7","37,73","19,875",,"49,85","24,6514","236,98","100,74","56,74","314,6","352,8","45,005","367,71","110,15","22,19","434,69","34,73","219,96","91,79","138,91","71,2","105,04","202,49","108,1","110,3089",118160,"4358,34",,"9408,56",,"4,9529","3,6031","5,2587","6,0314",
2023-11-04,,,,,,"35082,2",,,,,,,,,,,,,,,,,,,,,,,,,,,,,,,,,,,,,,,,
2023-11-05,,,,,,"35049,36",,,,,,,,,,,,,,,,,,,,,,,,,,,,,,,,,,,,,,,,
2023-11-06,,"64,79",,"40,63","591,7","35037,37","9,7538","9,7","89,7","130,25","102,66","157,64","37,43","20,2075",,"49,7","24,8808","236,25","100,22","56,97","315,8","356,53","45,751","369,21","110,14","22,05","435,69","35,19","219,27","92,6","134,37","71,5","105,06","203,31","108,02","111,6043",118487,"4365,98",,"9425,34",,"4,8992","3,579","5,2511","6,0496",
2023-11-07,,"64,57",,"41,01","599,1","35443,56","9,8231","9,59","89,21","130,97","102,71","157,78","37,27","20,4025",,"49,47","25,5781","236,78","100,75","57,18","318,82","360,53","45,955","372,7","110,17","21,67","436,93","35,8","222,18","92,41","136,36","70,08","104,2","203,86","108,08","111,8036",119268,"4378,38",,"9452,28",,"4,8841","3,5671","5,2369","6,0293",
2023-11-08,,"64,11",,"40,06",600,"35655,28","9,7462","9,14","87,65","131,84","102,94","157,7","36,9","20,0775",,"49,71","25,6929","238,2","100,62","57,09","319,78","363,2","46,574","372,94","110,18","21,59","437,25","35,71","222,11",92,"143,47","70,13","104,4","205,02","107,82","111,5744",119099,"4382,78",,"9462,25",,"4,8715","3,5384","5,2081","5,9844",
2023-11-09,,"63,53",,"39,8","603,5","36693,13","9,8462","9,53","88,67","130,24","103,08",158,"37,04","20,505",,"49,69","25,8076","237,95","101,02","56,66","320,55","360,69","46,95","370,07","110,22","21,64","433,84","35,65","209,98","91,62","146,32","70,47","104,88","204,04","108,26","112,4414",119012,"4347,35",,"9387,59",,"4,9093","3,5525","5,2476","6,0241",
2023-11-10,,"63,86",,"40,24",608,"37313,97","9,8923","9,42","89,68","132,59","103,44","159,08","36,64","20,5925",,"49,9","26,1165","240,15","101,4","56,72","328,77","369,67","48,335","378,39","110,25","21,27","440,61","36,03","214,65","97,44","147,88","71,55","103,66","207,26","107,58","112,4115",120636,"4415,24",,"9535,63",,"4,9339","3,5745","5,2664","6,0205",
2023-11-11,,,,,,"37138,05",,,,,,,,,,,,,,,,,,,,,,,,,,,,,,,,,,,,,,,,
2023-11-12,,,,,,"37054,52",,,,,,,,,,,,,,,,,,,,,,,,,,,,,,,,,,,,,,,,
2023-11-13,,64,,"40,29","612,5","36502,36","9,7846","9,4","89,94","132,09","103,1","159,16","36,86","20,4025",,"50,04","25,94","240,4","101,34","56,93","329,19","366,68","48,62","377,21","110,26","21,37","440,19","36,27","223,71","96,42","150,09","71,4","105,06","208,12","108,56","112,6307",120376,"4411,55",,"9528,25",,"4,8934","3,5556","5,2435","5,988",
2023-11-14,,"65,51",,"41,4","621,3","35537,64","10,0769","9,66","91,15","133,62","102,97","159,49","37,18","19,9075",,"51,53","26,3283","242,75","101,79","57,1","336,31","370,27","49,656","385,33","110,3","22,13","448,73","36,39","237,41","98,91","153,4","73,61","107,84","208,1","110,88","113,1588",123328,"4495,7",,"9712,01",,"4,9062","3,5543","5,2474","6,0205",
2023-11-15,,"66,13",,"41,23","627,8","37880,58",,"9,7","90,64","134,62",,,"37,08","20,045",,"51,54",,,,"57,21","332,71","369,67","48,888","385,62","110,31","22,43","449,68",,"242,84","98,8","153,94",,"109,9","206,55","111,42",,,"4502,88",,"9729,31",,"4,8645","3,546","5,2863","6,0716",
2023-11-16,,"65,39",,"41,53","625,5","36154,77","10,3231","9,88","90,45","136,93","103,1","159,96","37,5","19,625",,"51,41","26,752","243,65","102,07","57,15","334,19","376,17","49,48","385,95","110,37","22,74","450,23","36,24","233,59","98,54","154,85","74,1","108,26","209,32","110,57","113,099",124576,"4508,24",,"9743,22",,"4,8609","3,5519","5,2705","6,035",
2023-11-17,,"65,5",,"42,11","628,7","36596,68","10,2846","9,61","91,54","135,31","103,7","160,18","37,5","19,7975",,"52,12","26,8756","245,85","102,82","57,26","335,04","369,85","49,298","386,04","110,38","22,73","450,79","36,2","234,3","99,58","154,39","74,24","108,84","210,12","111,2","113,099",125062,"4514,02",,"9755,92",,"4,8622","3,5361","5,2814","6,0314",
2023-11-18,,,,,,"36585,7",,,,,,,,,,,,,,,,,,,,,,,,,,,,,,,,,,,,,,,,
2023-11-19,,,,,,"37386,55",,,,,,,,,,,,,,,,,,,,,,,,,,,,,,,,,,,,,,,,
2023-11-20,,"66,3",,"46,98","629,7","37476,96","9,9923","9,55","90,57","136,25","103,88","161,85","37,43","19,765",,"52,35","27,1403","244,7","103,14","57,4","339,97","377,44","50,409","390,74","110,39","22,47","454,26","36,27","235,6","99,96","155,88","76,06","108,84","210,88","111,98","111,4648",126095,"4547,38",,"9829,02",,"4,8192","3,5148","5,2623","6,105",
2023-11-21,,"65,87",,"46,79","625,7","35813,81","9,6692","9,7","89,99","136,97","104,04","162,1","37,83","20,005",,"52,16","27,0962","246,17","102,99","58,03","336,98","373,07","49,944","388,47","110,43","22,76","453,27","36,25","241,2","98,41","155,74","77,9","106,86","212,6","111,92","111,9033",125607,"4538,19",,"9809,39",,"4,8518","3,5331","5,3073","6,0643",
2023-11-22,,"65,77",,"46,49","633,3","37432,34","8,7308","9,61","91,35","138,49","102,4","162,31","37,67","20,1625",,"52,2","27,2639","247,95","102,58","58,42","341,49","377,85","48,716","390,06","110,47","22,65","455,02","36,56","234,21","98,65","155,88","74,85","106,8","214,16","112,15","110,8869",126035,"4556,62",,"9849,74",,"4,8993","3,572","5,3414","6,1453",
2023-11-23,,,,,"629,8","37289,62","8,4538","9,59",,,"102,3","161,97",,,,,"27,2286","247,5","102,3",,,,,,,,,"36,83",,,,"74,38","106,58",,"112,5","111,3353",126576,,,,,"4,9055","3,5736","5,3311","6,12",
2023-11-24,,"65,74",,"48,96","632,3","37720,28","8,1231","9,54","91,76","136,69","102,8","161,62","37,87","20,45",,"52,76","27,0786","248,1","101,82","58,57","338,23","377,43","47,776","389,51","110,48","23,29","455,3","36,65","235,45","97,83","156,32","73,75",107,"213,23","112,46","110,6079",125542,"4559,34",,"9855,84",,"4,9025","3,5795","5,3455","6,1444",
2023-11-25,,,,,,"37796,79",,,,,,,,,,,,,,,,,,,,,,,,,,,,,,,,,,,,,,,,
2023-11-26,,,,,,"37479,12",,,,,,,,,,,,,,,,,,,,,,,,,,,,,,,,,,,,,,,,
2023-11-27,,"65,38",,"50,51","628,6","37254,17","8,1692","9,47","91,27","136,41","102,1","160,13","38,14","20,2125",,"52,58","27,0079",247,"101,61","58,46","334,7","378,61","48,242","389,17","110,5","23,6","454,48","36,72","236,08","97,21","156,27","73,31","106,12","213,96","112,28","110,1595",125683,"4550,43",,"9836,75",,"4,9009","3,5689","5,3326","6,169",
2023-11-28,,"65,84",,"49,65","619,7","37831,09","8,2385","9,88","90,61","137,2","102,4","160,1","38,64","19,1025",,"52,56","27,2727","246,01","101,7","58,58","338,99","382,7","47,821","390,19","110,53","23,98","454,93","36,52","246,72","97,98","156,68","73,47","105,08","213,49","112,74","110,1794",126538,"4554,89",,"9846,43",,"4,8955","3,5932","5,3637","6,1805",
2023-11-29,,"65,43",,"50,61","629,2","37858,49","8,3231","9,67","90,22","134,99","102,95","160,38","38,71","19,195",,"52,82","27,4581","247,5","101,26","58,23","332,2","378,85","48,14","389,81","110,55","23,93","454,61","36,4","244,14","98,88","157,01","73,45","106,88","211,7","112,54","109,6114",126101,"4550,58",,"9838,82",,"4,8698","3,5877","5,3497","6,1898",
2023-11-30,,"65,41",,"50,5",623,"37712,75","8,5154","10,02","91,12","132,53","103,88","161,4","38,54","19,46",,"52,71","27,8817","249,7","101,8","58,44","327,15","378,91","46,77","388,83","110,59","24,18","456,4","36,46","240,08","97,31","158,2","73,85","106,42","212,2","112,48","110,6477",127331,"4567,8",,"9879,02",,"4,9041","3,5945","5,3628","6,2253",
2023-12-01,,"65,6",,"50,59","637,5","38688,75","8,4615","10,06","91,26","131,86","101,85",160,"39,21","19,535",,"53,2","27,8023","248,9","100,63","58,64","324,82","374,51","46,765","389,94","110,14","24,38","459,1","36,49","238,83","98,55","157,84","75,22","107,02","217,77","113,26","113,1787",128103,"4594,63",,"9937,89",,"4,9231","3,6207","5,3493","6,218",
2023-12-02,,,,,,"39476,33",,,,,,,,,,,,,,,,,,,,,,,,,,,,,,,,,,,,,,,,
2023-12-03,,,,,,"39978,39",,,,,,,,,,,,,,,,,,,,,,,,,,,,,,,,,,,,,,,,
2023-12-04,,"64,76",,"49,75","630,6","41980,1","8,4846","9,75","90,15","129,27","101,85","160,43","38,37","19,81",,"52,93","27,8376","250,85",101,"58,57","320,02","369,14","45,51","386,32","110,15","23,49","456,69","36,42","235,58","97,01","157,56","73,53","107,8","218,73","112,54","112,3019",126803,"4569,78",,"9884,17",,"4,9022","3,6351","5,3385","6,1961",
2023-12-05,,"64,35",,"50,4","643,3","44080,65","8,5538","9,72","89,69","130,99","102,05","160,4","38,22","19,7175",,"52,84","28,0671","249,75","101,08","58,66","318,29","372,52","46,566","387,29","110,17","23,13","456,6","36,54","238,72","96,69","156,76","72,85","108,56","217,18","112,63","112,0826",126903,"4567,18",,"9878,97",,"4,9431","3,651","5,3532","6,2448",
2023-12-06,,"64,33",,"50,16",649,"43746,45","8,5615","9,62","90,68","130,02","102,01","160,5","38,36","20,0225",,"52,85","27,8199","247,7","101,4","58,6","317,45","368,8","45,503","385,05","110,19","22,92","454,76","36,31","239,37","97,85","157,32","72,37","114,38","215,98","112,86","111,9531",125623,"4549,34",,"9840,65",,"4,9277","3,6217","5,3068","6,2054",
2023-12-07,,"64,64",,"50,53","646,6","43292,66","8,5154","9,56","89,14","136,93","102,09","160,6","38,42","20,2025",,"53,06","27,9082","249,5","101,69","58,74","326,59","370,95","46,596","390,43","110,24","22,8","458,23","35,97","242,64","99,29","154,21","72,6","113,54","214,59","112,92","110,9267",126010,"4585,59",,"9920,64",,"4,9012","3,615","5,2906","6,1501",
2023-12-08,,"64,39",,"50,79","649,6","44166,6","8,4","9,29","89,13","134,99","102,3","161,15","37,9","20,7875",,"53,33","28,2613","251,85","101,3","58,61","332,75","374,23","47,506","392,17","110,24","22,05","460,2","36,1","243,84","100,35","155,32","72,8","114,86","212,97","113,22","111,2456",127094,"4604,37",,"9961,5",,"4,9101","3,6086","5,2973","6,1767",
2023-12-09,,,,,,"43725,98",,,,,,,,,,,,,,,,,,,,,,,,,,,,,,,,,,,,,,,,
2023-12-10,,,,,,"43779,7",,,,,,,,,,,,,,,,,,,,,,,,,,,,,,,,,,,,,,,,
2023-12-11,,"64,82",,"50,85","659,2","41243,83","8,3385","9,4","90,37","133,29",102,"161,15","37,5","20,99",,"53,44","28,0671","253,25","101,1","59,04","325,28","371,3","46,627","395,52","110,24","21,86","461,99","35,81","239,74","100,95","152,56","72,86","115,66","213,99","113,54","111,126",126916,"4622,44",,"10000,64",,"4,8933","3,6017","5,2675","6,1865",
2023-12-12,,"64,88",,"51,31","663,4","41450,22","8,4462","9,25","89,78","132,52","102,73","160,4","37,47","20,9375",,"53,53","27,9259","255,9","101,03","59,42","334,22","374,38","47,657","398,67","110,27","21,8","464,1","35,89","237,01","101,6","157,2","72,99","115,04","216,81","113,92","110,7673",126403,"4643,7",,"10047,04",,"4,9367","3,6351","5,3084","6,1972",
2023-12-13,,"65,4",,"52,39","669,1","42890,74","8,7077","10,01","89,33","132,57","103,2","160,98","38,32","20,3",,"54,27","28,7732",257,"101,5","59,93","334,74","374,37","48,088","403,74","110,31","22,75","470,5","36,75","239,29","102,12","163,12",73,"114,28","220,02","114,28","111,6043",129465,"4707,09",,"10184,38",,"4,9645","3,6136","5,3029","6,2405",
2023-12-14,,"66,29",,"52,02","682,2","43023,97","8,7846","10,03","87,7","131,94",104,"160,7","38,55","20,3325",,"54,95","29,0115","257,5","101,48","59,04","333,17","365,93","48,35","403,39","109,86","23,17","472,01","36,95","251,05","103,45","163,89","73,4","115,74","210,49","116,6","112,7303",130842,"4719,55",,"10213,69",,"4,9184","3,6427","5,3538","6,2091",
2023-12-15,,"65,84",,"51,74","694,7","41929,76","8,7308","9,76","87,13","132,6","103,84","154,99","38,18","19,9475",,"54,32","28,8879","259,05","101,92","58,6","334,92","370,73","48,89","405,34","109,87","22,83","469,33","37,21","253,5","102,54","160,2","73,86","115,96","206,65","116,54","111,8534",130197,"4719,19",,"10213,48",,"4,9146","3,6617","5,3968","6,2759",
2023-12-16,,,,,,"42240,12",,,,,,,,,,,,,,,,,,,,,,,,,,,,,,,,,,,,,,,,
2023-12-17,,,,,,"41364,66",,,,,,,,,,,,,,,,,,,,,,,,,,,,,,,,,,,,,,,,
2023-12-18,,"65,77",,"52,31","676,6","42623,54","8,8615","8,9","87,65","135,8",104,"158,74","38,36","20,2825",,"54,49","29,0291","257,8","101,84","59,02","344,62","372,65","50,077","407,08","109,89","22,79","471,97",37,"252,08","102,93","158,57","74,21","114,8","206,25","116,49","111,7139",131084,"4740,56",,"10259,85",,"4,9197","3,6814","5,3671","6,2578",
2023-12-19,,"66,35",,"52,47","676,8","42270,53","8,9923","9,21","88,51","136,65","103,9","159,87","38,62","20,625",,"55,05","29,0468","257,2","102,29","58,83","350,36","373,26","49,604","409,16","109,89","23,03","474,84","37,43","257,22","103,87","159,4","74,73","114,16","205,14","117,24","111,415",131851,"4768,37",,"10320,86",,"4,8959","3,6592","5,3498","6,1881",
2023-12-20,,"63,95",,"52,25","679,4","43652,25","8,8923","8,98","88,15","138,34","104,6","160,5","38,41","20,365",,"53,85","28,7467","256,2",102,"57,61","349,28","370,62","48,111","403,08","109,92","23,05","468,26","37,32","247,14","100,04","157,96","74,49","113,72","204,28","117,36","112,7602",130804,"4698,35",,"10170,51",,"4,8665","3,645","5,3356","6,1919",
2023-12-21,,"65,33",,"52,75","682,6","43869,15","8,8385","8,9","88,71","140,42","105,2",160,"38,68","20,5275",,"54,64","28,9409","256,8","102,18","57,99","354,09","373,54","48,99","407,77","109,99","23,35","472,7","37,35","254,5","102,55","160,39","76,97","112,46","204,46","116,88","114,793",132182,"4746,75",,"10275,3",,"4,9146","3,6779","5,3715","6,2073",
2023-12-22,,"64,92",,"52,67","683,6","43997,9","8,4692","8,82","87,79","141,49","105,49",161,"38,86","20,5275",,"54,69","29,3998","256,25","102,2","58,32","353,39","374,58","48,83","408,38","110,01","23,12","473,65","37,62","252,54","103,15","161,95","76,39","112,56","206,39","117,16","117,4337",132753,"4754,63",,"10292,37",,"4,8818","3,6749","5,3716","6,1881",
2023-12-23,,,,,,"43739,54",,,,,,,,,,,,,,,,,,,,,,,,,,,,,,,,,,,,,,,,
2023-12-24,,,,,,"43016,12",,,,,,,,,,,,,,,,,,,,,,,,,,,,,,,,,,,,,,,,
2023-12-25,,,,,,"43613,14",,,,,,,,,,,,,,,,,,,,,,,,,,,,,,,,,,,,"4,8698","3,6774","5,3635","6,1742",
2023-12-26,,"65,38",,"52,72",,"42520,4","8,6308",,"87,58","141,52","105,8","161,77","39,14","20,78",,"55,02","29,6999","256,15","102,58","58,56","354,83","374,66","49,279","410,88","110,03","23,24","475,65","37,7","256,61","104,45","161,62","76,66",,"206,83",,"120,2337",133533,"4774,75",,"10335,98",,"4,8697","3,6774","5,3635","6,2073",
2023-12-27,,"65,73",,"52,78","684,9","43442,86","8,6615","8,82","87,48","140,37","106,5","162,42","39,34","20,655",,"55,32","29,9029","256,21","103,49","58,71","357,83","374,07","49,417","411,5","110,03","23,25","476,51","37,76","261,44","104,65","160,99","77,4","112,8","205,75","118,18","117,3838",134194,"4781,58",,"10351,6",,"4,8135","3,6774","5,3635","6,1262",
2023-12-28,,"66,5",,"51,45","685,9","42627,86","8,8308","8,51","87,97","140,23","105,12","161,99","39,1","20,7875",,"54,96","29,9823","257,61","104,35","58,75","358,32","375,28","49,522","411,3","110,1",23,"476,69","38,38","253,18","104,7","161,47","77,2","112,16","206,28","118,48","116,7062",134185,"4783,35",,"10356,59",,"4,8261","3,6526","5,3574","6,1774",
2023-12-29,,"66,57",,"51,34","681,7","42099,4",,"8,48","87,98","139,69",,,"39,03","20,725",,"55,02",,,,"58,93","353,96","376,04","49,522","409,52","110,13","22,77","475,31",,"248,48",104,"160,95",,"111,8","205,96","118,44",,,"4769,83",,"10327,83",,"4,8502","3,6508","5,343","6,1753",
2023-12-30,,,,,,"42156,9",,,,,,,,,,,,,,,,,,,,,,,,,,,,,,,,,,,,,,,,
2023-12-31,,,,,,"42265,19",,,,,,,,,,,,,,,,,,,,,,,,,,,,,,,,,,,,,,,,
2024-01-01,,,,,,"44167,33",,,,,,,,,,,,,,,,,,,,,,,,,,,,,,,,,,,,"4,8505","3,6589","5,3497","6,1728",
2024-01-02,,"65,44",,"50,21","664,3","44957,97","8,7231","8,43","88,02","138,17","104,8","161,99","38,94","21,1375",,"54,35","29,5852",259,"103,4","59,82","346,29","370,87","48,168","402,59","110,12","22,64","472,65","38,13","248,42","101,53","159,26","77,05","112,88","201,56","117,3","116,9853",132697,"4742,83",,"10269,69",,"4,8524","3,6577","5,3497","6,169",
2024-01-03,,"65,22",,"49,88","645,4","42848,18","8,8231","8,41","88,52","138,92","105,73","161,94","38,64","21,6575",,"53,84","29,2586","257,1",103,"59,96","344,47","370,6","47,569","398,33","110,13","22,03","468,79","38,37","238,45","100,17","158,4","76,65","110,86","201,21","116,34","116,5867",132834,"4704,81",,"10187,79",,"4,9225","3,685","5,3759","6,2139",
2024-01-04,,"64,84",,"49,17","646,4","44179,92","8,7846","8,35","89,47","136,39","104,66","161,97","38,67","21,8",,"54,19","29,0644","254,9","103,4","59,76","347,12","367,94","47,998","396,28","110,18","22,05","467,28","37,4","237,93","99,13","158,86","75,62","112,32","198,48","116,8","114,4941",131226,"4688,68",,"10154,2",,"4,9192","3,6768","5,3619","6,2267",
2024-01-05,,"64,82",,"49,53","644,2","44162,69","8,8769","8,35","90,35","135,73","104,59","162,22","38,66","21,98",,"54,05","29,744","253,95","103,2","59,67","351,95","367,75","49,097","396,75","110,19","22,18","467,92","37,6","237,49","99,61","158,21","74,65","113,26","196,91","116,68","114,4841",132023,"4697,24",,"10172,75",,"4,8956","3,6708","5,3675","6,2087",
2024-01-06,,,,,,"43989,2",,,,,,,,,,,,,,,,,,,,,,,,,,,,,,,,,,,,,,,,
2024-01-07,,,,,,"43943,1",,,,,,,,,,,,,,,,,,,,,,,,,,,,,,,,,,,,,,,,
2024-01-08,,"64,93",,"50,19","653,4","46970,5","9,0385","8,28","91,14","138,84","104,59","162,11","38,37","21,9125",,"54,67","29,4263","257,11","103,32","60,11","358,66","374,69","52,253","404,95","110,21","22,09","474,6","37,4","240,45","102,24","158,54","74,27",114,199,"116,92","114,7033",132427,"4763,54",,"10316,52",,"4,8607","3,6356","5,32","6,2018",
2024-01-09,,64,,"48,84","654,5","46139,73","9,2308","8,37","90,57","140,95","105,3","162,05","38,38","21,93",,"54,13","29,4086","258,85","103,25",60,"357,43","375,79","53,14","405,75","110,22","21,98","473,88","37,84","234,96","101,89","159,22","73,33","113,34","197,57","117,02","115,4",131447,"4756,5",,"10302,73",,"4,869","3,6444","5,3326","6,1996",
2024-01-10,,"63,88",,"49,38","651,4","46627,78","9,2385","8,37","92,74","142,28","105,71","162,15","38,3","21,7525",,"54,36","29,3822","259,28","103,57","60,2","370,47","382,77","54,35","408,5","110,24","21,9","476,56","37,72","233,94","100,8","159,21","72,23","113,38","203,42","117,34","115,89",130841,"4783,45",,"10361,27",,"4,9051","3,6605","5,3562","6,2267",
2024-01-11,,"64,3",,"49,58","648,9","46368,59","9,3","8,26","93,28","142,08","105,72","161,95","38,37","21,96",,"54,16","29,4351","258,2","103,2","59,81","369,67","384,63","54,822","409,35","110,31","21,78","476,35","37,45","227,22","101,22","161,54","72,61","113,24","203,76","116,86","115,3",130649,"4780,24",,"10354,69",,"4,8914","3,6531","5,3616","6,2267",
2024-01-12,,"64,54",,"50,16","649,3","42853,17","9,3077","8,31","93,54","142,65","107,14","162,41","38,75","22,09",,"54,29","29,4704","257,48","103,15","60,39","374,49","388,47","54,71","409,56","110,34","22,18","476,68","37,58","218,89","101,24","161,68","71,69","111,98","204,18","118,04","115,5",130988,"4783,83",,"10363,35",,"4,8697","3,636","5,349","6,215",
2024-01-13,,,,,,"42842,38",,,,,,,,,,,,,,,,,,,,,,,,,,,,,,,,,,,,,,,,
2024-01-14,,,,,,"41796,27",,,,,,,,,,,,,,,,,,,,,,,,,,,,,,,,,,,,,,,,
2024-01-15,,,,,"648,2","42511,97","9,3462","8,41",,,"107,21","162,87",,,,,"29,5234","258,11","103,43",,,,,,,,,"37,85",,,,"71,55","111,48",,"117,75","115,29",131521,,,,,"4,8529","3,616","5,3075","6,1805",
2024-01-16,,"62,86",,"49,36","652,3","43154,95","9,1154","8,21","94,35","142,49","107,1","163,54","38,39","21,795",,"53,25","29,1086","260,28","103,45","59,99","367,46","390,27","56,382","409,52","110,34","21,95","474,93","37,65","219,91","101,67","161,88","70,62","111,28","202,44","117,3","115,19",129294,"4765,98",,"10324,83",,"4,8622","3,6176","5,323","6,1825",
2024-01-17,,"61,78",,"49,31","649,6","42742,65","9,1308","8,23","93,85","141,47","107,34","163,55","37,95","22,2975",,"52,86","29,1262",259,"103,2","59,99","368,37","389,47","56,053","407,21","110,36","21,59","472,29","37,63","215,55","102,95","160,38","69,35","108,68","201,84","115,88","115,66",128524,"4739,21",,"10267,05",,"4,9249","3,5919","5,2714","6,2242",
2024-01-18,,"62,41",,"49,72",676,"41262,06","8,9538","8,31","94,82","143,48","107,04","163,5","38,27","22,205",,"53,31","29,0026","261,02","103,62","60,16","376,13","393,87","57,107","412,99","110,39","21,77","476,49","37,22","211,88","113,03","159,86",69,"108,12","203,99","116,54","115,99",127316,"4780,94",,"10358,29",,"4,934","3,6438","5,3564","6,25",
2024-01-19,,"63,17",,"50,56","686,3","41618,41","8,8692","8,31","94,88","146,38","106,97","163,81","38,39","22,4475",,"53,35","29,0733","264,43","104,65","59,83","383,45","398,67","59,491","421,18","110,42","21,62","482,43","37,35","212,19","114,2","163,1","68,1","106,88","205,37","117,16","114,9",127636,"4839,81",,"10486,44",,"4,9261","3,6486","5,3526","6,2599",
2024-01-20,,,,,,"41665,59",,,,,,,,,,,,,,,,,,,,,,,,,,,,,,,,,,,,,,,,
2024-01-21,,,,,,"41545,79",,,,,,,,,,,,,,,,,,,,,,,,,,,,,,,,,,,,,,,,
2024-01-22,,"62,49",,"51,4","707,5","39507,37","8,7923","8,3","96,03","145,99","106,91","163,52","38,24","22,775",,"53,44","28,5966","268,32","103,21","59,57","381,78","396,51","59,654","421,73","110,44","21,13","483,45","36,92","208,8","113,03","164,43","67,8","107,94","205,26","118,34","114,81",126602,"4850,43",,"10509,44",,"4,9046","3,6512","5,344","6,2631",
2024-01-23,,"63,11",,"51,4","707,1","39845,55","8,8846","8,54","95,37","147,04","107,4","163,3","38,39","22,8525",,"53,28","28,729","267,48",103,"59,85","385,2","398,9","59,873","423,48","110,44","21,5","484,86","37,1","209,14","114,13","165,15","69,2","113,78","206,35","117,96",115,128263,"4864,6",,"10540,38",,"4,9883","3,698","5,4236","6,3383",
2024-01-24,,"64,03",,"51,94","775,8","40077,07","8,9231","8,59","95,25","148,7",107,"163,2","38,08","22,9525",,"53,87","28,5966","266,35","102,66","58,91","390,7","402,56","61,362","425,83","110,45","21,69","485,39","36,92","207,83","116,52","165,9","69,9",116,"203,98","119,38","114,82",127816,"4868,55",,"10549,04",,"4,9522","3,6766","5,3693","6,2775",
2024-01-25,,"64,04",,"52,94","811,8","39933,81","8,9692","8,61","95,34","151,87","105,91","163,44","38,23","22,615",,"54,22","28,5349","267,08","102,99","59,16","393,18","404,87","61,617","426,35","110,51","21,91","488,03","36,79","182,63","116,56","168,5","68,18","114,84","203,04","119,2","114,7",128169,"4894,16",,"10605,13",,"4,9325","3,6474","5,3665","6,2657",
2024-01-26,,"64,04",,"53,66","797,2","41816,87","8,9538","8,65","94,78","152,19","106,59","164,07","38,18","22,935",,"54,71","28,9585","266,83","103,05","59,37","394,14","403,93","61,031","423,81","110,52","21,84","487,41","36,9","183,25","117,26","167,39","69,5","115,34","203,11","119,67","114,79",128967,"4890,97",,"10598,23",,"4,9158","3,6476","5,3299","6,2475",
2024-01-27,,,,,,"42120,05",,,,,,,,,,,,,,,,,,,,,,,,,,,,,,,,,,,,,,,,
2024-01-28,,,,,,"42035,59",,,,,,,,,,,,,,,,,,,,,,,,,,,,,,,,,,,,,,,,
2024-01-29,,"64,08",,"53,08","804,8","43288,25","8,9615","8,43","95,73","153,51","107,27","164,08","38,46","22,5875",,"54,84","28,8085","270,5","102,87","59,73","401,02","409,72","62,465","428,15","110,53","22,2","491,27","36,77","190,93","116,98","168,02","69,17","115,96","202,9","119,43","114,7",128503,"4927,93",,"10678,5",,"4,9136","3,644","5,322","6,2422",
2024-01-30,,"63,47",,"52,74","801,3","42952,61","8,8462","8,75","95,61","151,46","107,09","163,7","38,51","22,43",,"54,89","28,6231","270,13","103,25","59,9","400,06","408,59","62,774","425,3","110,54","22,19","490,89","36,43","191,59","116,06","166,94","68,78","116,64","201,8",120,"114,8",127402,"4924,97",,"10672,95",,"4,9502","3,6833","5,352","6,2854",
2024-01-31,,"63,05",,"52,39","798,2","42582,61","8,8615","8,61","95,89","140,1","105,8","165,26","38,49","22,1875",,"54,48","28,932","266,62","103,78","59,49","390,14","397,58","61,527","416,97","110,57","21,86","482,88","36,43","187,29","112,96","164,93","67,76","119,84","198,88","119,46","116,97",127752,"4845,65",,"10501,38",,"4,9503","3,6883","5,3604","6,2848",
2024-02-01,,"63,64",,"53,29","812,5","43075,77","9,0154","8,84","96,37","141,16","105,24","163,61","38,89","22,7175",,"55,02","28,8526","267,45",102,"60,98","394,78","403,78","63,027","421,88","110,17","22,19","489,2","37,02","188,86","113,39","166,33","67,45","118,18","200,25","119,14",117,128481,"4906,19",,"10633,14",,"4,9519","3,6819","5,3488","6,2696",
2024-02-02,,"63,39",,"53,21","818,8","43185,86","8,7385","8,59","97,07","142,38","104,23","163,32","38,51","24,0325",,"54,51","28,8967","273,01","102,2","60,54","474,99","411,22","66,16","429,01","110,14","21,71","494,35","36,53","187,91","115,75",167,"66,08","119,8","199,6","120,14","118,38",127182,"4958,61",,"10747,25",,"4,915","3,6686","5,3391","6,2648",
2024-02-03,,,,,,"42992,25",,,,,,,,,,,,,,,,,,,,,,,,,,,,,,,,,,,,,,,,
2024-02-04,,,,,,"42583,58",,,,,,,,,,,,,,,,,,,,,,,,,,,,,,,,,,,,,,,,
2024-02-05,,"63,5",,"51,88","827,4","42658,67","8,7462","8,3","96,91","143,68","103,14","163,34","38,3","23,765",,"54,21","29,444","273,44","101,46","60,04","459,41","405,65","69,332","428,45","110,15","21,4","492,55","36,29","181,06","118,79","164,01","65,51","119,08","198,35","119,72","117,58",127593,"4942,81",,"10713,11",,"4,9329","3,6639","5,3201","6,2696",
2024-02-06,,"65,14",,"51,64","833,8","43084,67","8,8308","8,35","96,67","144,1","103,18","164,15","38,52","23,255",,"54,61","30,7061","272,75","102,36","59,94","454,72","405,49","68,223","427,59","110,18","21,48","493,98","36,63","185,1","119,38","166,67","66,67","118,04","198,71","120,46","117,87",130416,"4954,23",,"10738,17",,"4,9499","3,655","5,3176","6,2267",
2024-02-07,,"65,14",,"50,23",850,"44318,22","8,7538","8,31","97,67","145,54","103,46","164,9","38,49","23,61",,"54,44","30,4854","275,25","102,7","59,99","469,59","414,05","70,099","431,99","110,2","21,26","498,1","36,81","187,58","124,98","169,57","66,8","117,72","200,28","121,08","117,38",129608,"4995,06",,"10826,81",,"4,9623","3,6774","5,3306","6,25",
2024-02-08,,"64,8",,"49,34","855,1","45301,57","8,6385","8,26","97,84","145,91","104,59","164,53","38,45","23,8425",,"54,44","29,8853","277,15","103,38","59,83",470,"414,11","69,641","432,79","110,25","21,6","498,32","36,06","189,56","133,73","169,6","66,21","118,74","201,02","120,96","117,6",128217,"4997,91",,"10834,36",,"4,9693","3,6864","5,3473","6,2746",
2024-02-09,,"65,13",,"50,36","876,1","47147,2","8,7538","8,22","98,24",149,"105,95","164,7","38,32","24,515",,"54,6","30,2648","276,25","103,8","59,56","468,11","420,55","72,133","437,05","110,26","21,65","501,2","36,08","193,57","133,11","154,91","65,92","118,58","198,38","121,4","118,3",128026,"5026,61",,"10897,61",,"4,9919","3,7081","5,3774","6,2992",
2024-02-10,,,,,,"47771,28",,,,,,,,,,,,,,,,,,,,,,,,,,,,,,,,,,,,,,,,
2024-02-11,,,,,,"48293,92",,,,,,,,,,,,,,,,,,,,,,,,,,,,,,,,,,,,,,,,
2024-02-12,,"65,66",,"50,46","877,6","49958,22",,"8,28","98,68","147,53",,,"38,23","24,54",,"54,64",,,,"59,7","468,9","415,26","72,248","435,34","110,27","21,72","500,98",,"188,13","130,46","155,27",,"119,76","195,84","122,32",,,"5021,84",,"10887,41",,"4,9531","3,6874","5,3523","6,2487",
2024-02-13,,"64,31",,"48,89","850,7","49742,44",,"7,99","99,49","145,14",,,"37,69","25,2425",,"53,62",,,,"59,35","460,12","406,32","72,128","428,55","110,25","21,12","494,08",,"184,02","127,55","153,49",,"118,62","194,51","120,52",,,"4953,17",,"10739,81",,"4,9522","3,678","5,3306","6,2461",
2024-02-14,,"65,32",,"49,66","853,4","51826,7","8,6846","7,98","99,76","145,94","106,2","164,75","37,66","25,2625",,"54,35","30,2648","275,85","103,46","59,29","473,28","409,49","73,9","433,22","110,29","21,38","498,57","35,7","188,71","129,27","155,72","65,72","117,78","195,33","120,92",118,127018,"5000,62",,"10844,72",,"4,952","3,6437","5,2972","6,2305",
2024-02-15,,"65,61",,"50,22","860,8","51938,55","8,8077","8,4","100,62","142,77","106,17","164,79","37,93","26,1475",,"54,93","30,5207","277,7","103,73","59,4","484,03","406,56","72,658","434,51","110,35","21,94","502,01","35,9","200,45","129,03","156,96","65,51","119,18","197,82","121,7","118,7",127804,"5029,73",,"10910,31",,"4,9683","3,6671","5,3291","6,2445",
2024-02-16,,"65,86",,"50,33","874,6","52160,2","8,9692","8,24","100,79","140,52","105,45","165,16","38,07","26,1325",,"54,99","30,4854","276,35","103,8","59,39","473,32","404,06","72,613","430,57","110,35","22,39","499,51","35,65","199,95","126,69","153,38",68,"119,66","194,24","122,48","118,68",128726,"5005,57",,"10859,63",,"4,9724","3,6856","5,3464","6,2578",
2024-02-17,,,,,,51663,,,,,,,,,,,,,,,,,,,,,,,,,,,,,,,,,,,,,,,,
2024-02-18,,,,,,"52122,55",,,,,,,,,,,,,,,,,,,,,,,,,,,,,,,,,,,,,,,,
2024-02-19,,,,,"859,5","51779,14","9,1462",,,,"105,99","165,75",,,,,"30,8208","276,7","104,1",,,,,,,,,"35,4",,,,"67,49","119,98",,"122,18","117,73",129036,,,,,"4,9651","3,6662","5,3328","6,2578",
2024-02-20,,"65,92",,"50,15","837,7","52284,88","9,2385","8,78","101,45","141,12","105,66","166,96","38,31","25,835",,"55,25","31,4916","272,3","103,78","60,7","471,75","402,79","69,452","427,32","110,37","22,03","496,76","35,43","193,76","125,33","151,94","66,01","118,08","192,23","121,68","117,5",129916,"4975,51",,"10794,8",,"4,9564","3,6751","5,3438","6,2344",
2024-02-21,,"66,15",,"50,11",834,"51839,18","9,0538","8,65","101,5","142,55","105,94","168,22","38,3","26,265",,"55,33","31,3151","273,8","103,75","61,24","468,03","402,18","67,472","425,61","110,38","21,94","497,21","34,9","194,77","125,34","151,11","66,51","119,58","192,78","121,54","117,4",130032,"4981,8",,"10808,93",,"4,9264","3,6431","5,3248","6,215",
2024-02-22,,"66,94",,"51,7","876,8","51304,97","9,0462","8,58","103,12","144,09","105,78","166,2","38,3","26,69",,"55,84","30,15","280,3","103,87","61,15","486,13","411,65","78,538","438,07","110,42","21,78","507,5","35,31","197,41","129,07","152,44","67,22","122,4","194,27","123,48","117,87",130241,"5087,03",,"11037,82",,"4,9349","3,6548","5,3376","6,2357",
2024-02-23,,"66,97",,"50,57",865,"50731,95","8,9231","8,79","103,34","143,96","105,98","166,25","38,52","26,68",,"55,88","30,2383","282,2","103,82","61,2","484,03","410,34","78,817","436,78","110,44","21,98","507,85","35,2","191,97","129,53","151,01","67,38",124,"196,56",124,"118,23",129419,"5088,8",,"11041,9",,"4,9624","3,6689","5,3555","6,2843",
2024-02-24,,,,,,"51571,1",,,,,,,,,,,,,,,,,,,,,,,,,,,,,,,,,,,,,,,,
2024-02-25,,,,,,"51733,24",,,,,,,,,,,,,,,,,,,,,,,,,,,,,,,,,,,,,,,,
2024-02-26,,"66,59",,"50,24","869,8","54522,4","8,9538","8,91","103,39","137,57","105,45","166,7","38,44","26,9475",,"55,92","30,3266","280,42","104,26","60,71","481,74","407,54","79,092","436,55","110,44","21,56","505,99","35,06","199,4","130,64","149,71","65,75","123,02","193,02","123,8","118,21",129609,"5069,53",,"11000,5",,"4,9935","3,6571","5,3474","6,3324",
2024-02-27,,"66,67",,"49,55","879,2","57085,37","9,0385","8,89","103,82","138,88","105,52","167,23","38,4","26,7725",,"56,02","30,6973","278,2","103,65","60,34","487,05","407,48","78,701","437,6","110,46","21,53","506,93","35,35","199,73","128,59","147,94","67,48","124,08","193,56","123,64","118,25",131689,"5078,18",,"11019,44",,"4,9789","3,6836","5,3989","6,316",
2024-02-28,,"65,77",,"49,17","869,4","62504,79","9,1231","8,85","103,19","136,38","106,29","167,56","38,48","27,1475",,"55,74","30,7149","279,95","103,8","60,4","484,02","407,72","77,663","435,27","110,47","21,49","506,26","35,02","202,04","127,38","147,48","66,74","125,88","194,41","123,38","117,2",130155,"5069,76",,"11002,2",,"4,9324","3,6438","5,346","6,25",
2024-02-29,,"65,86",,"49,86","870,5","61198,38","9,2077","9,18","103,26","138,46","106,17","169,99","38,65","27,18",,"55,72","29,9559","281,1","104,2","60,02","490,13","413,64","79,112",439,"110,53","21,71","508,08","35,4","201,88","128,67","146,93","66,99","125,34","195,29","123,44","118,18",129020,"5096,27",,"11062,11",,"4,9673","3,6574","5,381","6,2814",
2024-03-01,,"66,75",,"50,53",894,"62440,63","9,2923","9,44","105,07","137,14","104,43",169,"39,4","27,62",,"56,21","30,0706","282,74","102,5","59,53","502,3","415,5","82,279","445,61","110,11","22,15","512,85",35,"202,64","133,9","150,34","66,88","119,16","195,23","124,56","118,3",129180,"5137,08",,"11151,34",,"4,9698","3,6605","5,3681","6,2696",
2024-03-02,,,,,,"62029,85",,,,,,,,,,,,,,,,,,,,,,,,,,,,,,,,,,,,,,,,
2024-03-03,,,,,,"63167,37",,,,,,,,,,,,,,,,,,,,,,,,,,,,,,,,,,,,,,,,
2024-03-04,,"66,63",,"49,95","913,2","68330,41","9,1769","9,75","104,73","133,35","104,52","168,55","40,05","27,765",,"56,19","29,8411","282,34","101,9","59,81","498,19","414,92","85,237","444,02","110,12","22,87","512,3","34,79","188,14","138,26","146,33","66,73","120,68","192,18","124,78","118,4",128341,"5130,95",,"11138,43",,"4,9527","3,6389","5,3507","6,2693",
2024-03-05,,"66,02",,"48,92","899,5","63801,2","9,1692","10,25","105,16","132,67","104,75","168,6","40,29","27,4025",,"55,98","29,8147","279,86","102,4","59,52","490,22","402,65","85,964","436,05","110,14","22,67","507,18","34,79","180,74","134,97","143,94","65,85","119,16","191,37",124,"118,16",128098,"5078,65",,"11025,16",,"4,9449","3,6414","5,3683","6,2696",
2024-03-06,,"67,09",,"50,34","912,2","66106,8","9,2385","10,18","106,56","131,4","104,32","168,97","40,61","27,5",,"56,53","30,1412","280,42","102,05","59,55","496,09","402,09","88,7","438,79","110,16","23,12","509,75","34,63","176,54","141,57","143,9","66,75","116,78","191,34","124,92","117,85",128890,"5104,76",,"11082,65",,"4,9571","3,6436","5,3737","6,2893",
2024-03-07,,"67,52",,"49,83","949,2","66925,48","9,0846","10,2","105,5","134,38","104,72","169,29","40,83","27,3025",,"57,46","29,8235","282,62","101,91","59,44","512,19","409,14","92,669","445,45","110,2","23,29","514,81","35,4","178,65","149,2","145,01","66,52","116,54","192,65","125,86","118,09",128340,"5157,36",,"11198,39",,"4,9436","3,6555","5,3844","6,2946",
2024-03-08,,"67,57",,"49,57","923,4","68300,09","9,2077","10,04","104,99","135,41","105,57","170,56","41,18","26,9775",,"57,22","30,0971","283,75","101,89","59,52","505,95","406,22","87,528","439,02","110,21","23,26","511,72","35,38","175,34","146,37","143,73","66,01","116,5","191,02","125,98","118,49",127071,"5123,69",,"11126,07",,"4,9338","3,6637","5,397","6,3171",
2024-03-09,,,,,,"68498,88",,,,,,,,,,,,,,,,,,,,,,,,,,,,,,,,,,,,,,,,
2024-03-10,,,,,,"69019,79",,,,,,,,,,,,,,,,,,,,,,,,,,,,,,,,,,,,,,,,
2024-03-11,,"67,82",,"49,53","884,5","72123,91","9,1154","9,95","102,09","137,67","105,87","170,25","41,25","26,9325",,"57,2","30,2471","283,25","101,85","60,24","483,59","404,52","85,774","437,39","110,22","23,38","511,28","35,35","177,77","139,02","145,87","63,96","117,22","192,83","125,12","118,22",126124,"5117,94",,"11113,61",,"4,9775","3,6425","5,3716","6,4023",
2024-03-12,,"68,66",,"49,96","892,3","71481,29","9,2","9,85","103,22","138,5","105,4","168,09","40,81","27,275",,"57,75","30,3707","286,24","102,2","60,5","499,75","415,28","91,913","443,66","110,24","23,11","516,78","35,38","177,54","144,4","144,53","60,84","120,88","191,98","126,04","118,29",127668,"5175,27",,"11238,46",,"4,9774","3,689","5,4348","6,3795",
2024-03-13,,"68,35",,"51,07","878,9","73083,5","8,9077","9,76","102,52","139,79","105,33","166,49","41,1","27,115",,"57,85","30,6708","285,57","102,16","61,12","495,57","415,1","90,888","440,25","110,25","23,85","515,97","35,43","169,48","142,14","144,89","61,23","113,76","191,17","126,24","118,2",128006,"5165,31",,"11217,3",,"4,9687","3,6841","5,4304","6,3532",
2024-03-14,,"67,97",,"50,76",881,"71396,59","8,5385","9,77","102,5","143,1","106,99","167,2","40,92","26,9575",,"57,44","30,6531","285,75","102,07","60,5","491,83","425,22","87,944","439,14","110,3","23,77","514,95","35,42","162,5","139,62","143,77","60,45","112,94","190,58","125,71","117,36",127690,"5150,48",,"11187,85",,"4,9692","3,6907","5,4423","6,3573",
2024-03-15,,"67,49",,"50,82","857,7","69403,77","8,7923","9,99",104,"141,18","105,74","166,5","40,8","26,86",,"57,39","30,4854","284,4","103,09","59,88","484,1","416,42","87,837","433,92","110,32","24,1","509,83","35,33","163,57","136,98","143,91","59,76","113,78","190,25","124,9","118,29",126742,"5117,09",,"11115,69",,"4,9927","3,6832","5,4277","6,3573",
2024-03-16,,,,,,"65315,12",,,,,,,,,,,,,,,,,,,,,,,,,,,,,,,,,,,,,,,,
2024-03-17,,,,,,"68390,63",,,,,,,,,,,,,,,,,,,,,,,,,,,,,,,,,,,,,,,,
2024-03-18,,"67,65",,"52,31","870,8","67548,59","8,9077","10,05","105,57","147,68","105,98","168,25","40,85","26,985",,"57,07","30,609",288,"102,16","60,13","496,98","417,32","88,455","437,48","110,33","23,98","512,86","35,3","173,8","136,64","144,62","60,9","115,42","190,13","125,76","117,7819",126954,"5149,42",,"11186,04",,"4,968","3,6695","5,4107","6,359",
2024-03-19,,"67,21",,"51,98","869,6","61912,77","8,8846","9,94","107,23","147,03","105,28","168,51","40,82","26,8675",,"57,14","30,6531","289,52","102,6","60,23","496,24","421,41","89,398","438,57","110,34","23,85","515,71","35,71","171,32","134,87","145,2","61,4","117,28","192,25","125,78","116,1821",127529,"5178,51",,"11249,23",,"5,0294","3,6845","5,4219","6,4007",
2024-03-20,,"67,83",,"53,32","874,5","67913,67","9,1538","10,24","108,19","148,74","105,68","168,1","41,3","27,2",,"57,83","30,7149","288,75","102,7","60,75","505,52","425,23","90,372","443,77","110,37","24,38","520,48","35,95","175,66","136,75","148,43","61,81","117,54","189,89","126,06","116,1921",129125,"5224,62",,"11350,89",,"5,03","3,7059","5,4617","6,3898",
2024-03-21,,"67,93",,"54,21","923,3","65491,39","9,2769","10,02","109,21","147,6","105,99","167,97","41,26","27,4875",,"57,64","30,3972","289,3","103,02","60,47","507,76","429,37","91,435","445,87","110,41","23,68","522,2","36,07","172,82","139,45","152,17","61,66","117,78","190,82","127,88","116,1321",128159,"5241,53",,"11387,89",,"4,9662","3,6859","5,4287","6,3492",
2024-03-22,,"67,46",,"54,4","906,1","63778,76","9,5","9,81","108,8","150,77","106,9",168,"40,93","27,1175",,"57,53","29,7617","290,62","103,3","60,49","509,58","428,74","94,289","446,38","110,44","23,62","521,21","36,01","170,83","140,54","152,46","60,95","118,08","188,85","127,14","115,9921",127027,"5234,18",,"11372,49",,"4,9745","3,6763","5,402","6,2933",
2024-03-23,,,,,,"64062,2",,,,,,,,,,,,,,,,,,,,,,,,,,,,,,,,,,,,,,,,
2024-03-24,,,,,,"67234,17",,,,,,,,,,,,,,,,,,,,,,,,,,,,,,,,,,,,,,,,
2024-03-25,,"67,56",,"54,26",913,"69958,81","9,5692","9,85","107,84","150,07","106,53","168,02","41,05","27,28",,"57,55","29,7617","288,33","102,5","60,4","503,02","422,86","95,002","444,76","110,44","23,63","519,77","35,82","172,63","140,23","146,14","60,82","119,38","187,19","127,1","116,17",126931,"5218,19",,"11337,74",,"5,0009","3,6434","5,3554","6,303",
2024-03-26,,"67,52",,"53,44","900,4","69987,84","9,5923","10,08","108,58","150,67","106,3",168,"41,2","27,56",,"57,65","30,353",288,"102,6","60,54","495,89","421,65","92,561","443,32","110,46","23,37","518,81","35,92","177,67","138,84","146,67","60,05","121,26","187,1","127,3","116,1",126863,"5203,58",,"11306,01",,"4,9722","3,6584","5,3874","6,2836",
2024-03-27,,"67,54",,"53,98","895,2","69455,34","9,6923","10,37","108,86","150,87","106,15",168,"41,49","27,8575",,"58,01","30,5207","290,66","102,65","61,03","493,86","421,43","90,25","444,83","110,53","23,56","523,17","36,05","179,83","136,69","146,92","60,6","121,76","189,1","127,14","115,9",127691,"5248,49",,"11404,95",,"4,9757","3,6643","5,3915","6,2832",
2024-03-28,,"67,75",,"53,79","892,2","70744,95","9,6615","10,3","108,5","150,93","105,98",169,"42,01","27,9275",,"57,85","30,5737","292,6","103,42","61,18","485,58","420,72","90,356","444,01","110,54","23,81","523,07","36,31","175,79","136,05","148,49","60,83","122,84","189,51","127,74","116,24",128106,"5254,35",,"11418,03",,"4,9903","3,6679","5,3896","6,2961",
2024-03-29,,,,,,"69892,83",,,,,,,,,,,,,,,,,,,,,,,,,,,,,,,,,,,,"5,0141","3,7008","5,4065","6,3305",
2024-03-30,,,,,,"69645,3",,,,,,,,,,,,,,,,,,,,,,,,,,,,,,,,,,,,,,,,
2024-03-31,,,,,,"71333,65",,,,,,,,,,,,,,,,,,,,,,,,,,,,,,,,,,,,,,,,
2024-04-01,,"68,1",,"54,16",,"69702,15","9,7615","10,35","107,01","155,49","105,46","168,4","42,46","28,0125",,"57,73","29,5146","294,7","101,61","60,68","491,35","424,57","90,363","444,95","110,07","23,91","522,16","36,34","175,22","141,49",150,"61,22",,"189,34",,"116,56",126990,"5243,77",,"11395,08",,"5,0536","3,6726","5,3598","6,3331",
2024-04-02,,"68,31",,"53,59","890,7","65446,97","9,7538","10,09","106,64","154,56","105,07","168,25","43,09","28,6175",,"57,25","29,5499","292,7","101,66","60,15","497,37","421,44","89,452","441,11","110,08","24,96","518,84","36,15","166,63","140,22","149,57","61,94","122,7","191,42","126,5","116,88",127549,"5205,81",,"11312,9",,"5,0644","3,7252","5,4436","6,3691",
2024-04-03,,"68,24",,"55,24",905,"65980,81","9,7923","10,28","107,72","154,92","105,48","168,08","43,46","28,69",,"57,64","29,3292","291,95","102,16","59,83","506,74","420,45","88,964","442,1","110,09","25,88","519,41","36,42","168,38",142,"151,73","61,05","125,45","188,97","127,22","117,02",127318,"5211,49",,"11325,78",,"5,0386","3,7223","5,4579","6,3755",
2024-04-04,,"67,87",,"54,62","901,3","68508,84","9,9538","10,29","106,59","150,53","105,45","167,9","43,22","27,7575",,"57,18","28,9409","289,01","102,6","59,3","510,92","417,88","85,905","435,34","110,16","25,65","513,07","36,37","171,11","139,66","149,59","60,37","128,5","187,03","127,88","116,89",127428,"5147,21",,"11187,49",,"5,0574","3,7239","5,4692","6,3857",
2024-04-05,,"67,97",,"56,12","905,7","67837,64","9,9","10,62","107,22","152,5","105,48","168,18","43,95","28,1675",,"57,34","28,8879","292,81","102,86","59,51","527,34","425,52","88,008","440,47","110,17","26,19","518,43","36,21","164,9","141,36","151,04","59,71","126,4","187,82","126,5","116,8",126795,"5204,34",,"11311,7",,,,,,
2024-04-06,,,,,,"68896,11",,,,,,,,,,,,,,,,,,,,,,,,,,,,,,,,,,,,,,,,
2024-04-07,,,,,,"69362,55",,,,,,,,,,,,,,,,,,,,,,,,,,,,,,,,,,,,,,,,
2024-04-08,,"68,31",,"56,82","913,7","71631,36","10,0385","10,46","108,01","154,85","105,43","167,8","44,23","28,5925",,"57,66","29,3204",291,"103,35","59,27","519,25","424,59","87,133","440,6","110,18","26,59","518,72","36,2","172,98","142,79","153,65","62,97","126,1","187,17","127,18","116,8",128857,"5202,39",,"11307,66",,"5,0239","3,7094","5,4669","6,3591",
2024-04-09,,"68,83",,"57,06","899,3","69139,02","10,2385","10,51","108,46","156,6","105,37","167,85","44,47","27,775",,"57,53","29,6293","290,2","103,34","59,72","516,9","426,28","85,354","442,23","110,19","26,92","519,32","36,56","176,88","145,4","154,7","62,55","124,75","189,69","126,52","116,77",129890,"5209,91",,"11325,63",,"5,0076","3,6857","5,431","6,3478",
2024-04-10,,"67,9",,"56,54","913,3","70587,88","10,1077","10,47","107,78","156,14",105,"167,99","44,04","28,375",,"56,84","29,0026",291,"103,2","58,92","519,83","423,26","87,039","438,37","110,18","26,61","514,12","36,4","171,76","146,22","152,12","61,6",124,"188,31","125,76","116,5",128054,"5160,64",,"11218,73",,"5,0662","3,7096","5,4513","6,3508",
2024-04-11,,"68,44",,"57,28","909,1","70060,61","10,0846","10,44","109,08","159,41","104,9","167,79","44,89","28,04",,"56,89","28,9497","294,1","103,24","59,05","523,16","427,93","90,616","445,37","110,23","27,22",518,"36,6","174,6","147,2","151,34","61,86",123,"189,78","125,52","116,3",127396,"5199,06",,"11302,53",,"5,0904","3,7176","5,4563","6,3857",
2024-04-12,,"66,79",,"55,63","907,5","67195,87","9,8846","10,43","107,86","157,73","105,39","167,5","44,3","27,5975",,"55,93","28,6496","292,1","103,4","58,28","511,9","421,9","88,186","438,27","110,24","26,82","510,85","35,69","171,05","142,52","147,27","61,63","123,7","185,43","125,18","116,02",125946,"5123,41",,"11139,38",,,,,,
2024-04-13,,,,,,"63821,47",,,,,,,,,,,,,,,,,,,,,,,,,,,,,,,,,,,,,,,,
2024-04-14,,,,,,"65738,73",,,,,,,,,,,,,,,,,,,,,,,,,,,,,,,,,,,,,,,,
2024-04-15,,"66,37",,"53,55","910,9","63426,21","9,9769","10,49","108,39","154,86","104,61","165,24","45,13","27,29",,"55,83","28,1642","291,55",103,"58,14","500,23","413,64","86,001","431,06","110,25","27,64","504,45","35,82","161,48","140,14","145,3","61,99","123,3","183,2","124,92","115,99",125334,"5061,82",,"11005,61",,"5,1837","3,7577","5,5037","6,4433",
2024-04-16,,"65,6",,"53,1","913,4","63811,86","9,8615","10,54","106,66","154,4","103,85","166,5","45,18","26,8475",,"55,42","27,9523","295,81","103,35","58,06","499,76","414,58","87,415","431,1","110,26","27,01","503,53","35,8","157,11","139,8","145,45","61,44","120,65","182,63","122,82","115,9",124389,"5051,41",,"10982,99",,"5,2855","3,8095","5,5905","6,5694",
2024-04-17,,"65,56",,"53,03","852,4","61276,69","9,9077","10,69","105,65","155,47","104,16","164,99","44,86","27,3075",,"55,59","27,97","292,4","103,23","58,51","494,17","411,84","84,035","425,84","110,28","27,06","500,55","35,7","155,45","139,03","143,16","62,11","121,05","181,57","122,26","115,7",124171,"5022,21",,"10919,49",,"5,2326","3,8112","5,5997","6,5165",
2024-04-18,,"65,95",,"52,9","840,3","63512,75","10,0462","10,73","105,72","156,01","103,41","164,43",45,"27,65",,"55,5","28,0053","292,3","103,77","58,91","501,8","404,27","84,671","423,41","110,33","27,05","499,52","35,61","149,93","132,27","140,64","62,34","121,95","182,96","122,84","115,9",124196,"5011,12",,"10896,07",,"5,2417","3,8099","5,5831","6,5104",
2024-04-19,,"65,49",,"53,47",821,"63843,57","10,0846","10,8","105,42","154,09",104,"163,7","45,14","27,8875",,"55,62","27,8464",287,"103,78","60,17","481,07","399,12","76,2","414,65","110,35","27,44","495,16","35,71","147,05","127,7","140,6","63,36","121,2","184,12","121,89","115,79",125124,"4967,23",,"10801,16",,,,,,
2024-04-20,,,,,,"64994,44",,,,,,,,,,,,,,,,,,,,,,,,,,,,,,,,,,,,,,,,
2024-04-21,,,,,,"64926,64",,,,,,,,,,,,,,,,,,,,,,,,,,,,,,,,,,,,,,,,
2024-04-22,,"66,35",,"55,79","813,2","66837,68","9,9846","10,4","106,33","156,28","103,59","163,81","44,04","28,28",,"56,23","27,8288","288,29","103,19","60,55","481,73","400,96","79,518","418,82","110,36","26,07","499,72","35,8","142,05","129,75","139,96","63,33","121,3","184,74","121,88","115,97",125573,"5010,6",,"10895,47",,"5,1657","3,7701","5,5027","6,3802",
2024-04-23,,"66,97",,"55,84","834,3","66407,27","9,9","10,57","106,46","158,26","103,69","163,85","43,91","28,6725",,"57,05","28,2436","289,7","103,5","60,64","496,1","407,57","82,423","425,07","110,38","26,14","505,65","35,48","144,68","133,43","141,72","62,78","121,35","185,12","123,84","115,81",125148,"5070,55",,"11026,06",,"5,1305","3,7525","5,4867","6,3881",
2024-04-24,,"67,41",,"54,53","834,8","64276,9","9,8538","10,5","107,26","159,13","103,69","163,33","43,86","28,91",,"56,78","28,12","289,73","103,82","61,55","493,5","409,06","79,677","426,51","110,4","26,06","505,41","35,36","162,13","132,97","142,83","63,56","120,1","185,55","123,8","115,9",124741,"5071,63",,"11028,46",,"5,1455","3,7534","5,5036","6,4061",
2024-04-25,,"67,68",,"54,62","833,7","64481,71","9,7","10,69","105,63",156,"104,14","164,46","44,11","29,335",,"56,66","27,9612","290,51","103,9","61,74","441,38","399,04","82,632","424,45","110,43","26,22","503,49","35,05","170,18","136,58","143,43","62,22","118,8","182,68","122,7","115,51",124646,"5048,42",,"10978,2",,"5,1586","3,7769","5,5362","6,4536",
2024-04-26,,"68,36",,"56,33","858,8","63755,32","9,6846","10,8","107,96","171,95","104,24","164,21","44,26","29,0375",,"57,11","28,4289","289,8","103,99","61,74","443,29","406,32","87,735",431,"110,45","26,05","508,26","35,25","168,29","138,3","144,47","62,22","120,1","175,48","124,36","115,9",126526,"5099,96",,"11090,46",,,,,,
2024-04-27,,,,,,"63419,14",,,,,,,,,,,,,,,,,,,,,,,,,,,,,,,,,,,,,,,,
2024-04-28,,,,,,"63113,23",,,,,,,,,,,,,,,,,,,,,,,,,,,,,,,,,,,,,,,,
2024-04-29,,"68,98",,"57,26","847,7","63841,12","9,7615","10,85","107,68","166,15","104,8","166,74","44,16","29,1825",,"57,27","28,2083","290,95","104,28","62,04","432,62","402,25","87,757","432,75","110,46",26,"510,06","35,2","194,05","138,5","144,27","63,9","120,75","175,11","124,9","116,01",127352,"5116,17",,"11126,28",,"5,117","3,7406","5,4794","6,4185",
2024-04-30,,"68,14",,"57,42","832,7","60636,86","9,77","10,42","108,51","162,78","104,53","166,63","43,3","28,78",,"56,43","27,6787",291,"105,01","61,77","430,17","389,33","86,402","424,59","110,47","25,17","501,98","35,22","183,28","137,34","142,81","63,29","115,15","169,48","124,18","116,31",125924,"5035,69",,"10951,66",,"5,1939","3,7694","5,5376","6,4863",
2024-05-01,,"68,14",,"57,41",,"58254,01",,"10,55","107,94","163,86",,,"43,69","29,225",,"56,32",,,,"61,93","439,19","394,94","83,041","421,52","110,04","25,41","500,35",,"179,99","134,94","142,74",,,"171,08",123,,,"5018,39",,"10914,11",,"5,1944","3,7545","5,5165","6,5062",
2024-05-02,,"70,2",,"58,56","811,4","59123,43","10,39","10,63","107,21","166,62","103,1","164,98","43,55","29,95",,"56,91","28,0671",288,"103,25","61,99","441,68","397,84","85,817","426,9","110,09","25,5","505,03","36,22","180,01","136,23","143,07","63,92","114,35","168,34","123,82",116,127122,"5064,2",,"11013,91",,"5,1103","3,7361","5,4813","6,4091",
2024-05-03,,"70,76",,"61,33","835,9","62889,84","10,52","10,64","108,13","167,24","102,8","166,59","43,52","30,03",,"57,4","28,4201","289,55","103,62","62,17","451,96","406,66","88,789","435,48","110,11","25,34","511,29","36,55","181,19","141,56","145,88","63,99","115,5","168,32","125,66","116,18",128509,"5127,79",,"11152,76",,,,,,
2024-05-04,,,,,,"63891,47",,,,,,,,,,,,,,,,,,,,,,,,,,,,,,,,,,,,,,,,
2024-05-05,,,,,,"64031,13",,,,,,,,,,,,,,,,,,,,,,,,,,,,,,,,,,,,,,,,
2024-05-06,,"70,85",,"63,33","846,6","63161,95","10,43","10,89","109,58","168,1","103,07","166,64","43,95","30,5025",,"57,85","28,5966","292,1","104,15","62,35","465,68","413,54","92,14","440,25","110,12","26,23","516,57","35,56","184,76","142,83","148,34","64,18","116,95","168,91",,"116,8",128466,"5180,74",,"11268,23",,"5,0749","3,7105","5,4608","6,3654",
2024-05-07,,"70,33",,"63,36","854,2","62334,82","10,32","10,87","108,65","171,25","103,25","165,85","43,76","30,135",,"58,22","29,188","292,25","104,17","62,62","468,24","409,34","90,554","440,32","110,13","26,07","517,14","35,34","177,81","141,11","148,33","64,58","118,05","169,56","127,2","116,81",129210,"5187,7",,"11283,96",,"5,0733","3,6891","5,4461","6,3371",
2024-05-08,,"70,29",,"63,76",845,"61187,94","10,4","10,68","108,18","169,38","103,74","165,73","43,65","29,93",,"58,42","29,3733","293,4","103,82","62,85","472,6","410,54","90,412","440,06","110,15","26,13","517,19","35,65","174,72","143,6","145,97","63,99","117,2","168,56","126,96","117,05",129481,"5187,67",,"11283,91",,"5,0879","3,7038","5,4654","6,3558",
2024-05-09,,"70,65",,"63,28","847,9","63049,96","10,28","10,93","108,87","169,96","103,46","164,47","44,33","29,7825",,"58,93","28,4907","298,3","103,86","62,88","475,42","412,32","88,747","441,02","110,19","27,07","520,17","34,81","171,97","142,79","145,68","64,51","117,4","169,79","127,46","116,52",128188,"5214,08",,"11343,55",,"5,1408","3,7571","5,5401","6,435",
2024-05-10,,"70,99",,"62,29","864,5","60792,78","10,13","10,98","108,67","168,65","104,29","164,31","44,68","30,0275",,"59,18","28,8173","299,35","103,45","63,26","476,2","414,74","89,878","442,06","110,21","26,97","520,84","34,62","168,47","149,26","145,88","64,29","116,95","171,23","127,8","116,69",127600,"5222,68",,"11364,04",,,,,,
2024-05-11,,,,,,"60793,71",,,,,,,,,,,,,,,,,,,,,,,,,,,,,,,,,,,,,,,,
2024-05-12,,,,,,"61448,39",,,,,,,,,,,,,,,,,,,,,,,,,,,,,,,,,,,,,,,,
2024-05-13,,"71,6",,"61,47",853,"62901,45","10,17","10,83","108,4","169,14","104,31","162,6","44,2","30,0625",,"59,22","29,1703","299,1","102,27","63,58","468,01","413,72","90,399","443,08","110,23","27,02","520,91",35,"171,89","146,41","143,95","64,67","118,75","171,09","128,02","116,25",128155,"5221,42",,"11361,46",,"5,1542","3,7657","5,5529","6,4683",
2024-05-14,,"72,01",,"62,42","840,7","61552,79","10,33","10,79","109,08","170,34","104,21","161,56","44,57","30,45",,"59,72","29,4881","299,3","102,48","63,1","471,85","416,56","91,356","445,93","110,24","27,36","523,3",35,"177,55","151,95","144,96","64,63","121,85","169,73","128,2","115,99",128515,"5246,68",,"11418,12",,"5,1278","3,7562","5,5479","6,4535",
2024-05-15,,"72,84",,64,851,"66267,49","10,48","10,98","109,23","172,51","103,83","161,78","45,13","30,5025",,"60,33","29,4086","303,2","102,7794","63,13","481,54","423,08","94,63","452,9","110,27","28,4","529,78","35,01","173,99","155,58","148,08","64,44","121,2","169,25","129,74","116,1",128028,"5308,15",,"11554,04",,"5,1336","3,7722","5,5849","6,5062",
2024-05-16,,"73,11",,"63,67","859,1","65231,58","10,33","10,97","108,09","174,18","104,15","162,5","44,97","30,455",,"60,06","29,3204","302,65","103,3784","63,32","473,23","420,99","94,359","451,98","110,3","28,32","528,69",35,"174,84","152,23","146,08","64,91","120,35","170,96","130,24","117,12",128284,"5297,1",,"11532,36",,"5,1286","3,7649","5,5716","6,4935",
2024-05-17,,"73,45",,64,853,"67051,88","10,39","11,26","108,87","176,06","104,6","163,18","45,69","30,955",,"60,18","29,3292","301,14","103,8376","63,03","471,91","420,21","92,479","451,76","110,32","30,14","529,45","34,85","177,46","151,68","147,84","66,18","120,4","170,75","129,9","117,22",128151,"5303,27",,"11546,28",,,,,,
2024-05-18,,,,,,"66940,8",,,,,,,,,,,,,,,,,,,,,,,,,,,,,,,,,,,,,,,,
2024-05-19,,,,,,"66278,37",,,,,,,,,,,,,,,,,,,,,,,,,,,,,,,,,,,,,,,,
2024-05-20,,"73,11",,"64,77","864,7","71448,2","10,5",,"110,36","176,92","104,6","163,31","45,89","31,3875",,"60,15","29,241","301,7","104,2969","62,57","468,84","425,34","94,78","454,91","110,34","30,33","530,06","35,4","174,95","153,55","150,9","66,15","119,2","172,62","130,52","116,24",127751,"5308,13",,"11557,84",,"5,1031","3,7334","5,5239","6,4809",
2024-05-21,,"72,52",,"63,84","853,7","70136,53","10,71","11,31","109,85","177,85","105,25","162,49","45,82","31,65",,"60,17","29,0909","303,09","103,8177","62,91","464,63","429,04","95,386","455,8","110,35","30,63","531,36","35,75","186,6","153,67","151,42","65,96","119,15","174,22","130,02","115,99",127412,"5321,41",,"11587,05",,"5,1219","3,7446","5,549","6,5062",
2024-05-22,,"72,43",,"60,94","854,1","69122,34","10,45","11,03","108,68","176,38","105,12","162,09","44,99","31,265",,"59,67","28,6408","304,61","104,0972",63,"467,78","430,52","94,95","455,71","110,37","29,52","529,83","35,46","180,11","156,15","150,61","65,44","118,4","175,07","129,92","115,28",125650,"5307,01",,"11555,84",,"5,1511","3,7619","5,5733","6,5445",
2024-05-23,,72,,"58,92","876,4","67929,56","10,38","10,9","108,22","173,55","104,5","161,88","44,07","31,105",,"59,38","28,3848","302,25","104,2769","62,09","465,78",427,"103,799","453,66","110,43","28,84","525,96","34,97","173,74","157,09","152,33","65,05",118,172,"129,74","115,38",124729,"5267,84",,"11470,98",,"5,1431","3,7499","5,5677","6,5288",
2024-05-24,,"72,16",,"59,48","880,5","68526,1","10,38","11,21","109,58","174,99","104,22","161,8","44,12",32,,"59,86","28,1112","304,55","104,46",62,"478,22","430,16","106,469","457,95","110,44","29,02","529,44","35,3","179,24",160,"154,6","65,08","118,45","171,17","129,64","115,65",124306,"5304,72",,"11551,56",,,,,,
2024-05-25,,,,,,"69265,95",,,,,,,,,,,,,,,,,,,,,,,,,,,,,,,,,,,,,,,,
2024-05-26,,,,,,"68518,09",,,,,,,,,,,,,,,,,,,,,,,,,,,,,,,,,,,,,,,,
2024-05-27,,,,,"882,6","69394,55","10,39","11,41",,,105,"161,8",,,,,"28,0141","306,12","104,99",,,,,,,,,"35,07",,,,"65,3","120,4",,,"114,72",124496,,,,,"5,1717","3,791","5,6119","6,6007",
2024-05-28,,"72,17",,"60,82",896,"68296,22","10,21","11,56","110,48","176,4",105,161,"44,57","32,15",,"59,78","27,8641","304,61","103,94","61,82","479,92","430,32","113,901","459,68","110,43","30,6","529,81","34,88","176,75","159,41","156,79","63,89","123,3","171,05","129,62","113,8",123780,"5306,04",,"11554,45",,"5,1613","3,782","5,6032","6,5848",
2024-05-29,,"71,04",,"61,23","888,5","67578,09","10,1","11,34","108,81","175,9",105,"161,83","44,16","31,9875",,"58,84","27,6699","305,45","104,48","61,7","474,36","429,17","114,825","456,44","110,44","30,55","526,1","34,56","176,19","154,34","159,68","63,24","120,8","170,81","128,28","113,91",122707,"5266,95",,"11469,46",,"5,2021","3,7956","5,6232","6,6007",
2024-05-30,,"70,87",,"63,38",881,"68364,99",,"11,15","109,42","172,11",,,"44,24","31,885",,"59,42",,,,"61,97","467,05","414,67","110,5","451,55","110,47","29,73","522,61",,"178,79","152,96","159,78",,"114,5","169,58","128,28",,,"5235,48",,"11402,1",,"5,2021","3,8","5,6311","6,6138",
2024-05-31,,"70,15",,"62,76","870,8","67491,41","9,95","11,25","111,11","172,5","105,24","163,4","43,99","31,43",,60,"27,3875","308,2","104,48","62,93","466,83","415,13","109,633","450,71","110,51","29,06","527,37","34,28","178,08","151,04","160,36","63,2",115,"174,32","127,46","113,87",122098,"5277,51",,"11494,7",,,,,,
2024-06-01,,,,,,"67706,94",,,,,,,,,,,,,,,,,,,,,,,,,,,,,,,,,,,,,,,,
2024-06-02,,,,,,"67751,6",,,,,,,,,,,,,,,,,,,,,,,,,,,,,,,,,,,,,,,,
2024-06-03,,"71,12",,"61,21","880,5","68804,78","10,17","11,51","111,08","173,17","103,47","160,79","44,39","31,6475",,"60,04","27,7582",308,"103,7","62,93","477,49","413,52",115,"453,13","110,06","29,2","527,8","34,16","176,29","154,95","163,64","61,87","114,95","174,93","128,92",114,122032,"5283,4",,"11508,89",,"5,249","3,836","5,7019","6,7247",
2024-06-04,,"70,2",,"58,5","872,9","70567,77","10,25","11,04","109,84","173,79","103,4","161,47","43,98","31,175",,"59,89","27,8553","311,3","103,58","63,94","476,99","416,07","116,437","454,37","110,08","28,25","528,39","34,34","174,77","152,47","165,96","61,24","114,1","178,79","128,36","113,97",121802,"5291,34",,"11526,81",,"5,2877","3,8621","5,7476","6,7476",
2024-06-05,,"71,46",,"58,45","943,6","71082,82","10,3","11,08","109,8","175,41","104,02","160,7","44,49","31,365",,"60,36","27,8023","315,58","103,58","63,92","495,06","424,01","122,44","463,53","110,09","28,68","534,67","33,95",175,"162,92","167,43","60,37","114,1","180,78","129,84","113,09",121407,"5354,03",,"11663,55",,"5,3004","3,8669","5,7563","6,7812",
2024-06-06,,"71,79",,"57,75","957,5","70757,16","10,44","11,19","109,65","176,73","104,4","161,18","44,84","30,6525",,"60,55","28,1553","312,9","103,46","64,15","493,76","424,52","120,998","463,37","110,12","29,88","534,66",34,"177,94","162,07","165,67","61,21","113,45","180,3","130,46","113,29",122899,"5352,96",,"11661,37",,"5,2571","3,8377","5,7127","6,7159",
2024-06-07,,"71,15",,"57,12","958,9","69342,59","10,18","10,73","109,78","174,46","104,19","161,24","43,24","30,935",,"59,85","27,7582","317,03","104,3","63,91","492,96","423,85","120,888","462,96","110,15","27,89","534,01","33,69","177,48","164,39","164,77","60,41","112,6","180,46","130,2","113,15",120767,"5346,99",,"11650,49",,,,,,
2024-06-08,,,,,,"69305,77",,,,,,,,,,,,,,,,,,,,,,,,,,,,,,,,,,,,,,,,
2024-06-09,,,,,,"69647,99",,,,,,,,,,,,,,,,,,,,,,,,,,,,,,,,,,,,,,,,
2024-06-10,,"71,54",,"58,18","963,4","69512,28","10,15","10,91","111,07","175,01","104,5","160,84","43,63","31,365",,"59,63","27,5375",320,"103,9","63,59","502,6","427,87","121,79","464,83","110,17","28,4","535,66","33,53","173,79","168,16","160,54","61,07","112,35","180,13",130,"112,43",120760,"5360,79",,"11681,54",,"5,3528","3,8891","5,7603","6,8027",
2024-06-11,,"70,91",,"57,12","959,2","67332,03","10,24","10,81","109,94","176,62","104,18","160,11","43,77","30,8375",,"57,75","27,8464","320,52","104,11","63,55","507,47","432,68","120,91","468,02","110,18","27,94","536,95","33,79","170,66","165,71","158,51","60,98","111,2","181,99","129,54","112,14",121635,"5375,32",,"11713,3",,"5,3649","3,8945","5,7533","6,8259",
2024-06-12,,"71,75",,"57,74","985,6","68241,19","9,97","10,79","110,53","177,79","103,5","159,88","43,88","30,4275",,"58,6","27,8023",326,"104,35","62,88","508,84","441,06","125,2","474,15","110,22","28,31","541,36","33,42","177,29","172,98","159,67","60,14","109,55","180,06","131,68","111,09",119936,"5421,03",,"11813,17",,"5,401","3,9343","5,8351","6,9013",
2024-06-13,,"71,61",,"58,89","966,5","66756,4","10,14","10,48","108,33","175,16","103,31","158,01","43,53","30,3175",,"57,73","27,511","324,7","104,3","62,99","504,1","441,58","129,61","476,72","110,23","27,65","542,45","33,35","182,47","172,91","157,72","60,83","105,75","179,7","130,54","109,07",119568,"5433,74",,"11841,02",,"5,3616","3,9045","5,7621","6,8389",
2024-06-14,,"71,7",,"58,46",953,"66011,09","10,01","10,7","108,77","176,79","103,5","159,49","44,08","30,035",,"56,81","27,4846","325,38","103,99","62,55","504,16","442,57","131,88","479,19","110,28","28,28","542,78","33,35","178,01","172,51","158,96","60,62","104,5","180,31","130,22","110,86",119662,"5431,6",,"11839,27",,,,,,
2024-06-15,,,,,,66191,,,,,,,,,,,,,,,,,,,,,,,,,,,,,,,,,,,,,,,,
2024-06-16,,,,,,"66639,05",,,,,,,,,,,,,,,,,,,,,,,,,,,,,,,,,,,,,,,,
2024-06-17,,"72,22",,"57,43","969,4","66490,3","10,07","10,59","108,02","177,24","104,02","158,79","43,85","30,265",,"57,24","28,1553","330,1","103,96","62,62","506,63","448,37","130,98","485,06","110,29","28,17","547,1","33,23","187,44","177,24","157,4","60,38","105,15","178,29","130,54","110,08",119138,"5473,23",,"11931,48",,"5,424","3,9471","5,816","6,8933",
2024-06-18,,"72,68",,"58,14","983,8","65140,75","10,11","10,76","108,09","175,09","103,51","158,56","44,03","29,935",,"57,54","28,1377","331,93","104,04","62,63","499,49","446,34","135,58","485,21","110,32","28,24","548,49","33,29","184,86","179,69","155,37","60,66","105,4","178,2","131,44","110,1",119630,"5487,03",,"11961,93",,"5,4399","3,9584","5,8311","6,9133",
2024-06-19,,,,,"966,5","64960,3","10,2","10,84",,,"104,28","158,3",,,,,"28,3583","332,75","104,21",,,,,,,,,"33,36",,,,"60,85",105,,"131,76","109,92",120261,,,,,"5,4224","3,9664","5,8429","6,8918",
2024-06-20,,"72,59",,"57,06","988,9","64828,66","10,25",11,"108,66","176,3","104,66","157,75","44,58","30,0625",,"57,67","28,1642","332,68","104,17","62,18","501,7","445,7","130,78","481,47","110,34","29,33",547,"33,49","181,57","175,38","154,98","61,4","105,85","180,89","131,88","109,76",120446,"5473,17",,"11931,8",,"5,4524","3,989","5,8433","6,8966",
2024-06-21,,"72,13",,"56,71","963,4","64096,2","10,51","10,85","108,37","179,63","103,7","155,55","43,89","30,045",,"57,19","28,1377","330,85","104,3","62,77","494,78","449,78","126,57","480,18","110,39","28,23","544,51","33,6","183,01","173,96","158,22","60,83","104,7","181,69","131,04",114,121341,"5464,62",,"11913,78",,,,,,
2024-06-22,,,,,,"64252,58",,,,,,,,,,,,,,,,,,,,,,,,,,,,,,,,,,,,,,,,
2024-06-23,,,,,,"63180,8",,,,,,,,,,,,,,,,,,,,,,,,,,,,,,,,,,,,,,,,
2024-06-24,,"72,1",,"56,74","948,5","60277,41","10,52","10,95","109,27","179,22",104,"157,78","44,08","30,265",,"57,73","28,5437",327,"104,15","63,97","498,91","447,67","118,11","473,96","110,4","28,24","542,74","33,84","182,58","167,81","159,71","60,9","106,2",180,"131,82","112,49",122637,"5447,87",,"11878,04",,"5,3893","3,9456","5,7838","6,8259",
2024-06-25,,"71,96",,"57,4","950,2","61804,64","10,52","10,83","110,63","184,03","103,82","158,98","43,85","30,5275",,"57,61","28,632",332,"104,58","63,84","510,6","450,95","126,09","479,38","110,42","27,64","544,83","33,86","187,35","172,6","159,04","60,65","106,55","177,92","131,4","111,64",122331,"5469,3",,"11924,75",,"5,4507","3,9923","5,8417","6,9135",
2024-06-26,,"71,87",,"57,13","946,6","60811,28","10,34","10,81","111,02","183,88","104,07","159,84","43,46","30,75",,"57,1","28,579","336,16","105,6","64,05","513,12","452,16","126,4","480,37","110,42","27,52","545,51","33,97","196,37","172,07","157,54","61,4","104,8","179,1","131,12","111,17",122641,"5477,9",,"11943,53",,"5,5225","4,0253","5,8907","6,9702",
2024-06-27,,"71,86",,"57,52",960,"61604,8","10,04","10,69","111,64","185,41","104,5","162,11","43,96","30,7475",,"57,02","28,632","336,25","105,99","63,91","519,56","452,85","123,99","481,61","110,45","27,67","546,37","34,16","197,42","171,63","156,98","61,56","103,95","178,23","131,38",112,124308,"5482,87",,"11954,5",,"5,5005","4,0194","5,8909","6,9493",
2024-06-28,,"71,98",,"56,81","964,2","60320,14","9,89","10,71","112,82","182,15","104,8","162,15","43,93","30,65",,"56,95","28,6055","339,83",106,"63,65","504,22","446,95","123,54","479,11","110,5","27,84","544,22","34,23","197,88","173,81","155,49","62,22","105,4","177,8",132,"112,75",123907,"5460,48",,"11907,15",,,,,,
2024-06-29,,,,,,"60887,38",,,,,,,,,,,,,,,,,,,,,,,,,,,,,,,,,,,,,,,,
2024-06-30,,,,,,"62678,29",,,,,,,,,,,,,,,,,,,,,,,,,,,,,,,,,,,,,,,,
2024-07-01,,"72,15",,"54,8","954,3","62851,98","10,2",,"112,69","182,99","103,4","158,54","44,06","31,6875",,"57,25","28,4554","344,9","104,3","63,28","504,68","456,73","124,3","481,92","110,05","28,11","545,34","34,37","209,86","172,33","154,29","63,14","106,05","175,71","131,4","111,82",124718,"5475,09",,"11939,38",,"5,655","4,1124","6,0678","7,1501",
2024-07-02,,"72,55",,"55,16","965,9","62029,02","10,08","10,75","114,44","185,24","103,5",159,"44,06","31,925",,"57,14","28,8261","347,01","104,15","63,15","509,5","459,28","122,67","486,98","110,07","28,24","549,01","34,4","231,26","175,7","154,65","62,93","105,75","175,98","131,66","110,05",124787,"5509,01",,"12013,4",,"5,6755","4,142","6,0847","7,1942",
2024-07-03,,"73,56",,"55,84","985,8","60173,92","10,36","11,05","115,57","185,82","103,9","158,54","44,55","31,3825",,"57,83","29,0026",342,"103,7","63,33","509,96","460,77","128,28","491,04","110,1","29,07","551,46","34,57","246,39","182,49","153,5","64,18","106,5","175,45",133,"110,73",125662,"5537,02",,"12074,83",,"5,5554","4,0807","6,0011","7,081",
2024-07-04,,,,,"984,2","56977,7","10,37","11,14",,,"103,9","159,95",,,,,"29,0468","337,92","104,01",,,,,,,,,"34,6",,,,"63,86","107,6",,"133,48",113,126164,,,,,"5,4864","4,0276","5,9278","6,993",
2024-07-05,,"73,74",,"56,39",993,"56662,38","10,37","11,2","115,2","190,6","103,73","160,45","45,15","30,995",,"58,31","29,0644","338,51","104,4","63,76","539,91","467,56","125,83","496,16","110,14","29,83","554,64","34,73","251,52","183,99","151,74","63,6","106,85","176,8","133,66","113,98",126267,"5567,19",,"12142,54",,,,,,
2024-07-06,,,,,,"58303,54",,,,,,,,,,,,,,,,,,,,,,,,,,,,,,,,,,,,,,,,
2024-07-07,,,,,,"55849,11",,,,,,,,,,,,,,,,,,,,,,,,,,,,,,,,,,,,,,,,
2024-07-08,,"73,7",,"56,84","997,9","56705,1","10,54","11,52","114,66","189,03","104,3","160,27","44,6","30,8675",,"58,05","29,0115","339,67",105,"62,96","529,32","466,24","128,2","497,34","110,17","29,44","555,28","34,5","252,94","186,63",152,"63,1","106,8","175,84","133,98","113,33",126548,"5572,85",,"12155,27",,"5,4704","3,9896","5,8882","7,0028",
2024-07-09,,"74,01",,"57,58","982,7","58009,23","10,51","11,81","115,2","188,98",104,"160,24","44,66","31,3125",,"57,52","29,2145","336,22","105,04","62,69",530,"459,54","131,38","497,77","110,17","29,43","555,82","34,69","262,33","184,52","149,36","63,02","106,6","174,18","133,86","113,5",127108,"5576,98",,"12164,57",,"5,4171","3,9996","5,8968","6,9268",
2024-07-10,,"74,49",,"58,08",1002,"57742,5","10,46","11,95","117,51","191,18","103,83",161,"44,83","31,205",,"58,29","29,5234","339,65","104,19","62,83","534,69","466,25","134,91","502,96","110,18","29,46","561,32","34,89","263,26","191,05","148,83","62,17","106,25","174,62","134,64","113,69",127218,"5633,91",,"12290,21",,"5,4147","3,9724","5,8586","6,9541",
2024-07-11,,75,,"58,62","989,1","57344,91","10,7","12,19","115,33","185,57","103,6","161,82","45,63","30,2625",,"58,52","29,6999","338,5","104,22","63,1","512,7","454,7","127,4","491,93","110,21","30,04","556,48","35,2","241,03","184,5","151,52","62,01","107,15","174,85","135,04","113,85",128294,"5584,54",,"12182,97",,"5,438","3,9881","5,9078","7,0175",
2024-07-12,,"75,25",,"58,9","1002,2","57899,46","10,68","12,14","115,02","185,07","103,89","162,15","45,61","30,4025",,"59,21","29,5322","339,87",104,"63,7","498,87","453,55","129,24","494,82","110,27","29,44","559,99","35,27","248,23","187,35","153,35","62,92","108,55","177,76","136,08","113,9",128897,"5615,35",,"12250,19",,,,,,
2024-07-13,,,,,,"59231,95",,,,,,,,,,,,,,,,,,,,,,,,,,,,,,,,,,,,,,,,
2024-07-14,,,,,,"60787,79",,,,,,,,,,,,,,,,,,,,,,,,,,,,,,,,,,,,,,,,
2024-07-15,,"74,34",,"58,16","989,2","64870,15","10,72",12,"114,7","186,53","104,39","162,7","45,76","31,165",,"58,6","29,647","341,44","104,16","63,41","496,16","453,96","128,44","496,15","110,29","29,33","561,53","35,12","252,64","185,22","153,31","62,99","108,2","176,9","136,12","113,98",129321,"5631,22",,"12286,05",,"5,4468","3,9785","5,9298","7,0572",
2024-07-16,,"74,7",,"58,49","977,8","65097,15","10,87","12,1","116,71","183,92","104,13","163,9","46,66","30,915",,"58,82","29,8235","342,76","104,46","64,27","489,79","449,52","126,36","496,34","110,3","29,96","564,86","35,13","256,56","186,04","154,1","62,33","106,95","179,8","135,88","114,01",129110,"5667,2",,"12364,56",,"5,4243","3,9686","5,9136","7,0386",
2024-07-17,,"73,42",,"57,08","870,9","64118,79","11,18","11,79","114,59","181,02","104,15","164,46","46,44","30,8425",,"58,52","30,15","341,3","104,45","65,21","461,99","443,52","117,99","481,77","110,31","28,96","556,94","35,1","248,5","171,2","149,87","61,75","106,45","179,34","135,02","113,6",129450,"5588,27",,"12192,49",,"5,4877","4,0038","5,9935","7,1276",
2024-07-18,,"72,74",,"55,94","838,5","63974,07","10,93","11,89","114,01","177,69","104,1","162,5","46,15","29,9",,"58,06","30,0088","344,9","104,73","65,19","475,85","440,37","121,09","479,49","110,33","28,49","552,66","34,38","249,23","171,87","150,3","61,17","107,6","177,63",134,"113,42",127652,"5544,59",,"12097,25",,"5,5432","4,0723","6,0855","7,1685",
2024-07-19,,"71,97",,"56,73","829,5","66710,16","10,55","11,7","113,41","177,66","104,65",162,"45,32","30,1625",,"57,71","30,2383","343,76","105,2","65,29","476,79","437,11","117,93","475,24","110,39","27,92","548,99","33,9","239,2","165,77","150,32","61,12","105,6","177,18","132,88",113,127616,5505,,"12011,61",,,,,,
2024-07-20,,,,,,"67163,65",,,,,,,,,,,,,,,,,,,,,,,,,,,,,,,,,,,,,,,,
2024-07-21,,,,,,"68154,52",,,,,,,,,,,,,,,,,,,,,,,,,,,,,,,,,,,,,,,,
2024-07-22,,"72,45",,"57,54","850,5","67585,25","10,81","11,85","113,45","181,67","104,33","162,4","45,33","30,575",,"58,52","30,2207","345,27","104,66","64,77","487,4","442,94","123,54","482,32","110,4","27,9","554,65","34,08","251,51","169,35","150,45","61,05","106,65","177,46","133,48","112,94",127860,"5564,41",,"12141,75",,"5,5707","4,0467","6,0593","7,1942",
2024-07-23,,"71,78",,"58,09","860,9","65927,67","10,68","12,03","112,6","181,79","104,35","163,07","45,49","30,5175",,58,"30,1765","345,5","104,59","64,96","488,69","444,85","122,59","480,62","110,42","27,93","553,78","33,85","246,38","169,82","151,71","60,23","105,65","176,26","134,3","112,41",126590,"5555,74",,"12122,83",,"5,5853","4,0521","6,0587","7,1994",
2024-07-24,,"70,72",,"56,75","831,6","65372,13","10,64","12,04","109,3","172,63","104,29","162,7","45,31","29,53",,"57,46","30,1324","342,5","105,39","65,81","461,27","428,9","114,25","463,38","110,43","27,66","541,23","33,8","215,99","159,8","152,89","60,6","105,35","174,97","132,12","112,64",126423,"5427,13",,"11842,36",,"5,6536","4,0917","6,1273","7,2933",
2024-07-25,,"70,43",,56,"799,6","65777,23","10,63","11,61","107,47","167,28","104,1","162,77","44,62","29,6425",,"57,27",30,"339,9","105,3","66,07","453,41","418,4","112,28","458,27","110,44","26,58","538,41","33,71","220,25","160,28","150,3","60,57","104,65","176,74","131,46","112,27",125954,"5399,22",,"11781,57",,"5,6431","4,0829","6,1215","7,2548",
2024-07-26,,"71,23",,"56,47","820,5","67912,06","10,78","11,63","109,04",167,"104,09","163,39","45,08","29,7",,"58,06","30,2207","343,9","105,86","67,05","465,7","425,27","113,06","462,97","110,5","26,68","544,44","33,85","219,8","161,94","150,75","61,47","104,8","184,1","131,68","112,38",127492,"5459,1",,"11913,04",,,,,,
2024-07-27,,,,,,"67813,34",,,,,,,,,,,,,,,,,,,,,,,,,,,,,,,,,,,,,,,,
2024-07-28,,,,,,"68255,87",,,,,,,,,,,,,,,,,,,,,,,,,,,,,,,,,,,,,,,,
2024-07-29,,"71,01",,"55,81","806,3","66819,91","10,94","11,72","109,59","169,53",104,"161,37","45,02","29,9075",,"57,67","30,4413","342,25","104,5","66,83","465,71","426,73","111,59","463,9","110,52","26,64","544,76","33,84","232,1","160,01","150,7","61,58","104,3","186,65","131,52","110,83",126954,"5463,54",,"11922,89",,"5,6145","4,0581","6,0845","7,2098",
2024-07-30,,"70,62",,"55,63","805,7","66201,02","10,87","11,64","109,22","170,29","104,2","159,76","45,49","29,74",,"57,86","30,3266","339,5","105,4","67,68","463,19","422,92","103,73","457,53","110,53","27,05",542,"33,87","222,62","154,54",150,"60,22","104,05","186,96","131,42","111,4",126139,"5436,44",,"11863,8",,"5,6111","4,0529","6,0695","7,2041",
2024-07-31,,"72,27",,"57,24","850,5","64619,25","10,86","11,67","109,63","171,54","104,27","160,4","46,3","29,8175",,"58,38","29,9029","347,7","105,79","66,74","474,83","418,35","117,02","471,07","110,54","27,66","550,81","33,79","232,07","165,8","150,53","61,63","103,2","187,01","133,74","111,59",127652,"5522,3",,"12052,09",,"5,6566","4,0927","6,1158","7,2622",
2024-08-01,,"71,05",,"55,44","829,9","65357,5","10,85","11,74","104,39","170,76","103,17","160,01","46,14","29,7525",,"57,21","29,4528","347,5","104,78","67,96","497,74","417,11","109,21","459,66","110,08","27,26","543,01","34,12","216,86","158,18","145,96","60,25","99,18","188,37","131,88",112,127395,"5446,68",,"11887,54",,"5,7506","4,1321","6,1845","7,3099",
2024-08-02,,"69,99",,"55,09","737,1","61415,07","10,68","11,68","96,59","166,66","103,9",160,"46,05","28,1325",,"56,77","29,0821","339,73","105,23","69,33","488,14","408,49","107,27","448,75","110,18","27,28","532,9","34,68","207,67","149,86","143,68","59,41","96,86","187,71","128,24","112,75",125854,"5346,56",,"11669,18",,,,,,
2024-08-03,,,,,,"60680,09",,,,,,,,,,,,,,,,,,,,,,,,,,,,,,,,,,,,,,,,
2024-08-04,,,,,,"58116,98",,,,,,,,,,,,,,,,,,,,,,,,,,,,,,,,,,,,,,,,
2024-08-05,,"68,09",,"54,45",746,"53991,46","10,74",,"91,43","159,25","103,5","159,82","45,48","27,1625",,"55,51","29,0821",332,"104,97","68,1","475,73","395,15","100,45","435,37","110,18","26,01","517,38","34,5","198,88","147,95","139,49","57,02","93,9","178,62","125,84","112,32",125270,"5186,33",,"11319,96",,"5,7209","4,15","6,2868","7,3158",
2024-08-06,,"68,25",,"55,47","780,1","56034,32","10,75","11,9","92,01","158,29","103,24",160,"45,1","27,63",,"55,67","29,7264","329,72","104,21","68,05","494,09","399,61","104,25","439,53","110,18","25,8","522,15","34,69","200,64","155,39","140,11","57,31","93,08","177,16","126,48",112,126267,"5240,03",,"11437,32",,"5,6555","4,1064","6,1819","7,1633",
2024-08-07,,"68,76",,"55,96",796,"55027,46","10,8","11,73","95,42","158,94",103,"160,25","45,06","28,1925",,"55,75","29,8058","325,81","104,08","68,46","488,92","398,43","98,91","434,77","110,2","25,48","518,66","35,05","191,76","155,04","135,67","57,2","94,3","175,22","128,42","112,78",127514,"5199,5",,"11349,24",,"5,6358","4,0723","6,1208","7,1378",
2024-08-08,,"70,35",,"58,45","794,3","61710,14","10,7","12,05","97,94","162,03","102,49","160,15","45,77","28,87",,"56,53","29,6999","330,72","103,86","68,73","509,63","402,69","104,97","448,07","110,21","26,19","530,65","35,17","198,84","164,55","138,78","56,85","94,26","177,27","128,3","112,74",128661,"5319,31",,"11610,84",,"5,5461","4,0565","6,0806","7,0692",
2024-08-09,,"70,63",,"60,11",784,"60880,11","10,86","12,32","97,52","163,67","103,15","160,8","45,89","29,1375",,"56,88","30,5031","327,9","103,98","68,68","517,77","406,02","104,75","450,41","110,25","26,18","532,99","35,39",200,"167,12","144,82","57,06","93,94","175,01","128,98","112,65",130615,"5344,16",,"11666,49",,,,,,
2024-08-10,,,,,,"60945,81",,,,,,,,,,,,,,,,,,,,,,,,,,,,,,,,,,,,,,,,
2024-08-11,,,,,,"58719,48",,,,,,,,,,,,,,,,,,,,,,,,,,,,,,,,,,,,,,,,
2024-08-12,,"70,96",,"60,82","784,6","59354,52",11,"12,81","98,48","162,29",103,"160,74","46,67","29,4825",,"56,73","30,5472","327,45","103,69","68,17","515,95","406,81","109,02","451,38","110,28","26,69","533,27","35,38","197,49","167,63","147,29","56,77","93,5","174,85","129,32","112,71",131116,"5344,39",,"11668,59",,"5,4919","3,9978","6,0062","7,0028",
2024-08-13,,"71,69",,"61,76","789,5","60609,57","11,1","12,68","101,11","164,16","103,04","160,58","46,6","29,395",,"57,52","31,4122","329,9","103,87","68,46","528,54","414,01","116,14","462,58","110,31","26,62","542,04","35,38","207,83","172,34","144,88","56,52","92,94","174,74","130,7","112,69",132398,"5434,43",,"11865,29",,"5,4557","3,9718","5,9876","7,0126",
2024-08-14,,"71,17",,"61,9","799,3","58737,27","11,97","12,85","101,95","160,37","103,14","160,97","46,23","29,515",,"57,87","32,1889","332,49","103,99","68,58","526,76","416,86","118,08","462,73","110,31","26,3","543,75","35,43","201,38","169,97","144,91",56,"92,62","174,93","131,76","112,99",133318,"5455,21",,"11911,02",,"5,4689","3,9842","6,0179","7,0077",
2024-08-15,,"71,95",,"63,43",832,"57560,1","11,51","12,96","105,75","161,3","103,21","161,98","46,37","30,065",,"58,43","32,7008","338,84","103,81","68,65","537,33","421,03","122,86","474,42","110,32","27,08","553,07","35,46","214,14","173,96","146,38","56,23","94,68","177,77","133,58","112,95",134153,"5543,22",,"12106,68",,"5,4849","3,9802","5,9969","7,0472",
2024-08-16,,"72,89",,"62,72","832,5","58894,11","11,62","13,37","105,3","162,96","103,21","161,88","47,4","30,215",,"58,7","32,4272","338,35","104,16","69,18","527,42","418,47","124,58","475,03","110,37","27,68","554,31","34,73","216,12","174,54","149,94","56,08","95,26","179,86","133,84","112,97",133953,"5554,25",,"12132,48",,,,,,
2024-08-17,,,,,,"59478,97",,,,,,,,,,,,,,,,,,,,,,,,,,,,,,,,,,,,,,,,
2024-08-18,,,,,,"58483,96",,,,,,,,,,,,,,,,,,,,,,,,,,,,,,,,,,,,,,,,
2024-08-19,,"73,62",,"63,78","829,4","59493,45","11,85","13,42","105,91","166,67","103,22","160,97","47,35","30,4875",,"59,43","32,6214","338,08","104,05","68,98","529,28","421,53",130,"481,27","110,38","28,11","559,61","35,39","222,72","175,45","150,5","56,98","96,3","182,81","135,18","111,41",135778,"5608,25",,"12251,74",,"5,4056","3,9674","5,9965","7,0209",
2024-08-20,,"72,94",,"63,39","832,6","59012,79","11,9","13,31","104,25","167,18","103,15","161,48","47,51","30,19",,"59,31","32,8597","342,17","104,55","69,38","526,73","424,8","127,25","480,26","110,41","28,13","558,7","35,6","221,1","172,04","154,81","57,2","96,06","178,83","135,12","111,36",136087,"5597,12",,"12227,8",,"5,4781","4,0245","6,0986","7,1327",
2024-08-21,,"73,3",,"62,83","843,3","61175,19","11,98","13,59","105,21","165,85","103,75","161,33","47,46","30,8375",,"59,87","32,7273","343,25","104,39","69,57","535,16","424,14","128,5","482,5","110,43","28,23","560,62","35,72","223,27","171,44","160,07","58,3","96,48","180,42","135,74","111,44",136464,"5620,85",,"12280,18",,"5,4825","4,0278","6,1087","7,1766",
2024-08-22,,"72,46",,"61,31",833,"60381,91",12,"13,24","105,28","163,8","103,59","161,45","46,88","31,025",,"59,5","32,4272","347,31","104,93","69,33","531,93","415,55","123,74","474,85","110,45","27,64","556,22","35,87","210,66","166,44","158,7","58,38","96,52","180,07","135,52","111,58",135173,"5570,64",,"12170,71",,"5,5909","4,1045","6,2055","7,3228",
2024-08-23,,"73,65",,"62,54","818,8","64094,36","12,01","13,29","106,19","165,62",104,"162,3","47,43","30,85",,"60,53","32,1801","344,48","104,99","69,79",528,"416,79","129,37",480,"110,5","28,48","562,13","35,75","220,32","171,28","159,39","57,4",97,"179,32","136,64","111,66",135608,"5634,61",,"12310,63",,,,,,
2024-08-24,,,,,,"64178,99",,,,,,,,,,,,,,,,,,,,,,,,,,,,,,,,,,,,,,,,
2024-08-25,,,,,,"64333,54",,,,,,,,,,,,,,,,,,,,,,,,,,,,,,,,,,,,,,,,
2024-08-26,,"72,96",,"62,28",797,"62880,66","11,5","13,3","104,56","166,16","103,4","162,01","47,58","31,075",,"60,35","32,2507","343,9","105,3","70,84","521,12","413,49","126,46","475,34","110,51","28,62","560,79","35,41","213,21","169,07","160,38","58,05","96,78","181,5",,"112,12",136889,"5616,84",,"12272,08",,"5,4957","4,0699","6,1255","7,2411",
2024-08-27,,"73,18",,"62,79","794,2","59504,13","11,29","13,21","105,18","164,68","103,65","161,01","47,71","31,78",,"60,62","32,286","345,58","105,15","71,5","519,1","413,84","128,3","476,76","110,53","28,67","561,56","34,74","209,21","170,55","160,78","59,8","96,82","181,74","136,2","112,05",136776,"5625,8",,"12292,64",,"5,5079","4,0895","6,1499","7,2939",
2024-08-28,,"72,61",,"62,26","799,4","59027,63","11,55","12,97","105,24","162,85","103,19","160,9","47,38","31,58",,"60,36","32,9832","346,55","105,54","71,75","516,78","410,6","125,61","471,35","110,55","27,96","558,3","35,22","205,75","169,2",159,"59,37","96,3","181,19","135,74","112,08",137344,"5592,18",,"12219,23",,"5,5622","4,1195","6,1707","7,3387",
2024-08-29,,"72,78",,"63,47",823,"59388,18","11,6","13,21","105,84","161,78","103,15","161,29","47,62","31,7675",,"60,54","32,6214","351,1","105,75","72,05","518,22","413,12","117,59","470,66","110,56","28,05","558,35","35,13","206,28","169,15","160,5","59,3","96,14",182,"136,72","111,7",136041,"5591,96",,"12219,38",,"5,6277","4,1666","6,2224","7,4019",
2024-08-30,,"73,01",,"65,19",812,"59119,48","11,63","13,13","107,52","163,38","103,4","161,2","47,28","32,2225",,"60,53","32,3919","354,85","105,36","72,47","521,31","417,14","119,37","476,27","110,6","27,6","563,68","35,45","214,11","171,7","161,71","59,58","96,18","183,9",136,112,136004,"5648,4",,"12344,43",,,,,,
2024-08-31,,,,,,"58969,9",,,,,,,,,,,,,,,,,,,,,,,,,,,,,,,,,,,,,,,,
2024-09-01,,,,,,"57325,49",,,,,,,,,,,,,,,,,,,,,,,,,,,,,,,,,,,,,,,,
2024-09-02,,,,,"818,7","59112,48","11,69",,,,"102,96","160,6",,,,,"32,1183","354,5",105,,,,,,,,,"35,43",,,,"58,74","97,38",,"136,86",112,134981,,,,,"5,6151","4,1591","6,2134","7,3779",
2024-09-03,,"71,51",,"63,8","782,8","57431,02","11,62","12,75","105,92","157,36","102,8","160,4","47,09","31,85",,"59,38","32,639","347,78","105,22","73,01","511,76","409,44",108,"461,81","110,16","26,78","552,08","35,71","210,6","160,49","155,9","56,55","96,22","184,91","135,08","112,03",134353,"5528,93",,"12084,57",,"5,6475","4,162","6,2275","7,4059",
2024-09-04,,"71,42",,"65,61","736,4","57971,54","11,95","12,55","103,38","156,45","103,02","160,45","47,11","31,38",,"59,25","32,8685",347,"105,16","72,56","512,74","408,9","106,21","460,61","110,19","26,91","550,95","36,27","219,41","160,87","158,04","56,99","95,02","184,89","134,22","112,09",136111,"5520,07",,"12065,69",,"5,642","4,1488","6,2114","7,4074",
2024-09-05,,"71,53",,"65,93",720,"56160,49","11,91","12,8","103,72","157,24","102,88","160,42","47,51","31,515",,"59,15","33,0803","342,39","105,49","71,17","516,86","408,39","107,21","461,04","110,21","27,46","549,61","35,84","230,17","163,7","157,06","57,4","94,82","183,44","133,4","112,05",136502,"5503,41",,"12029,72",,"5,5675","4,1582","6,2386","7,337",
2024-09-06,,"70,22",,"64,72",681,"53948,75","11,84","12,51","99,36","150,92","102,85","160,5","47,15","30,635",,"58,32","32,6125","337,95","105,79","71,14","500,27","401,7","102,83","448,69","110,26","26,69","540,36","35,82","210,73","156,82","156,61","56,68",92,"181,84","131,86","112,41",134572,"5408,42",,"11823,57",,,,,,
2024-09-07,,,,,,"54139,69",,,,,,,,,,,,,,,,,,,,,,,,,,,,,,,,,,,,,,,,
2024-09-08,,,,,,"54841,57",,,,,,,,,,,,,,,,,,,,,,,,,,,,,,,,,,,,,,,,
2024-09-09,,"71,04",,"65,69","676,5","57019,54","11,85","12,66","101,53","148,71","102,81","160,15","47,35","31,055",,"58,69","32,9303","340,45","106,1","71,85","504,79","405,72","106,47","454,46","110,26","27,06","546,41","35,67","216,27","162,78","156,32","56,68","91,76","181,96","132,62","112,5",134737,"5471,05",,"11961,74",,"5,5843","4,1132","6,1566","7,2886",
2024-09-10,,"70,75",,"64,74","672,5","57648,71","11,79","12,98","100,38","148,66","102,05","160,24","47,55","30,5125",,"58,46","32,9303","346,45","105,33","71,55","504,79","414,2","108,1","458,66","110,3","27,16","548,79","35,46","226,17","162,43","154,85",56,"88,66","181,12","132,6","112,32",134320,"5495,52",,"12015,57",,"5,6629","4,1542","6,2303","7,3965",
2024-09-11,,"71,38",,"66,2","698,1","57343,17","11,76","13,04","100,92","151,16","102,2","160,1","47,48","30,6925",,"58,76","32,9921","349,67","105,97","71,08","511,83","423,04","116,91","468,62","110,29","27,35","554,42","35,3","228,13","170,23","152,34","57,59","89,2","182,06","131,9","112,22",134677,"5554,13",,"12143,85",,"5,6674","4,1609","6,2196","7,3933",
2024-09-12,,"71,98",,"67,93","722,4","58127,01","11,7","13,34","101,8","154,69","102,2","159,99","48,32","30,9",,"59,17","32,6302","350,81",105,"71,23","525,6",427,"119,14","473,22","110,31","28,54","559,09",35,"229,81","171,43","153,61","58,11","89,96","179,97","134,42","112,11",134029,"5595,76",,"12235,06",,"5,6257","4,1353","6,2149","7,3801",
2024-09-13,,"72,18",,"68,53",734,"60571,3","11,77","13,52","100,63","157,46","102,4","160,26","48,8","32,0175",,"59,49","32,6655","349,75","105,87","71,41","524,62","430,59","119,1","475,34","110,37","29,34","562,01","35,16","230,29","172,5","152,18","58,5","92,38","182,81","136,02",112,134882,"5626,02",,"12303,26",,,,,,
2024-09-14,,,,,,"60005,12",,,,,,,,,,,,,,,,,,,,,,,,,,,,,,,,,,,,,,,,
2024-09-15,,,,,,"59182,84",,,,,,,,,,,,,,,,,,,,,,,,,,,,,,,,,,,,,,,,
2024-09-16,,"72,42",,"68,5","719,9","58192,51","11,74","13,48","101,42","158,06","102,62","160,18","48,77","32,1475",,"59,96","32,6567","346,75","105,94","72,1","533,28","431,34","116,78","473,24","110,41","29,45","562,84","35,15","226,78","169,08","152,45","58,5","91,08","182,46","135,88",112,135118,"5633,09",,"12321,21",,"5,5039","4,0537","6,1292","7,2622",
2024-09-17,,"72,49",,"68,26",726,"60308,54","11,72","13,42","101,34","159,32","102,83","159,97","48,53","32,9525",,"59,67","32,5772","345,15","105,5","71,8","536,32","435,15","115,59","473,49","110,42","29,28","563,07","34,65","227,87","167,35","152,71","58,22","92,32","182,86","136,64","111,92",134960,"5634,58",,"12324,75",,"5,4817","4,0391","6,1037","7,2098",
2024-09-18,,"72,26",,"68,77",715,"61649,68","11,71","13,27","101,29","159,81","102,81","160,09","48,15","32,545",,"59,59","32,3919","342,15","105,7","71,75","537,95","430,81","113,37","471,44","110,46","28,56","561,4","34,43","227,2","167,28","153,33","57,54","92,62","179,27","135,94","111,95",133748,"5618,26",,"12289,26",,"5,461","4,0066","6,0596","7,1994",
2024-09-19,,"73,92",,"70,15","747,9","62940,46","11,61","13,33","104,03","162,14","102,95","159,93","48,89","33,1125",,"60,61","32,3036","346,02","105,44","70,62","559,1","438,69","117,87","483,36","110,48","29,43","570,98","34,39","243,92","176,22","153,66","58,23","93,84","182,42","138,2","109,9",133123,"5713,64",,"12498,59",,"5,4239","3,9961","6,0472","7,2028",
2024-09-20,,74,,"69,39","716,7","63192,98","11,57","13,56","105,25","163,59","102,29","159,9","49,52","33,255",,"59,81","31,7123","351,53","106,3","71,64","561,35","435,27",116,"482,44","110,53","29,79","568,25","34,29","238,25","174,08","148,78","57,35","90,82","181,22","137,34",107,131065,"5702,55",,"12474,44",,,,,,
2024-09-21,,,,,,"63394,84",,,,,,,,,,,,,,,,,,,,,,,,,,,,,,,,,,,,,,,,
2024-09-22,,,,,,"63648,71",,,,,,,,,,,,,,,,,,,,,,,,,,,,,,,,,,,,,,,,
2024-09-23,,"74,69",,"68,63","718,3","63329,8","11,53","13,6","105,7","161,85",102,"158,07","49,6","33,7975",,"59,96","31,5269","353,12","105,6","71,73","564,41","433,51","116,26","483,04","110,55","29,3","569,67","34,3",250,"174,76","149,73","57,53","92,76","182,55","138,26","108,13",130568,"5718,57",,"12509,61",,"5,5361","4,0951","6,1478","7,3889",
2024-09-24,,"77,46",,"68,78","727,6","64301,97","11,33","13,81","104,74","162,29","101,81","158,25","50,31","34,0275",,"60,54","31,5181","349,77","105,47","71,33","563,33","429,17","120,87","485,37","110,56","30,78","571,3","34,16","254,27","181,97","150,9","60,34","94,26","183,88","138,84","108,21",132156,"5732,93",,"12541,09",,"5,4497","4,0615","6,099","7,3099",
2024-09-25,,"76,47",,"68,01",735,"63143,14","11,34","14,13","105,42","161,49","101,58","158,1","50,25","34,05",,"60,22","31,9153","349,3",106,"71,45","568,31","432,11","123,51","485,82","110,58","30,43","570,04","34,08","257,02","182,35","150,77","60,61","93,12","182,44","138,84","107,45",131586,"5722,26",,"12517,82",,"5,4738","4,0452","6,0719","7,2833",
2024-09-26,,"79,63",,"67,92","759,8","65181,02","11,46","14,17","108,57","162,73","101,78","158,41","50,5","34,18",,"61,51","32,3213","348,62","106,36","71,4","567,84","431,31","124,04","489,47","110,59","30,66","572,3","34,22","254,22","186,83","151,69","64,25","95,02","186,19","139,9","107,6",133010,"5745,37",,"12569,13",,"5,4367","4,039","6,0823","7,2833",
2024-09-27,,"79,71",,"67,62","757,3","65790,66","11,32","13,66","103,95","163,95","101,69","158,55","50,09","34,3825",,"61,49","32,4448","347,52","106,51","71,79","567,36","428,02","121,4","486,75","110,63","30,22","571,47","34,14","260,46","177,97","153,05","63,96","97,12","190,64","140,22","107,83",132730,"5738,17",,"12553,78",,,,,,
2024-09-28,,,,,,"65887,65",,,,,,,,,,,,,,,,,,,,,,,,,,,,,,,,,,,,,,,,
2024-09-29,,,,,,"65635,3",,,,,,,,,,,,,,,,,,,,,,,,,,,,,,,,,,,,,,,,
2024-09-30,,"78,45",,"66,3","745,6","63329,5","11,4","13,7",106,"165,85","101,75","159,13","49,7","34,84",,"60,93","31,8711","349,8","106,37","71,86","572,44","430,3","121,44","488,07","110,63","29,75","573,76","34,24","261,63","173,67","153,71","63,51","95,16","189,96","139,54","107,43",131816,"5762,48",,"12608,07",,"5,4485","4,0266","6,0618","7,278",
2024-10-01,,"79,39",,"67,13","741,8","60837,01","11,42","13,82","106,25","166,99","100,75","157,68","50,21","34,5675",,"60,27","31,3327","347,6","104,23","71,71","576,47","420,69",117,"481,27","110,2","29,95","568,62","34,22","258,02","172,07","150,48","63,82","93,3","187,14","138,74","107,1",132495,"5708,75",,"12490,87",,"5,424","4,0476","6,0434","7,1891",
2024-10-02,,"81,24",,"66,29","757,4","60632,79","11,4","13,59","107,79","165,86","101,6","158,48","50,22","35,655",,"60,13","31,5269","346,4","104,79","71,01","572,81","417,13","118,85","481,95","110,2","30,38","568,86","34,47","249,02","175,8","151,37","64,17","92,84","187,76","139,34","106,93",133515,"5709,54",,"12493,35",,"5,4403","4,0313","6,0115","7,2173",
2024-10-03,,"80,09",,"67,07","755,1","60759,4","11,24","13,72","107,58","165,86","100,77","157,98","50,2","36,195",,"59,48","30,7502","347,8","104,9","70,52","582,77","416,54","122,85","481,59","110,2","30,62","567,82","34,18","240,66","179,48","147,66","62,94","91,38","186,4","138,54","106,7",131672,"5699,94",,"12472,39",,"5,4763","3,9997","5,9807","7,1839",
2024-10-04,,"81,05",,"67,17","757,5","62067,48","11,16","13,8","110,68","167,06","100,97","157,98","50,08","36,9625",,"59,76","30,812","349,83","105,01","70,17","595,94","416,06","124,92","487,32","110,24","30,77","572,98","34,26","250,08","181,16","151,69","62,48","93,98","186,9","138,74","107,65",131792,"5751,07",,"12586,91",,,,,,
2024-10-05,,,,,,"62089,95",,,,,,,,,,,,,,,,,,,,,,,,,,,,,,,,,,,,,,,,
2024-10-06,,,,,,"62818,95",,,,,,,,,,,,,,,,,,,,,,,,,,,,,,,,,,,,,,,,
2024-10-07,,"82,16",,"66,16","747,6","62236,66","11,19","13,86","109,03","162,98","101,2",158,"49,92","37,1425",,"59,49","31,015","348,57","105,16","69,01","584,78","409,54","127,72","482,1","110,23","30,31","567,8","34,55","240,83","184,51","152,21","63,03","93,82","184,37","139,44","107,85",132018,"5695,94",,"12466,41",,"5,4942","4,0236","6,0141","7,1788",
2024-10-08,,"79,26",,"67,12","752,1","62131,97","11,16","13,62","109,13","164,38","100,55","157,49","49,54","36,8975",,"59,33","31,2004","354,59","104,1279","69,18","592,89","414,71","132,89","489,3","110,26","29,34","573,17","34,45","244,5","186,05","152,94","61,12","92,48","185,39","138,92","107,35",131512,"5751,13",,"12587,25",,"5,5347","4,0507","6,0692","7,2359",
2024-10-09,,"78,91",,"69,17","767,5","60582,1","11,04","13,57","109,17","161,86","99,99","156,63","49,27","37,3825",,"59,53","30,6267","360,95","104,3073","69,57","590,51","417,46","132,65","493,15","110,27","29,18","577,14","34,19","241,05","187,14","153,86","60,96","93,44","186,01","139,58","106,1",129962,"5792,04",,"12677,16",,"5,5961","4,0719","6,1075","7,3046",
2024-10-10,,"78,97",,"70,25","762,6","60274,5","11,12","13,86","108,82","162,08","99,78","155,8","49,65","37,1575",,"59,37","30,7944","359,85","103,7879","69,25","583,83","415,84","134,81","492,59","110,28","29,71","576,13","34,43","238,77","185,78","153,49","61,25","93,12","186,86","139,56","105,13",130353,"5780,05",,"12652,84",,"5,5817","4,0614","6,1028","7,2833",
2024-10-11,,"79,57",,"71,44","770,7","62445,09","11,02","13,65","109,74","163,24","100,25","156,23","50,16","37,785",,"59,73","30,5649","364,05","104,0776","69,57","589,95","416,32","134,8","493,36","110,33","30,14","579,58","34,18","217,8","190,81","155,09","62,13","92,64","188,1","140,38","105,1",129992,"5815,03",,"12729,52",,,,,,
2024-10-12,,,,,,"63193,02",,,,,,,,,,,,,,,,,,,,,,,,,,,,,,,,,,,,,,,,
2024-10-13,,,,,,"62851,38",,,,,,,,,,,,,,,,,,,,,,,,,,,,,,,,,,,,,,,,
2024-10-14,,"79,11",,"71,11",792,"66046,13","11,11",,"110,16","164,96","100,22","157,32","50,1","37,825",,"59,95","30,759","364,85","103,8978","70,34","590,42","419,14","138,07","497,5","110,34","29,89","584,32","34,45","219,16","192,21","155,43","61,93","92,16","188,39","140,94","105,8",131005,"5859,85",,"12827,63",,"5,5947","4,0434","6,0822","7,3083",
2024-10-15,,"77,16",,"71,01","668,1","67041,11","11,09","13,92","107,75","165,46","99,98","156,15","50,28","38,245",,"58,97","31,1121","367,17","104,4671","70,34","586,27","418,74","131,6","490,85","110,35","30,09","579,78","34,7","219,57","187,13","156,05","61,17","91,78","188,07","140,2","105,81",131043,"5815,26",,"12731,1",,"5,652","4,1024","6,1571","7,3746",
2024-10-16,,"77,92",,"70,2","633,9","67612,72","11,15","14,12","108,77","165,16",100,"156,62","50,53","36,695",,"59,03","30,9267",369,"103,9877","70,57","576,79","416,12","135,72","490,91","110,37","30,28","582,3","35,01","221,33","187,48","154,91","62,34","91,24","187,06","139,98","105,9",131750,"5842,47",,"12790,84",,"5,668","4,1161","6,1458","7,3624",
2024-10-17,,"77,68",,"70,8","634,2","67399,84","11,1","14,14","108,74","162,93",100,"156,55","50,84","37,3575",,"59,12","30,9885","368,7","104,14","69,9","576,93","416,72","136,93","491,25","110,37","30,25","582,35","34,68","220,89","205,84","154,79","60,76","90,66","185,88","140,6","106,03",130793,"5841,47",,"12788,78",,"5,6518","4,098","6,1234","7,3475",
2024-10-18,,"78,61",,"71,71","664,5","68418,79","11,04","14,54","108,82","163,42","100,07","156,82","51,37","37,2025",,"59,53","31,1386","372,55","104,05","70,44","576,47","418,16",138,"494,47","110,42","32,12","584,59","34,9","220,7","200,78","155,27","60,55","91,92","187,72","140,8","106,6",130499,"5864,67",,"12840,3",,,,,,
2024-10-19,,,,,,"68362,73",,,,,,,,,,,,,,,,,,,,,,,,,,,,,,,,,,,,,,,,
2024-10-20,,,,,,"69001,7",,,,,,,,,,,,,,,,,,,,,,,,,,,,,,,,,,,,,,,,
2024-10-21,,"77,93",,"71,85","657,6","67367,85","11,12","14,55","107,64","164,07",100,"155,65","51,38","37,41",,"58,83","30,9797","371,64","103,93","69,45","575,16","418,78","143,71","495,42","110,43","32,32","583,63","34,71","218,85","201,95","156,88","60,33","91,04","187,17","139,68","105,08",130362,"5853,98",,"12817,39",,"5,6881","4,1119","6,1521","7,3842",
2024-10-22,,"77,82",,"71,67","666,8","67361,41","11,06","14,44","106,71","165,14",100,"155,59","51,92","37,165",,"58,62","31,0327",372,"103,72","69,45","582,01","427,51","143,59","495,96","110,43","33,23","583,32","34,35","217,97","198,48","160,02","60,41","91,32","186,89","139,76","104,51",129721,"5851,2",,"12811,36",,"5,6893","4,119","6,1451","7,3801",
2024-10-23,,"77,42",,"70,78","658,8","66432,2","11,06","14,28","105,79","162,78","99,31","154,99","51,29","36,86",,"58,22","31,2268","368,01","104,19","68,01","563,69","424,6","139,56","488,36","110,43","32,15","577,99","34,3","213,65","200,86","161,01","59,35","90,96","185,75","138,84","103,75",129233,"5797,42",,"12693,82",,"5,6865","4,1197","6,1463","7,3314",
2024-10-24,,"77,15",,"73,11","661,3","68161,05","11,22","14,12",106,"162,72","98,2","154,3","51,68","37,05",,"58,45","31,5093","366,8","103,77","67,3","567,78","424,73","140,41","492,32","110,45","32,15","579,24","34,45","260,48","197,93","161,26","59,7","92,9","185,12","138,86",103,130067,"5809,86",,"12721,05",,"5,664","4,086","6,1295","7,3472",
2024-10-25,,"77,2",,"73,92","664,1","66642,41","11,15","13,89","106,29","165,27","98,1","155,35","51,8","36,7925",,"58,22","31,1562","369,43","104,07","66,92","573,25","428,15","141,54","495,32","110,49","32,18","579,04","34,35","269,19","203,44","161,79","61,73","92,28","181,26","139,56","103,41",129893,"5808,12",,"12717,34",,,,,,
2024-10-26,,,,,,"67014,7",,,,,,,,,,,,,,,,,,,,,,,,,,,,,,,,,,,,,,,,
2024-10-27,,,,,,"67929,3",,,,,,,,,,,,,,,,,,,,,,,,,,,,,,,,,,,,,,,,
2024-10-28,,"77,4",,"74,17","655,5","69907,76","11,29",14,"107,82","166,72","98,36","154,91","51,78","37,7475",,"58,75","31,5357","370,8","103,61","66,67","578,16","426,59","140,52","495,4","110,52","32,18","580,83","34,52","262,51","194,68","160,75","62,88","91,86","179,07","139,56","103,52",131213,"5823,52",,"12751,22",,"5,6858","4,0956","6,1421","7,3959",
2024-10-29,,"77,18",,"73,34","655,2","72720,49","11,37","14,42","108,8","169,68","98,25","155,34","52,36","38,21",,"58,29","31,2004","375,55","103,8","65,56","593,28","431,95","141,25","500,16","110,52","32,9","581,77","34,51","259,52","196,94","162,28","62,66","88,92","178,77","139,36","103,78",130730,"5832,92",,"12771,8",,"5,7102","4,108","6,1693","7,4019",
2024-10-30,,"76,29",,"72,63",634,"72339,54","11,38","14,28","108,72","174,46","98,44","155,69","52,65","38,56",,"57,84","31,1121","373,6","104,21","65,92","591,8","432,53","139,34","496,38","110,55","32,27","580,01","34,78","257,55","194,48","162,89","62,47","89,88","177,39","139,32","103,92",130639,"5813,67",,"12729,73",,"5,76","4,1371","6,2279","7,4933",
2024-10-31,,"75,94",,"72,91","621,2","70215,19","11,37","14,16","107,57","171,11","98,2","155,85","51,84","38,145",,"57,3","30,9091","368,58","104,52","65,31","567,58","406,35","132,76","483,85","110,57","31,22","568,64","35,02","249,85","190,54","161,72","62,06","88,94","176,84","137,06","103,7",129713,"5705,45",,"12493,74",,"5,7623","4,1424","6,2522","7,4672",
2024-11-01,,"76,3",,"72,9","627,1","69482,47","11,36","13,84","108,18","171,29","96,05","154,5","51,62","38,445",,"57,56","30,7237","375,02","103,15","65,01","567,16","410,37","135,4","487,43","110,15","30,93","571,04","34,62","248,98","192,95","163,78","62,03","88,5","176,68","138,04","103,41",128121,"5728,8",,"12545,4",,"5,7894","4,1511","6,2956","7,4669",
2024-11-02,,,,,,"69289,27",,,,,,,,,,,,,,,,,,,,,,,,,,,,,,,,,,,,,,,,
2024-11-03,,,,,,"68741,12",,,,,,,,,,,,,,,,,,,,,,,,,,,,,,,,,,,,,,,,
2024-11-04,,"76,56",,"73,59","618,2","67811,51","11,62","13,73","107,7","169,24","95,76","153,03","51,7","38,4825",,"57,59","31,1386","369,07","103,29","65,11","560,68","408,46","136,05","486,01","110,17","31,03","569,81","34,95","242,84","191,56","162,93","62,67","88,26","177,86","137,52","103,46",130515,"5712,69",,"12510,73",,"5,6775","4,0892","6,178","7,5849",
2024-11-05,,"77,79",,"74,35",624,"69359,56","11,59","13,72","108,99","169,74","96,1","153,38","51,81","38,7275",,"58,07","32,0741","370,55","103,21","65,37","572,43","411,46","139,91","492,21","110,17","31,17","576,7","34,68","251,44","195,76","164,03","62,12","88,08","179,15","138,58","103,52",130661,"5782,76",,"12664,32",,"5,7906","4,1643","6,2957","7,4906",
2024-11-06,,"76,52",,"76,55","610,8","75639,08","11,43","13,05","111,54","176,51","96,01","153,09","50,23","42,9225",,"56,74","31,9241","375,25","102,95","63,7","572,05","420,18","145,61","505,58","110,17","29,82","591,04","34,61","288,53","193,22","166,62","61,42","84,32","186,58","139,9","103,19",130341,"5929,04",,"12984,73",,"5,7398","4,1453","6,2696","7,4794",
2024-11-07,,"78,61",,"74,54","624,7","75904,86","11,37","13,25","111,38","180,75","95,64","153,18","51,06","41,6675",,"57,59","31,4563","379,7","103,5","63,66","591,7","425,43","148,88","513,54","110,2","30,52","595,61","34,83","296,91","201,19","179,17","63,56","85,78","185,96","141,82","103,01",129682,"5973,1",,"13081,53",,"5,6748","4,0681","6,0864","7,3123",
2024-11-08,,"76,52",,"74,3","621,5","76545,48","11,29","13,04","109,58","178,35","95,9","154,3","50,7","42,435",,"56,74","30,962","384,2","103,3","63,92","589,34","422,54","147,63","514,14","110,26","29,85","598,19","34,94","321,22","201,2","177,9","60,63","84,14","183,56","141,56","104,14",127830,"5995,54",,"13133,47",,"5,691","4,0997","6,1387","7,3878",
2024-11-09,,,,,,"76778,87",,,,,,,,,,,,,,,,,,,,,,,,,,,,,,,,,,,,,,,,
2024-11-10,,,,,,"80474,19",,,,,,,,,,,,,,,,,,,,,,,,,,,,,,,,,,,,,,,,
2024-11-11,,"75,93",,"74,8","627,3","88701,48","11,51","12,62","111,02","180,35","97,06","152,8","49,51","44,8725",,"56,72","30,9974","385,95","102,82","63,36","583,17","418,01","145,26","513,84","110,25","29,31","598,76","35,33",350,"194,05","179,39","58,65","84,54","185,1","141,9","103,75",127874,"6001,35",,"13146,2",,"5,7364","4,1225","6,1136","7,4121",
2024-11-12,,"74,34",,"75,48","630,3","87955,81","11,36","12,56","109,81","181,62","96,01","152,15","49,08","44,8875",,"55,59","30,6267","384,48",103,"63,2","584,82","423,03","148,29","512,91","110,26","29,39","596,9","34,11","328,49","191,77","180,55","57,32","83,92","184,04","140,66","102,99",127698,"5983,99",,"13108,95",,"5,7554","4,131","6,1312","7,4019",
2024-11-13,,"73,85",,"76,38","627,7","90584,16","11,49","12,48","109,76","178,88","96,09",153,"48,59","44,6625",,"55,24","30,4678","387,96","102,98",63,580,"425,2","146,27","512,25","110,28","28,92","597,19","34,1","330,24","186,66","181,87","57,16","81,86","184,99","140,56","103,27",127734,"5985,38",,"13112,57",,"5,7482","4,118","6,0976","7,3224",
2024-11-14,,"73,48",,"77,28","671,6","87250,43","12,09","12,47","110,65","175,58","96,27","154,29","48,46","44,475",,"55,41","30,3795","384,96","103,2","62,55","577,16","426,89","146,76","508,69","110,29","29,13","593,35","33,72","311,18","188,5","181,48","56,84","83,32","184,36","140,5",104,127792,"5949,17",,"13034,79",,"5,8059","4,1457","6,1275","7,3769",
2024-11-15,,"73,44",,"78,03",635,"91066,01",,"12,46","108,8","172,49",,,"48,37","45,0525",,"55,24",,,,"61,74","554,08",415,"141,98","496,57","110,31","28,87","585,75",,"320,72","186,01","177,62",,"83,98","180,88","138,62",,,"5870,62",,"12864,42",,"5,7883","4,1122","6,0901","7,326",
2024-11-16,,,,,,"90558,48",,,,,,,,,,,,,,,,,,,,,,,,,,,,,,,,,,,,,,,,
2024-11-17,,,,,,"89845,85",,,,,,,,,,,,,,,,,,,,,,,,,,,,,,,,,,,,,,,,
2024-11-18,,"74,32",,"81,03","629,6","90542,64","11,59","12,64","109,71","175,3","95,7","153,22","49,29","45,6525",,"55,46","30,2736","378,55","102,9","61,86","554,4","415,76","140,15","500,02","110,33","29,73","588,15","34,08","338,74","187,48","182,93","57,55","83,94","179,2","139,36","103,29",127768,"5893,62",,"12916,8",,"5,7946","4,11","6,1052","7,3122",
2024-11-19,,"74,38",,"80,54","624,7","92343,79","11,95","12,76","109,47","178,12","95,86","154,25","49,74","46,3775",,"55,31","30,5472","381,65","102,98","62,59","561,09","417,79","147,01","503,46","110,35","29,86","590,3","34,38",346,"189,67","186,01","57,68","82,98","178,25","139,32","103,55",128197,"5916,98",,"12968,16",,"5,7464","4,095","6,0827","7,2855",
2024-11-20,,"74,3",,"81,5","616,5","94339,49",,"12,94","109,3","175,98",,,"50,03","46,965",,"55,17",,,,"62,99","565,52","415,49","145,89","503,17","110,37","29,52","590,5",,"342,03","188,36","185,5",,"81,76","181,41","138,54",,,"5917,11",,"12968,85",,"5,7718","4,1337","6,1162","7,3153",
2024-11-21,,"74,12",,"81,47","631,5","98504,73","11,59","13,24","109,14","167,63","95,87","154,23","50,44","47,9275",,"55,07","30,0177","386,3","102,8","63,76","563,09","412,87","146,67","504,98","110,37","29,4","593,67","33,85","339,64","191,24","186,58","57,62","81,24","184,9","139,84","103,65",126922,"5948,71",,"13040,08",,"5,7707","4,1266","6,079","7,3018",
2024-11-22,,74,,"82,68","642,1","98997,66","11,7","13,27","110,45","164,76","96,43","154,04","51,08","47,905",,"55,26","30,1059","387,2","103,74","63,92","559,14",417,"141,95","505,79","110,41","29,83","595,51","34,29","352,56","190,08","188,15","58,18","81,8","180,77","140,16","103,5",129126,"5969,34",,"13085,86",,"5,8141","4,1566","6,0827","7,3178",
2024-11-23,,,,,,"97777,28",,,,,,,,,,,,,,,,,,,,,,,,,,,,,,,,,,,,,,,,
2024-11-24,,,,,,"98013,82",,,,,,,,,,,,,,,,,,,,,,,,,,,,,,,,,,,,,,,,
2024-11-25,,"74,11",,"83,17",652,"93102,3","11,77","12,83","110,32","167,65","96,55","153,38","49,59","47,745",,"55,57","30,0971","388,75","103,41","64,38","565,11","418,79","136,02","506,59","110,43","28,97","597,53","34,26","338,59","185,08","187,62","58,17","82,4","181,91",141,"102,76",129036,"5987,37",,"13125,46",,"5,7993","4,1432","6,0307","7,2656",
2024-11-26,,"73,63",,"83,87",640,"91985,32","12,04","13,04","109,18","169,12","96,76","154,5","49,69","48,2375",,"55,25","30,6708","391,15","103,4","64,55","573,54","427,99","136,92","509,31","110,44","29,12","600,65","34,44","338,23","183,84","187,85","57,43","80,44","185,16","140,94","102,8",129922,"6021,63",,"13201,47",,"5,7972","4,109","6,0496","7,266",
2024-11-27,,"74,01",,"82,83","627,7","95962,53","11,87","13,15","107,01","169,23","96,26","153,7","49,78","47,8275",,"55,7","29,9206","397,5","103,4","64,43","569,2","422,99","135,34","505,3","110,46","28,74","598,83","34,01","332,89","181,19","185,56","58,13","80,32","191,63","141,08",102,127669,"5998,74",,"13152,08",,"5,8096","4,1306","6,0901","7,3045",
2024-11-28,,,,,"642,9","95652,47","11,47","13,11",,,"95,99",153,,,,,"28,8438","402,51","103,63",,,,,,,,,"33,59",,,,"57,53","80,62",,"141,38","100,25",124610,,,,,"5,9374","4,2289","6,2657","7,5188",
2024-11-29,,"74,2",,"83,52","658,4","97461,52","11,9","13,12","108,77","168,95",97,"152,25","50,25","47,7725",,"56,31","28,7732","402,85","104,12","64,08","574,32","423,46","138,25","509,74","110,51","29,26","602,55","34,09","345,16","184,66","188,38","58,78","80,72","187,18","141,98","100,51",125668,"6032,38",,"13227,13",,"6,0139","4,2897","6,3452","7,622",
2024-11-30,,,,,,"96449,05",,,,,,,,,,,,,,,,,,,,,,,,,,,,,,,,,,,,,,,,
2024-12-01,,,,,,"97279,79",,,,,,,,,,,,,,,,,,,,,,,,,,,,,,,,,,,,,,,,
2024-12-02,,"74,51",,"83,98","664,1","95865,3","11,65","12,91","110,05","171,49","94,82",148,"49,79","46,42",,"56,29","28,3495",410,"102,4","63,65","592,83","430,98","138,63","515,29","110,11","29,11","603,63","34,28","357,09","194,4","187,95","58,92","80,66","192,49","142,3",99,125236,"6047,15",,"13261,08",,"5,9732","4,2625","6,3165","7,593",
2024-12-03,,"74,72",,"83,92","677,9","96002,16","11,57","13,21","111,49","171,34","93,72","145,2","49,89","46,7225",,"56,49","28,6673","409,1","102,3","63,52","613,65","431,2","140,26","516,87","110,14","29,63","603,91","34,03","351,42","198,89","188,06","58,47","80,36","187,99","142,54","97,08",126139,"6049,88",,"13267,33",,"6,0568","4,3082","6,3532","7,6663",
2024-12-04,,"74,85",,"82,67","683,5","98768,53","11,43","13,13","111,24","174,37","92,35","142,78","50,04","46,4925",,"56,68","28,8438","411,2","102,01","62,21","613,78","437,42","145,14","523,26","110,14","29,87","607,66","34,05","357,93","200,69","188,2","57,33","81,38",187,"143,26","94,05",126087,"6086,49",,"13347,88",,"6,0431","4,2918","6,3452","7,6594",
2024-12-05,,"75,24",,"83,92","679,2","96593,57","11,68","13,18","111,14","172,64","90,08","142,82","49,67","46,725",,"57,19","29,4616","408,19","99,05","62,92","608,93","442,62","145,06","521,81","110,17","29,92","606,66","34,42","369,49","204,3","190,03","57,8","82,18","188,96","143,7","91,2",127858,"6075,11",,"13323,74",,"6,0388","4,2875","6,3412","7,657",
2024-12-06,,"75,1",,"84,07","677,6","99920,71","11,5","12,83","110,93","174,71","92,58","149,67","49,68","46,74",,"57,26","28,8614","413,87","100,87","62,53","623,77","443,57","142,44","526,48","110,22","29,6","607,81","34,13","389,22","203,02","189,71","56,81","83,14","191,14","143,78","96,92",125946,"6090,27",,"13358,5",,"6,0103","4,283","6,3573","7,657",
2024-12-07,,,,,,"99923,34",,,,,,,,,,,,,,,,,,,,,,,,,,,,,,,,,,,,,,,,
2024-12-08,,,,,,"101236,02",,,,,,,,,,,,,,,,,,,,,,,,,,,,,,,,,,,,,,,,
2024-12-09,,"76,86",,"84,13",675,"97432,72","11,63","13,04","111,02","175,37","91,4","151,78","50,17","45,0425",,"57,2","29,0026","411,85","100,34","62,6","613,57","446,02","138,81","522,38","110,24","30,38","604,68","34,24","389,79","199,17","187,9","59,83","84,34","200,46","143,8","96,62",127210,"6052,85",,"13278,29",,"6,0883","4,3019","6,3368","7,7594",
2024-12-10,,"75,36",,"83,75","670,3","96675,43","11,66","13,17","111,1","185,17","89,98","149,62","50,83",44,,"56,74","29,1174","408,48","98,94","62,91","619,32","443,33","135,07","520,6","110,24","30,38","602,8","34,15","400,99","191,94","185,36","59,77","85,96","200,53","142,82","95,5",128228,"6034,91",,"13239,21",,"6,0766","4,282","6,4061","7,7399",
2024-12-11,,"75,56",,"87,19","678,3","101173,03","11,82","13,47","112,84","195,4","89,01",149,"51,3","45,195",,57,"29,3998","405,1","96,4","62,64","632,68","448,99","139,31","529,92","110,26","30,44","607,46","34,31","424,77","194,6","190,46","58,84","86,1",200,"143,42","96,05",129593,"6084,19",,"13347,51",,"6,0453","4,2608","6,3613","7,7249",
2024-12-12,,"75,27",,"86,57","683,3",100043,"11,5","13,38","111,9","191,96","90,4","149,46","50,57","45,0775",,"56,49","28,6673","405,9","97,8","63,84","630,79","449,56","137,34","526,5","110,27","29,57","604,33","34,01","418,1","191,46","189,64","56,71","86,84","199,1","143,2","96,93",126042,"6051,25",,"13275,24",,"5,9527","4,2047","6,25","7,593",
2024-12-13,,"75,37",,"86,43","687,7","101459,26","11,42","13,14","111,48","189,82","90,45","151,36","49,98","44,8725",,"56,52","28,2966","409,65","98,31","63,12","620,35","447,27","134,25","530,53","110,3","29,09","604,21","33,72","436,23","200,99","185,48","55,86","88,02","197,4","142,46","97,65",124612,"6051,09",,"13276,56",,"5,9961","4,2123","6,2735","7,6007",
2024-12-14,,,,,,"101372,97",,,,,,,,,,,,,,,,,,,,,,,,,,,,,,,,,,,,,,,,
2024-12-15,,,,,,"104298,7",,,,,,,,,,,,,,,,,,,,,,,,,,,,,,,,,,,,,,,,
2024-12-16,,"74,99",,"88,28",688,"106029,72","11,39","13,44","111,17","196,66",90,"150,7","50,06","45,05",,"56,36","27,9876","416,64","97,72","62,55","624,24","451,59",132,"538,17","110,33","29,13","606,79","33,64","463,02","202,22","187,18","55,83","86,24","195,2","142,78","97,38",123560,"6074,08",,"13328,78",,"6,0409","4,2427","6,2659","7,6236",
2024-12-17,,"73,73",,"87,77","703,4","106140,6","11,48","13,44","110,1","195,42","89,35","148,81","49,91","44,725",,"55,44","28,1377",413,"96,87","63,4","619,44","454,46","130,39","535,8","110,33","29,14","604,29","33,94","479,86","200,66","185,93","56,11","86,66","195,21","142,3","94,96",124698,"6050,61",,"13277,55",,"6,1473","4,3144","6,4599","7,7942",
2024-12-18,,"72,15",,"82,38","717,3","100041,54","11,15","13,1","108,79","188,4","86,4","145,52","48,93","43,4475",,"54,17","27,3345","412,89","96,31","62,85","597,19","437,39","128,91","516,47","109,92","28,16","586,28","32,65","440,13","195,56","181,9","54,81","87,64","191,44","142,24","92,81",120772,"5872,16",,"12886,21",,"6,1032","4,2606","6,398","7,7459",
2024-12-19,,"72,48",,"80,96","690,8","97490,95","11,3","12,85","110,88","188,51","88,97","148,05",49,"43,4475",,"53,95","27,4846","402,35","96,5","62,45","595,57","437,03","130,68","514,17","109,95","27,79","586,1","33,04","436,17","194,64","181,38","53,77","87,32","193,44","138,9","92,31",121188,"5867,08",,"12875,09",,"6,2889","4,3435","6,502","7,9022",
2024-12-20,,"72,62",,"82,23","686,1","97755,93","11,54","12,99","110,14","191,41","92,47","152,7","49,5","43,98",,"53,84","27,8023","403,45","97,46","62,55","585,25","436,6","134,7","518,66","109,98","28,18","591,15","33,63","421,06","197,21","181,97","54,62","88,8","198,84","139,54","95,17",122102,"5930,85",,"13015,66",,"6,1516","4,2676","6,3694","7,6805",
2024-12-21,,,,,,"97224,73",,,,,,,,,,,,,,,,,,,,,,,,,,,,,,,,,,,,,,,,
2024-12-22,,,,,,"95104,94",,,,,,,,,,,,,,,,,,,,,,,,,,,,,,,,,,,,,,,,
2024-12-23,,"73,25",,"83,86","683,8","94686,24","11,1","13,07","111,19","194,63","93,3","155,59","49,27","44,4",,"54,12","27,2639","413,5","99,94","62,38","599,85","435,25","139,67","522,87","109,99","28,3","594,69","32,59","430,6","207,36","183,22","54,85","87,04","199,96","139,1","97,5",120767,"5974,07",,"13111,3",,"6,0842","4,2328","6,3599","7,6497",
2024-12-24,,"73,55",,"84,96","688,5","98676,09",,"13,26","111,41","196,11",,,"49,39","45,125",,"54,4",,,,"62,84","607,75","439,33","140,22","529,96","110,02","28,33","601,3",,"462,28","206,33","185,39",,,"201,48","140,16",,,"6040,04",,"13256,07",,"6,1939","4,3058","6,4391","7,7631",
2024-12-25,,,,,,"99299,2",,,,,,,,,,,,,,,,,,,,,,,,,,,,,,,,,,,,"6,1756","4,295","6,4103","7,7348",
2024-12-26,,"73,3",,"85,08",,"95795,52","11,05",,"110,53","195,6","93,73","154,66","49,72","45,2775",,"54,59","27,4404","417,2","102,59","62,57","603,35","438,11","139,93","529,6","110,04","28,45","601,34","32,84","454,13","203,06","187,16","55,01",,"202,73",,"98,73",121078,"6037,59",,"13251,76",,"6,1828","4,6847","6,4144","8,4441",
2024-12-27,,"72,99",,"85,01","684,9","94164,86","11,04","13,2","111,1","192,76","95,85",156,"49,37","44,75",,"54,42","27,1668","412,9","103,09","62,45","599,81","430,53","137,01","522,56","110,07","28,05","595,01","32,87","431,66","201,63","186,43","54,74","88,66","203,95","140,1","99,37",120269,"5970,84",,"13106,39",,"6,1485","4,2846","6,4102","7,734",
2024-12-28,,,,,,"95163,93",,,,,,,,,,,,,,,,,,,,,,,,,,,,,,,,,,,,,,,,
2024-12-29,,,,,,"93530,23",,,,,,,,,,,,,,,,,,,,,,,,,,,,,,,,,,,,,,,,
2024-12-30,,"72,33",,"83,02","671,9","92643,21","11,11","12,99","110,01","191,24",97,"156,13","49,22","44,7375",,"54,03","27,1227","407,7","102,99","62,03","591,24","424,83","137,49","515,61","110,1","27,68","588,22","32,86","417,41","200,39","184,54","54,55","89,04","205,1","138,7","97,67",120283,"5906,94",,"12966,22",,"6,1937","4,2939","6,4288","7,788",
2024-12-31,,"72,18",,"82,67","678,7","93429,2",,"13,04","110,29","189,3",,,"49,51","44,1675",,"53,98",,,,"62,26","585,51","421,5","134,29","511,23","110,11","27,57","586,08",,"403,84","197,49","184,08",,,"206,96","139,34",,,"5881,63",,"12911,82",,"6,1779","4,3011","6,4226","7,7399",
2025-01-01,,,,,,"94419,76",,,,,,,,,,,,,,,,,,,,,,,,,,,,,,,,,,,,,,,,
2025-01-02,,"71,89",,"87,47",690,"96886,88","11,08","13,5","110,31","189,43","93,68","154,64","50,19","45,625",,"53,8","26,9815","403,15","101,75","61,84","599,24","418,58","138,31","510,23","110,13","28,22","584,64","32,92","379,28","201,58","183,07","54,25","87,36","205,1","138,82","98,45",120125,"5868,55",,"12883,58",,"6,3","4,3778","6,5147","7,8854",
2025-01-03,,"72,73",,"88,21",688,"98107,43","10,84","13,43","110,38","191,79","93,25",154,"49,79","45,93",,"54,01","26,3195","410,65","103,87","61,75","604,63","423,35","144,47","518,58","110,16","28,26","591,95","32,21","410,44","208,61","188,75","53,24","86,82","205,62","139,22","97,73",118533,"5942,47",,"13046,88",,"6,151","4,2673","6,3091","7,6152",
2025-01-04,,,,,,"98236,23",,,,,,,,,,,,,,,,,,,,,,,,,,,,,,,,,,,,,,,,
2025-01-05,,,,,,"98314,96",,,,,,,,,,,,,,,,,,,,,,,,,,,,,,,,,,,,,,,,
2025-01-06,,"72,83",,"88,58","747,8","102078,09","10,85","13,14","110,8","196,87","92,48","152,75","49,74","47,5175",,"54,69","27,5022","408,12","102,86","60,81","630,2","427,85","149,43","524,54","110,18","28,55","595,36","32,68","411,05","220,01","188,98","52,56","89,48","210,68","141,32","98,73",120022,"5975,38",,"13120,14",,"6,1807","4,2765","6,3102","7,6777",
2025-01-07,,"72,17",,"89,29","738,4","96922,7","11,11","13,17","110,74","195,49","92,1",151,"50,01","47,7925",,"54,71","27,8023","403,22","101,3","60,84","617,89","422,37","140,14","515,18","110,2","28,66","588,63","33,46","394,36","211,42","181,75","52,05","89,78","209,22","139,96","98,5",121163,"5909,03",,"12974,59",,"6,1155","4,2614","6,3452","7,6509",
2025-01-08,,"71,71",,"87,88","724,3","95043,52","10,84","13,7","110,69","193,95","92,64","149,81","50,29","47,7225",,"54,54","27,3522","403,79","101,35","61,71","610,72","424,56","140,11","515,27","110,2","28,74","589,49",33,"394,94","207,12","183,74","51,55","89,32","211,67","139,08",97,119625,"5918,25",,"12995,13",,"6,1009","4,2435","6,3052","7,6046",
2025-01-09,,,,,"733,9","92484,04","10,76","13,92",,,"93,1","149,23",,,,,"27,4228","400,17","100,9",,,,,,,,,"32,97",,,,"51,23","89,7",,"138,94","97,02",119781,,,,,"6,1058","4,2429","6,2933","7,5459",
2025-01-10,,"70,22",,"88,52","725,3","94701,45","10,47","13,82","107,37","192,04","94,4","150,7","50,78","46,3025",,"53,95","27,0432","398,05","102,6","61,07","615,86","418,95","135,91","507,19","110,23","28,91","580,49","32,74","394,74","208,37","178,61","51,52","90,36","207,08","136,86","98,19",118856,"5827,04",,"12797,39",,"6,0346","4,1858","6,2073","7,4221",
2025-01-11,,,,,,"94566,59",,,,,,,,,,,,,,,,,,,,,,,,,,,,,,,,,,,,,,,,
2025-01-12,,,,,,"94488,44",,,,,,,,,,,,,,,,,,,,,,,,,,,,,,,,,,,,,,,,
2025-01-13,,"69,59",,"85,33","711,5","94516,52","10,49","13,63","107,71","191,01","93,73","150,43","50,25","45,815",,"53,69","27,2374","397,9","102,07","61,65","608,33","417,19","133,23","505,56","110,25","28,26","581,39","32,2","403,31","201,36","178,76","51,51","90,9","209,56","136,28","97,85",119007,"5836,22",,"12817,56",,"6,1059","4,2331","6,1936","7,4581",
2025-01-14,,"70,48",,"87,56","712,7","96534,05","10,43","13,91","107,95","189,66","93,5","149,58","50,53","45,66",,"53,92","27,2551","395,61","102,05","62,04","594,25","415,67","131,76","505,08","110,26","28,52","582,19","32,42","396,36","201,45","180,03","51,85","91,88",209,"137,18","98,37",119299,"5842,91",,"12832,29",,"6,0934","4,2401","6,25","7,446",
2025-01-15,,"71,18",,"88,42","712,7","100504,49","10,59","13,9",108,"195,55","93,07","151,15","50,91","46,4625",,"54,59","28,4378","399,87","102,78","61,77","617,12","426,31","136,24","516,7","110,28","29,3","592,78","32,6","428,22","206,8","181,32","52,6","93,34","210,1","139,06","98,8",122650,"5949,91",,"13068,56",,"6,0548","4,2153","6,2344","7,3855",
2025-01-16,,"71,28",,"86,76","745,4","99756,91","10,28","13,7","106,46","192,91","92,37","152,28","51,25","47,04",,"55,12","28,3495","402,13","102,78","62,25","611,3","424,58","133,57","513,08","110,29","29,35","591,64","32,3","413,82","214,79","183,37","52,67","92,94","210,69",140,"99,36",121234,"5937,34",,"13041,19",,"6,0122","4,1925","6,1843","7,3602",
2025-01-17,,"71,92",,"84,83","739,1","104462,04","10,46","13,89","107,7",196,"90,86","149,8","50,99","47,5225",,"55,36","28,5525",407,"102,42","62,71","612,77","429,03","137,71","521,74","110,34","28,94","597,58","32,64","426,5","211,5","186,41","54,49","93,42","209,72","141,14","96,06",122350,"5996,66",,"13171,75",,"6,0499","4,1993","6,2267","7,391",
2025-01-18,,,,,,"104408,07",,,,,,,,,,,,,,,,,,,,,,,,,,,,,,,,,,,,,,,,
2025-01-19,,,,,,"101089,61",,,,,,,,,,,,,,,,,,,,,,,,,,,,,,,,,,,,,,,,
2025-01-20,,,,,748,"102016,66","10,58","14,07",,,"90,41","149,8",,,,,"28,8261","406,33","103,34",,,,,,,,,"32,91",,,,"54,29",95,,"141,92","96,05",122543,,,,,"6,0662","4,2028","6,2149","7,3855",
2025-01-21,,"72,55",,"87,26","732,4","106146,27","10,61","14,12","109,17","198,05","89,57","149,45","51,75","48,2075",,"56,64","28,8879","407,79","102,38","62,42","616,46","428,5","140,83","524,8","110,36","29,36","603,05","33,13","424,07","218,7","185,14","54,02","94,26","210,42","142,1","95,15",123338,"6049,24",,"13287,58",,"6,0298","4,2116","6,2775","7,4239",
2025-01-22,,"72,49",,"87,48","748,1","103653,07","10,53","14,52","109,56","198,37","88,68","150,01","52,03","52,445",,"56,47","28,782","404,18",102,"61,78","623,5","446,2","147,07","531,51","110,36","29,4","606,44","32,9","415,11","223,2","187,99","52,66","93,84","207,13","143,16","95,59",122972,"6086,37",,"13369,36",,"6,0205","4,1926","6,2578","7,4184",
2025-01-23,,"72,68",,"86,48","715,3","103960,17","10,58","14,07","109,86","197,98","88,48","148,42","51,98","52,1375",,"56,97","28,7202","405,16","102,08","61,53","636,45","446,71","147,22","532,64","110,38","28,98","609,75","32,15","412,38","224,62","183,82","52,32","95,4","206,65","143,32","95,57",122483,"6118,71",,"13440,61",,"5,9403","4,125","6,1767","7,3046",
2025-01-24,,"73,07",,"86,08","700,7","104819,48","10,5","14,47","110,75","200,21","88,12","149,4","52,31","54,7475",,"57,23","28,6496","403,41","101,8","61,92","647,49","444,06","142,62","529,63","110,42","29,22","607,97","31,8","406,58","221,88","185,49","53,03","96,64","210,73","144,14","95,01",122447,"6101,24",,"13403,51",,"5,924","4,1162","6,1652","7,3099",
2025-01-25,,,,,,"104714,65",,,,,,,,,,,,,,,,,,,,,,,,,,,,,,,,,,,,,,,,
2025-01-26,,,,,,"102682,5",,,,,,,,,,,,,,,,,,,,,,,,,,,,,,,,,,,,,,,,
2025-01-27,,"71,6",,"83,83","651,6","102087,69","10,75","14,24","109,11","191,81","88,43","149,3","51,76","50,9675",,"57,44","29,338","396,75","102,07","63,87","659,88","434,56","118,42","514,21","110,44","28,81","599,37","32,53","397,15","192,31","187,87","53,96","97,98","212,69","141,62","96,15",124862,"6012,28",,"13208,19",,"5,9091","4,1205","6,1876","7,3781",
2025-01-28,,"72,21",,"83,87","646,6","101332,48","10,78","14,16","110,39","195,3",88,"148,21","52,18","51,9375",,"57,25","29,391","397,95","101,33","62,36","674,33","447,2","128,99","521,81","110,45","28,9","604,52","32,41","398,09","202,4","187,14","52,65","97,82","213,17","142,36","95,92",124056,"6067,7",,"13329,95",,"5,8926","4,0875","6,1501","7,3314",
2025-01-29,,"72,23",,"86,47","682,5","103703,21","10,68","14,28","109,95","195,41","88,29","148,68",52,"52,8125",,"57,29","29,3204","394,1","101,46","62,83","676,49","442,33","123,7","520,83","110,46","29,33","601,81","32,35","389,1","202,33","190,09","52,8","97,52","213,78","142,88","96,2",123432,"6039,31",,"13267,65",,"5,8561","4,063","6,1013","7,2846",
2025-01-30,,"73,38",,"88,09","706,7","104735,3","10,92","14,58","111,09","200,87","88,93","149,9","52,76","54,7925",,"57,84","30,0353","398,41","102,16","64,05",687,"414,99","124,65","523,05","110,47","30,11","605,04","33,19","400,28","208,15","191,23","55,03","97,82","214,01","143,42","97,98",126913,"6071,17",,"13337,85",,"5,8567","4,0644","6,1013","7,2833",
2025-01-31,,"72,66",,"86,48","722,7","102405,02","10,96","14,73","110,39","204,02","89,39","152,25","52,87","54,36",,"57,44","29,8411","394,15",102,"63,48","689,18","415,06","120,07","522,29","110,51","29,86","601,82","33,51","404,6","209,32","185,51","54,17","98,64",215,"144,4","97,5",126135,"6040,53",,"13271,38",,"5,8745","4,0501","6,1013","7,2978",
2025-02-01,,,,,,"100655,91",,,,,,,,,,,,,,,,,,,,,,,,,,,,,,,,,,,,,,,,
2025-02-02,,,,,,"97688,98",,,,,,,,,,,,,,,,,,,,,,,,,,,,,,,,,,,,,,,,
2025-02-03,,72,,"84,98","709,9","101405,42","11,19","15,06","108,78","201,23","88,4","149,6","53,17","55,87",,"56,6","29,5499","389,88","100,89","63,35","697,46","410,92","116,66","518,11","110,12","30,03","597,77","33,45","383,68","199,8","186,07","54,21","94,6","216,02","142,04","97,45",125970,"5994,57",,"13171,21",,"5,8406","4,013","6,0708","7,2307",
2025-02-04,,"73,35",,"86,3","712,4","97871,82","11,1","15,04","109,53","206,38","88,5","149,79","53,69","55,37",,"57,36","29,6558","388,03","99,63","62,67","704,19","412,37","118,65","524,47","110,13","30,64","601,78","33,4","392,21","204,05","183,54","54,02","94,66","218,5","143,04","96,5",125147,"6037,88",,"13266,45",,"5,8062","4,0234","5,9916","7,2181",
2025-02-05,,"73,1",,"85,59","706,1","96615,45","11,07","15,17","109,69","191,33","88,09","149,18","54,02","58,3625",,"57,9","30,1059","392,9","99,95","63,12","704,87","413,29","124,83","526,85","110,14","30,78","604,22","33,06","378,17","208,57","184,92","54,31","93,38","220,91","143,2","97,95",125534,"6061,48",,"13318,43",,"5,7571","4,0143","5,9666","7,1827",
2025-02-06,,"73,25",,"87,98","715,3","96593,3","10,96","15,33","109,51","191,6","87,5","149,7","53,89","57,0575",,"58,26","30,1589","392,25","100,19","63,36","711,99","415,82","128,68","529,6","110,16","30,79","606,32","33,18","374,32","210,5","183,08","55,13","95,9","220,18","144,08","97,98",126225,"6083,57",,"13366,96",,"5,8029","4,0503","6,0314","7,2553",
2025-02-07,,"73,3",,"85,25",703,"96529,09","10,97","15,72","108,19","185,34","87,5","149,1","53,97","57,785",,"57,75","29,9382","391,4","100,1","63,84","714,52","409,75","129,84","522,92","110,19","30,47","600,77","32,98","361,62","206,12","208,77","54,83","93,72","221,39","143,42","97,94",124619,"6025,99",,"13241,34",,"5,7605","4,0229","5,9773","7,1644",
2025-02-08,,,,,,"96482,45",,,,,,,,,,,,,,,,,,,,,,,,,,,,,,,,,,,,,,,,
2025-02-09,,,,,,"96500,09",,,,,,,,,,,,,,,,,,,,,,,,,,,,,,,,,,,,,,,,
2025-02-10,,"74,2",,"85,98",717,"97437,55","11,03","16,03","108,98","186,47","90,56","148,02","54,88","56,5475",,"58,1","30,2648","392,25","99,75","64,55","717,4","412,22","133,57","529,25","110,2","30,63","604,85","32,89","350,73","207,95","212,51","55,4","94,32","222,24","143,84","98,07",125572,"6066,44",,"13332,15",,"5,8032","4,0621","5,9585","7,1949",
2025-02-11,,"73,74",,"83,18","723,6","95747,43","11,13","15,82","109,59","185,32","90,15","147,8","54,69","55,3675",,"58,55","30,5825","391,65","99,65","67,6","719,8","411,44","132,8","527,99","110,2","30,4","605,31","33,23","328,5","208,74","209,94","55,16","93,34","227,38",144,"97,8",126522,"6068,5",,13337,,"5,7869","4,0333","5,9559","7,152",
2025-02-12,,"74,34",,"83,72","718,4","97885,86","11,05","15,87","109,78","183,61","90,19","147,99","54,75","57,55",,"58,94","29,7352","389,5","99,4","68,71","725,38","409,04","131,14","528,3","110,2","30,76","603,36","32,7","336,51","206,38","209,18","54,79","93,74","227,49","143,3","98,07",124380,"6051,97",,"13302,1",,"5,7645","4,0328","5,9701","7,1777",
2025-02-13,,"74,75",,"85,47","737,9","96623,87","11,09","15,77","110,49","186,14","90,91","147,83","55,28","58,7125",,"59,59","29,8941","393,9","99,28","69,5","728,56","410,54","135,29","535,9","110,23","30,89","609,73","32,78","355,94","201,83","210,09","54,86","99,78","229,34",145,98,124850,"6115,07",,"13440,93",,"5,7644","4,028","5,9861","7,1763",
2025-02-14,,"75,3",,"85,51","732,2","97508,97","11,38","15,98","110,14","185,23",91,"149,09","54,46","58,53",,"59,77","30,6884","388,62","99,67","68,87","736,67","408,43","138,85","538,15","110,28","30,71","609,7","33,53","355,84","203,9","208,76","55,67","100,2","229,24","145,68","98,1",128219,"6114,63",,"13443,1",,"5,7669","4,0596","6,0277","7,244",
2025-02-15,,,,,,"97580,35",,,,,,,,,,,,,,,,,,,,,,,,,,,,,,,,,,,,,,,,
2025-02-16,,,,,,"96175,03",,,,,,,,,,,,,,,,,,,,,,,,,,,,,,,,,,,,,,,,
2025-02-17,,,,,"727,8","95773,38","11,4",,,,"93,26","149,89",,,,,"30,7502","391,15","99,98",,,,,,,,,"33,09",,,,"55,37","100,4",,"146,12","98,74",128869,,,,,"5,7012","4,0202","5,9812","7,1799",
2025-02-18,,"75,93",,"85,29","716,2","95539,55","11,4","16,33","110,88","183,77","92,36","150,02","55,37","58,8825",,"60,11","29,3027","389,39","100,98","69,05","716,37","409,64","139,4","539,37","110,28","31,32","611,49","32,86","354,11","202,74","216,38","55,74","100,3","231,18",146,"98,95",128532,"6129,58",,"13478,02",,"5,7121","4,0235","5,9844","7,2089",
2025-02-19,,"75,9",,"85,58","717,5","96635,61","11,29","16,34","109,74","185,27","93,04","149,42","55,42","58,1625",,"59,39","29,0291","392,7","99,97","70,07","703,77","414,77","139,23","539,52","110,31","31,27","612,93","32,82","360,56","200,95","215,18","55,69","97,46","231,73","145,74","97,64",127309,"6144,15",,"13510,29",,"5,6886","4,0054","5,9382","7,1815",
2025-02-20,,"76,51",,"87,12","709,9","98333,94","11,2","17,14","108,63","184,56","94,9","149,68","55,44","56,5",,"59,81","28,9497","390,41","100,24","70,04","694,84","416,13","140,11","537,23","110,32","31,46","610,38","32,66","354,4","200,1","215,24","57,74","97,32","233,88","145,3","96,76",127601,"6117,52",,"13453,54",,"5,7203","4,013","5,9588","7,1965",
2025-02-21,,"76,56",,"86,82","710,1","96125,55","11,25","16,88","107,5","179,66","94,13","152,12","55,39","54,6825",,"59,5","28,8614","385,35","101,25","71,35","683,55","408,21","134,43","526,08","110,36","31,03","599,94","32,89","337,8","198,24","211,65","58,16","98,9","231,87","145,42","97,14",127128,"6013,13",,"13224,45",,"5,7013","4,0181","5,984","7,2242",
2025-02-22,,,,,,"96577,76",,,,,,,,,,,,,,,,,,,,,,,,,,,,,,,,,,,,,,,,
2025-02-23,,,,,,"96273,92",,,,,,,,,,,,,,,,,,,,,,,,,,,,,,,,,,,,,,,,
2025-02-24,,"75,2",,"85,72","713,5","91418,17","11,19","17,26","107,51","179,25","95,01","152,11","55,68","53,6525",,"59,6","28,7026","387,25","100,92","70,59","668,13",404,"130,28","519,87","110,38","30,83","597,21","32,77","330,53","191,65","212,02","57,63","101,45","233,15","143,82","96,46",125401,"5983,25",,"13159,21",,"5,731","4,028","5,9488","7,234",
2025-02-25,,"75,23",,"84,19","697,8","88736,17","11,39","16,89","108,46","175,42","95,52","153,44","54,97","50,235",,"60,19","28,9938",383,"100,69","71,49","657,5","397,9","126,63","513,32","110,4","30,22","594,24","33,21","302,8","189,37","207,91","57,07","104,95","238,24","142,2","96,34",125980,"5955,25",,"13097,85",,"5,7778","4,0427","6,0386","7,2833",
2025-02-26,,"76,2",,"84,93","714,5","84347,02","11,29",17,"108,29","172,73","96,11","151,15","55,04","51,665",,"60,31","28,9232","386,88","101,38","70,8","673,7","399,73","131,28","514,56","110,4","30,35","594,54","33,02","290,8","194,62","209,11","56,72","105,95","237,07","144,18","95,7",124769,"5956,06",,"13099,91",,"5,7403","4,0108","6,035","7,2744",
2025-02-27,,"74,62",,"81,89","699,1","84704,23","11,26","16,64","108,8","168,5","95,81","150,66","54,2","50,875",,"59,46","28,8967","383,5","101,88","70,87","658,24","392,53","120,15","500,27","110,41","29,79","585,05","32,97","281,95","181,09","208,21","56,3","104,3","235,03","142,96","95,51",124799,"5861,57",,"12892,2",,"5,8017","4,0448","6,0827","7,3475",
2025-02-28,,"73,67",,"82,78","678,6","84373,01","11,13","16,96","108,58","170,28","96,75","150,45","53,87","51,1",,"59,93","28,1906","392,7","102,39","71,21","668,2","396,99","124,92","508,17","110,45","29,68","594,18","32,79","292,98","180,53","211,98","55,15","104,1","237,88","141,26","95,25",122799,"5954,5",,"13098,22",,"5,839","4,0393","6,0643","7,3579",
2025-03-01,,,,,,"86031,91",,,,,,,,,,,,,,,,,,,,,,,,,,,,,,,,,,,,,,,,
2025-03-02,,,,,,"94248,35",,,,,,,,,,,,,,,,,,,,,,,,,,,,,,,,,,,,,,,,
2025-03-03,,"72,83",,"81,7","690,3","86065,67",,"17,04","109,1","167,01",,,"54,57","50,3825",,"60,71",,,,"72,32","655,05","388,49","114,06","497,05","110,11","30,11","583,77",,"284,65","172,97","208,05",,"106,5","240,16","142,82",,,"5849,72",,"12868,95",,"5,8804","4,0635","6,049","7,3934",
2025-03-04,,"73,67",,"80,86","660,5","87222,2",,"17,05","107,95","170,92",,,"55,04","49,0075",,"60,83",,,,"70,19",640,"388,61","115,99","495,55","110,12","30,4","576,86",,"272,04",180,"208,55",,"102,1","237,04","138,8",,,"5778,15",,"12711,86",,"6,0205","4,1491","6,3052","7,6336",
2025-03-05,,"76,03",,"83,28","672,7","90623,56","11,16","17,49","110,27","173,02",96,"148,06","55,17","49,1725",,"62,26","28,5966","376,65","100,8","70,08","656,47","401,02","117,3","502,01","110,14","31,22","583,06","33,09","279,1","184,28","214,81","55,59","105,55","240,93","140,24","95,8",123047,"5842,63",,"12853,99",,"5,8857","4,3283","6,248","7,5295",
2025-03-06,,"75,63",,"81,75",670,"89961,73","11,32","17,45","109,11","172,35","94,91","149,35","54,87","47,425",,"61,62","28,6496","370,7","101,66","70,46","627,93","396,89","110,57","488,2","110,15","31,1","572,71","32,97","263,45","175,85","207,87","56,2","109,7","239,94","141,54","96,3",123358,"5738,52",,"12625,31",,"5,7401","4,0008","6,1919","7,4002",
2025-03-07,,"75,86",,"82,16",666,"86742,67","11,36","17,54","110,2","173,86","94,91","150,38","54,91","48,0425",,"62,55","28,7732","373,9","101,35","71,43","625,66","393,31","112,69","491,79","110,2","31,01","575,92","33,24","262,67","177,1","204,33","57,02","108,15","240,47","139,28","96,6",125035,"5770,2",,"12696,9",,"5,763","4,0267","6,2112","7,4259",
2025-03-08,,,,,,"86154,59",,,,,,,,,,,,,,,,,,,,,,,,,,,,,,,,,,,,,,,,
2025-03-09,,,,,,"80601,04",,,,,,,,,,,,,,,,,,,,,,,,,,,,,,,,,,,,,,,,
2025-03-10,,"73,95",,"78,45",639,78532,"11,14","17,29","107,45","165,87","93,61","150,15","54,43","41,79",,"60,9","29,0291","367,95","101,49","71,45","597,99","380,16","106,98","472,73","110,21","30,46","560,58","33,52","222,15","170,65","201,93","53,99","110,15","239,02","138,1","96,65",124519,"5614,56",,"12356,69",,"5,7829","4,0227","6,2617","7,462",
2025-03-11,,"74,61",,"79,58",632,"82862,21","11,17","17,41","107,08","164,04","94,07","149,98","55,07","42,585",,"60,83","28,7732",363,"101,66","71,04","605,71","380,45","108,76","471,6","110,23","31,4","555,92","33,3","230,58","170,97","203,8","54,44","108,95","236,54","136,58","96,15",123507,"5572,07",,"12263,31",,"5,8529","4,0513","6,3371","7,5245",
2025-03-12,,"75,07",,"82,49","645,5","83722,36","11,21","17,56","109,34","167,11","94,7","150,13","55,3","42,785",,61,"28,8614","364,01","101,69","69,94","619,56","383,27","115,74","476,92","110,23","31,68","558,87","33,22","248,09","177,17","205,33","53,76","109,95","235,6","137,88","97,15",123864,"5599,3",,"12323,5",,"5,8086","4,0206","6,3331","7,5075",
2025-03-13,,"74,59",,"81,5","642,4","81066,7","11,25","17,96","108,8","162,76","95,09","150,19","56,27","40,2575",,"60,57","29,3292","358,8","101,82","69,62","590,64","378,77","115,58","468,34","110,24","32,12","551,42","33,54","240,68","171,59","203,63","54,5","107,7","233,56","136,48","96,99",125637,"5521,52",,"12153,33",,"5,7978","4,0327","6,3052","7,5158",
2025-03-14,,"75,86",,"84,01","655,7","83969,1","10,98","18,29","111,22","165,49","95,35","151,09","56,29","42,0275",,"61,78","30,2824",362,"101,94","69,16","607,6","388,56","121,67","479,66","110,29","32,18","562,81","34,07","249,98","174,09","204,57","56,29","107,65","238,35","138,22","97,37",128957,"5638,94",,"12414,28",,"5,7985","4,0158","6,2893","7,513",
2025-03-15,,,,,,"84343,11",,,,,,,,,,,,,,,,,,,,,,,,,,,,,,,,,,,,,,,,
2025-03-16,,,,,,"82579,69",,,,,,,,,,,,,,,,,,,,,,,,,,,,,,,,,,,,,,,,
2025-03-17,,"77,09",,"84,65","661,3","84075,69","11,19","18,47","113,23","164,29","95,04","150,7","56,62","43,6",,"62,39","31,1915","361,1","101,84","70,12","604,9","388,7","119,53","482,77","110,29","32,28","567,15","34,45","238,01","176,24","206,5","57,1","108,3","238,52","139,44","97,75",130834,"5675,12",,"12494,82",,"5,7406","4,0128","6,2657","7,4298",
2025-03-18,,"76,71",,"81,12","665,9","82718,5","11,33","18,45","113,13","160,67","95,18","151,85","57,27","43,1725",,"62,68","31,3592","356,95","102,2","69,38","582,36","383,52","115,43","474,54","110,3","32,35","561,02","34,36","225,31","173,13","204,32","57,52","109,35","239,82","139,1","98,3",131475,"5614,66",,"12362,16",,"5,6781","3,9718","6,1996","7,3833",
2025-03-19,,"76,92",,"83,98","673,1","86854,23","11,49","18,47","114,33","163,89","95,12","151,95","57,51","44,5375",,"62,67","31,4369","358,9","102,5","69,28","584,06","387,82","117,52","480,89","110,31","32,24","567,13","34,44","235,86","173,76","208,86","57,42","107,25","242,21","139,76","97,7",132508,"5675,29",,"12495,74",,"5,6721","3,9627","6,1996","7,3746",
2025-03-20,,"76,08",,"83,24","672,5","84167,2","11,35","18,46","113,69","162,8","94,95",152,"57,44","43,965",,"62,05","31,1456","359,2","102,5","69,71",586,"386,84","118,53","479,26","110,33","31,99","565,49","34,65","236,26","177,47","209,63","57,24","102,8","242,31","139,58","98,89",131955,"5662,89",,"12469,97",,"5,6481","3,9415","6,1576","7,3368",
2025-03-21,,"75,77",,"84,6","660,7","84043,24","10,8","18,49","114,05","163,99","94,74","151,8","56,97","43,34",,"61,52","31,2136","362,65","103,2","68,67","596,25","391,26","117,7","480,84","110,37","31,47","563,98","34,59","248,71","176,73","213,47","57,45","101,45","244,51","139,04","98,5",132345,"5667,56",,"12480,59",,"5,6739","3,9573","6,1538","7,3475",
2025-03-22,,,,,,"83832,48",,,,,,,,,,,,,,,,,,,,,,,,,,,,,,,,,,,,,,,,
2025-03-23,,,,,,"86054,38",,,,,,,,,,,,,,,,,,,,,,,,,,,,,,,,,,,,,,,,
2025-03-24,,"76,06",,"84,57","674,6","87498,91","10,74","18,44","114,46","167,68","94,86","151,26","56,7","44,985",,"61,49","31,2427",371,"102,85","68,95","618,85","393,08","121,41","490,66","110,38","31,42","574,08","34,35","278,39","181,16","213,51","57,15","101,4","245,36","140,82","99,84",131321,"5767,57",,"12700,91",,"5,7296","4,0171","6,2305","7,4021",
2025-03-25,,"75,83",,"87,16","674,7","87471,7","10,65","18,79","114,75","170,56","94,59","151,56","56,99","44,85",,"61,82","31,4951","368,65","102,8","68,81","626,31","395,16","120,69","493,46","110,39","32,08","575,46","33,92","288,14","180,9","217,95","57,34","102,4","245,81","141,18","99,9",132068,"5776,65",,"12721,41",,"5,7608","4,0208","6,2189","7,4446",
2025-03-26,,"75,24",,"85,03","657,2","86900,88","10,46","18,67","114,06","165,06","95,14","151,95","56,92","43,485",,"60,98","31,1553","366,45","103,43","70,02","610,98","389,97","113,76","484,38","110,4","32,03","568,59",34,"272,06","173,5","215,89","57,69","100,8","248,13","140,26","100,5",132520,"5712,2",,"12579,48",,"5,6984","3,9897","6,1425","7,3765",
2025-03-27,,"75,7",,"85,14","642,5","87177,1","10,42","18,89","114,01","162,24","95,54","151,9","57,68","42,25",,"61,07","31,1942","366,15","104,5","70,74","602,58","390,58","111,43","481,62","110,42","32,82","567,08","33,91","273,13","168,24","214,29","58,15","99,3","254,74","139,96","100,67",133149,"5693,31",,"12537,93",,"5,7335","4,0068","6,1538","7,3844",
2025-03-28,,"74,18",,"83,21","625,6","84353,15","10,36","18,91","110,87","154,33","95,9","152,4","58,13","41,18",,"60,79","30,767","359,85","104,5","70,37","576,74","378,8","109,67","468,94","110,45","32,48","555,66","33,95","263,55","165,25","210,47","57,56","96,96","250,92","137,46","101,2",131902,"5580,94",,"12290,86",,"5,7393","4,0066","6,1919","7,4327",
2025-03-29,,,,,,"82597,59",,,,,,,,,,,,,,,,,,,,,,,,,,,,,,,,,,,,,,,,
2025-03-30,,,,,,"82334,52",,,,,,,,,,,,,,,,,,,,,,,,,,,,,,,,,,,,,,,,
2025-03-31,,74,,"80,77",606,"82548,91","10,26","19,08","110,18","154,64","96,15","152,75","58,96","41,3975",,"60,15","30,4951","358,7","104,7","71,62","576,36","375,39","108,38","468,92","110,46","32,51","559,39","33,66","259,16",166,"207,25","56,7","93,56","253,87","136,1","102,35",130260,"5611,85",,"12360,21",,"5,6984","3,9549","6,1576","7,3619",
2025-04-01,,"74,34",,"81,37","619,7","85169,17","10,09","19,13","109,25","157,07","94,9","153,09","58,86","43,27",,"60,25","30,4854","358,5","103,6","71,87",586,"382,19","110,15","472,7","110,1","32,09","560,97","33,97","268,46","168,64","210,13","57,19","94,56","254,98","137,86","103,3",131147,"5633,07",,"12407,26",,"5,6813","3,9709","6,1275","7,3314",
2025-04-02,,"74,5",,"81,33","616,3","82485,71","10,09","18,85","109,6","157,04","94,52","153,78","58,95","43,5775",,"60,45","30,4951","363,21","103,36","71,33","583,93","382,14","110,42","476,15","110,11","32,22","564,52","33,83","282,76","170,39","211,1","56,93","94,16","255,5","138,24","101,9",131190,"5670,97",,"12491,1",,"5,6637","3,978","6,169","7,3801",
2025-04-03,,"72,78",,"79,68","578,7","83102,83","10,15","18,98","102,26","150,72","94,56",154,"58,6","39,87",,"59,7","31,0388","339,84","103,13","73,18","531,62","373,11","101,8","450,66","110,12","30,27","536,7","34,45","267,28","157,38","208,93","54,87",90,"255,43","134,22","103,4",131141,"5396,52",,"11887,15",,"5,6306","3,9936","6,2112","7,3694",
2025-04-04,,"68,89",,"73,67","564,1","83843,8",10,"17,91","96,08","145,6","94,59","153,28","57,26","36,52",,"55,71","30,233","331,78","103,02","69,93","504,73","359,84","94,31","422,67","110,17","28,36","505,28","34,3","239,43","146,8","194,58","52,68","87,5","240,2","127,34","102,7",127256,"5074,08",,"11178,48",,,,,,
2025-04-05,,,,,,"83504,8",,,,,,,,,,,,,,,,,,,,,,,,,,,,,,,,,,,,,,,,
2025-04-06,,,,,,"78214,48",,,,,,,,,,,,,,,,,,,,,,,,,,,,,,,,,,,,,,,,
2025-04-07,,"66,06",,"70,92",550,"79235,34",10,"17,76","96,13","146,75","94,19","151,44","56,1","36,0725",,"54,02","30,2913","334,35","102,7","68,37","516,25","357,86","97,64","423,69","110,18","28,54","504,38","33,88","233,29","146,17","197,53","52,05","85,48","234,49","122,58","101,12",125588,"5062,25",,"11152,56",,"5,9136","4,149","6,4475","7,5299",
2025-04-08,,65,,"70,3","573,8","76271,95","10,01","17,65","95,74","144,7","93,28","150,05","56,31","36,755",,"53,75","30,301","334,4","102,7","68,42","510,45","354,56","96,3","416,06","110,2","28,49","496,48","34,02","221,86","141,37","196,25","49,2","85,92","235,49","126,36","100,2",123932,"4982,77",,"10977,5",,"6,0133","4,2137","6,5963","7,6895",
2025-04-09,,"69,64",,"76,64","554,3","82573,95","10,15","17,99",104,"158,71","93,75","150,47","58,38","42,68",,"57,97","30,8544","356,1",103,"69,95","585,77","390,49","114,33",466,"110,2","29,41","548,62","34,2","272,2","158,75","208,13","51,85","83,84","244,63","122,36","100,09",127796,"5456,9",,"12022,21",,"5,8181","4,1213","6,3654","7,4617",
2025-04-10,,"68,12",,"74,5","577,6","79626,14","10,05","18,38","98,04","152,82","93,27","151,11","59,81","41,0775",,"56,95","30,7282","347,5","102,68","70,76","546,29","381,35","107,57","446,18","110,2","29,75","524,58","34,17","252,4","151,13","204,41","52,78","85,22","242,87","128,5","100,79",126355,"5268,05",,"11608,22",,"5,8843","4,2118","6,6181","7,6336",
2025-04-11,,"70,53",,"79,31","577,3","83404,84","10,11","18,92","99,87","157,14","93,57","152,3","60,96","42,8375",,"58,56","30,8835","351,5","102,67","71,43","543,57","388,45","110,93","454,4","110,25","30,62","533,94","34,01","252,31","157,08","212,07","53,66","85,36","247,13","129,24","101,3",127682,"5363,36",,"11818,53",,,,,,
2025-04-12,,,,,,"85287,11",,,,,,,,,,,,,,,,,,,,,,,,,,,,,,,,,,,,,,,,
2025-04-13,,,,,,"83684,98",,,,,,,,,,,,,,,,,,,,,,,,,,,,,,,,,,,,,,,,
2025-04-14,,"71,07",,"84,16",590,"84542,39","10,2","18,84","101,08","159,07","94,71","153,32","60,59","43,2475",,"59,02","31,3883","354,45","102,9","72,45","531,48","387,81","110,71","457,48","110,26","30,78","539,12","34,41","252,35","155,84","212,95","54,36","87,36","247,22","133,2","103,48",129454,"5405,97",,"11912,45",,"5,8542","4,2072","6,6313","7,7042",
2025-04-15,,"71,05",,"83,9","605,4","83668,99","10,3","19,32","102,04","156,31","95,02","152,83","60,94","43,3575",,"59,57","31,7864","355,75","102,6","71,86","521,52","385,73","112,2","457,99","110,27","30,86","537,61","34,45","254,11","157,33","214,6","53,81","89,3","250,23","133,64","103,9",129245,"5396,63",,"11892,99",,"5,8846","4,2115","6,6401","7,7877",
2025-04-16,,"70,01",,"84,02",574,"84033,87","10,24","19,89","100,34","153,33","95,18","154,6","62,93","39,475",,"59,39","31,7379","346,4","103,4","71,68","502,31","371,61","104,49","444,18","110,29","31,2","525,66","34,4","241,55","151,67","211,4","52,56","88,84","245,93","132,8","104,7",128317,"5275,7",,"11626,79",,"5,8654","4,2276","6,68","7,7519",
2025-04-17,,"70,61",,"85,74","564,2","84895,75","10,35","19,63","102,77","151,16","96,15","155,85","62,63","39,88",,"59,89","31,7961","343,75","103,97",73,"501,48","367,78","101,49","444,1","110,34","30,98","526,41","34,5","241,37","151,74","212,77","52,88","89,54","246,67","131,78","104,72",129650,"5282,7",,"11642,4",,,,,,
2025-04-18,,,,,,"84450,8",,,,,,,,,,,,,,,,,,,,,,,,,,,,,,,,,,,,,,,,
2025-04-19,,,,,,"85063,41",,,,,,,,,,,,,,,,,,,,,,,,,,,,,,,,,,,,,,,,
2025-04-20,,,,,,"85174,3",,,,,,,,,,,,,,,,,,,,,,,,,,,,,,,,,,,,,,,,
2025-04-21,,"70,57",,"83,5",,"87518,91",,"19,86","101,03","147,67",,,"64,59","38,3775",,"59,56",,,,"72,77","484,66","359,12","96,91","433,11","110,35","31,2","513,88",,"227,5","147,86","205,16",,,"241,34",,,,"5158,2",,"11368,98",,"5,8071","4,1939","6,68","7,7691",
2025-04-22,,"71,67",,"86,19","561,1","93441,89","10,29","18,79","103,85","151,47","95,76","158,75","63,66","39,37",,"60,76","32,4175","339,25","103,84","73,9","500,28","366,82","98,89","444,48","110,36","30,95","527,25","34,82","237,97","151,4","209,97","53,82","92,4","248,08","132,22","104,02",130464,"5287,76",,"11654,83",,"5,7199","4,1272","6,4851","7,5916",
2025-04-23,,"72,58",,"86,64","580,9","93699,11","10,45","18,32","105,6","155,35",96,"159,9","62,12","40,4275",,"60,92","33,0971","343,9","103,61","73,3","520,27","374,39","102,71","454,56","110,37","32,05","535,42","35,38","250,74","157,81","213,3","54,46","95,04","251,36","134,74","104,79",132216,"5375,86",,"11849,25",,"5,7034","4,1069","6,4558","7,5664",
2025-04-24,,"73,35",,"87,14","591,7","93943,8","10,64","18,52","106,45","159,28","96,16","159,82","63,04","42,2625",,"61,74","33,7379","349,1","103,47","72,52","533,15","387,3","106,43","467,35","110,38","32,04","546,69","36,11","259,51","164,18","222,69","55,31","96,5","252,59","135,62","105,88",134580,"5484,77",,"12089,31",,"5,6787","4,0938","6,4516","7,5683",
2025-04-25,,"73,12",,"86,62","588,9","94720,5","10,93","18,36","107,87","161,96","96,95","160,41","62,34","42,32",,"62,03","33,6116","351,4","103,42","71,91","547,27","391,85","111,01","472,56","110,42","31,5","550,64","35,97","284,95","165,1","225,38","53,85","97,76","272,79","136,28","106,81",134739,"5525,21",,"12178,49",,,,,,
2025-04-26,,,,,,"94646,93",,,,,,,,,,,,,,,,,,,,,,,,,,,,,,,,,,,,,,,,
2025-04-27,,,,,,"93754,84",,,,,,,,,,,,,,,,,,,,,,,,,,,,,,,,,,,,,,,,
2025-04-28,,"73,23",,"85,93","584,5","94978,75","10,83","18,35","108,15","160,61","96,81","159,5","63,23","42,3375",,"62,39","33,9709","349,25",103,"71,79","549,74","391,16","108,73","472,41","110,43","31,65","550,85","36,14","285,88","163,4","225,55","54,04","98,42","276,19","136,74","106,3",135016,"5528,75",,"12186,52",,"5,6529","4,0844","6,4433","7,5951",
2025-04-29,,"73,44",,"86,14",585,"94284,79","10,85","18,15",109,"160,16","96,67",160,"62,64","42,945",,"62,5","34,2427","350,6","103,04","72,35","554,44","394,04","109,02","475,53","110,43","31,3","554,32","36,16","292,03","164,48","230,71","53,84","97,82","278,36","137,56","106,3",135093,"5560,83",,"12257,27",,"5,62","4,0606","6,3939","7,5245",
2025-04-30,,"73,81",,"85,7","582,5","94207,31","10,95","18,07","108,65","158,8","96,3","160,8","62,17","42,9625",,"62,56","34,5437","354,35","103,2","72,55",549,"395,26","108,92","475,47","110,46","31,05","554,54","35,92","282,16","166,69","233,32","52,86","95,44","282,12","137,22","106,5",135067,"5569,06",,"12276,39",,"5,6729","4,1093","6,4185","7,5472",
2025-05-01,,"73,85",,84,,"96492,34",,"17,76","109,85","161,3",,,"60,86","43,585",,"62,25",,,,"71,29","572,21","425,4","111,61","481,68","110,1","30,81","558,47",,"280,52","172,72","235,17",,,"279,7","139,5",,,"5604,14",,"12353,87",,"5,6771","4,0954","6,4061","7,5301",
2025-05-02,,"76,22",,"84,06","608,9","96910,07","10,33","17,68","110,45","164,03","94,93","159,49","60,97","45,3875",,"63,62","34,4369",360,"102,15","71,65","597,02","435,28","114,5","488,83","110,12","30,53","566,76","35,4","287,21","179,28","219,5","52,8","96,52","284,09","140,76","106,9",135134,"5686,67",,"12536,2",,,,,,
2025-05-03,,,,,,"95891,8",,,,,,,,,,,,,,,,,,,,,,,,,,,,,,,,,,,,,,,,
2025-05-04,,,,,,"94315,98",,,,,,,,,,,,,,,,,,,,,,,,,,,,,,,,,,,,,,,,
2025-05-05,,"77,12",,"82,98","606,8","94748,05","10,13","18,28","110,32","164,21","94,28","156,83","62,79","44,885",,"63,7","33,8252","360,05","102,74","71,7","599,27","436,17","113,82","485,93","110,13","30,89","563,51","35,38","280,26","176,4","225,32","52,96","96,66","284,55",,"105,15",133491,"5650,38",,"12456,84",,"5,6863","4,1092","6,4267","7,5472",
2025-05-06,,"76,7",,"84,67","601,5","96802,48","10,14","19,46","109,46","163,23","94,15","158,46","64,57","44,58",,"63,53","33,6505","358,55","102,47","71,72","587,31","433,31","113,54","481,41","110,14","31,69","558,8","35,19","275,35","172,28","231,84",53,"96,02","283,22","140,4","104,21",133516,"5606,91",,"12361,16",,"5,7128","4,1442","6,4725","7,6294",
2025-05-07,,"75,78",,"85,44","604,7","97032,32","10,22","19,32","109,42","151,38","94,23","158,2","63,61","44,9475",,"63,37","34,0194","362,34","102,71","72,4","596,81","433,35","117,06","483,3","110,16","30,92","561,15","34,88","276,22","174,54","226,34","52,9","95,62","287,38","139,62","105,18",133398,"5631,28",,"12414,98",,"5,7446","4,1489","6,4893","7,6366",
2025-05-08,,"75,55",,"87,1","630,5","103241,46","10,41","19,73","110,65","154,28","94,4","159,52","62,34","46,1225",,"63,14","34,2913","359,55","102,7","71,17","598,01","438,17","117,37","488,29","110,17","30,87","565,06","35,72","284,82","175,22","225,45","52,74","99,1","285,21","140,88","105,52",136232,"5663,94",,12487,,"5,6616","4,0617","6,3492","7,4949",
2025-05-09,,"76,02",,"89,5","626,8","102970,85","10,3","20,59","110,64","152,75",95,"159,03","62,77","46,4",,"63,51","36,1456","358,1","102,92","70,52","592,49","438,73","116,65","487,97","110,2","31,23","564,34","35,58","298,26","176,52","226,55","52,95","99,82","281,41","140,76","106,84",136512,"5659,91",,"12480,31",,,,,,
2025-05-10,,,,,,"104696,33",,,,,,,,,,,,,,,,,,,,,,,,,,,,,,,,,,,,,,,,
2025-05-11,,,,,,"104106,36",,,,,,,,,,,,,,,,,,,,,,,,,,,,,,,,,,,,,,,,
2025-05-12,,"78,09",,"91,44","666,9","102812,95","10,18","18,9","114,12","158,46","94,47","159,38",61,"49,31",,"63,62","35,4175","372,2","102,64","69,53","639,43","449,26",123,"507,85","110,21","31,05","582,99","35,32","318,38","186,98","226,25","54,28","101,15","279,59","143,28","106,4",136563,"5844,19",,"12888,13",,"5,6698","4,054","6,2854","7,4712",
2025-05-13,,"78,05",,"93,02","683,7","104169,81","10,23","18,79","112,64","159,53","94,87","159,4","61,28","50,695",,"63,86","35,8544","369,95","102,5","68,96","656,03","449,14","129,93","515,59","110,22","31,41","586,84","34,9","334,07","193,99","226,16","55,17","104,95","275,95","144,94","105,98",138963,"5886,55",,"12981,89",,"5,6005","4,0203","6,2657","7,4596",
2025-05-14,,"78,8",,"93,34","686,6","103539,41","10,21","18,71","110,77","165,37","94,7","159,3","59,97","50,875",,"63,74","36,0971","371,95","102,4","69,16","659,36","452,94","135,34","518,68","110,22","30,67","587,59","34,87","347,68","194,76","229,5","54,9","103,15","276,4","145,04","105,63",138423,"5892,58",,"12995,78",,"5,6365","4,0278","6,2972","7,4762",
2025-05-15,,"78,7",,"93,14","682,2","103744,64","10,53","18,75","111,31","163,96","95,04","159,97","60,93","51,7475",,"64,37","36,5825","376,75","102,9","71,61","643,88","453,13","134,83","519,25","110,24","31,04","590,46","35,41","342,82","194,22","232,34","55,45","103,8","281,64","145,2","106,23",139334,"5916,93",,"13052,72",,"5,6813","4,0673","6,3532","7,5472",
2025-05-16,,"78,64",,"92,82","668,4","103489,29","10,48","18,86","112,04","166,19","95,84","159,99","60,2","52,2875",,"64,58","36,7961","378,35",104,72,"640,34","454,27","135,4","521,51","110,28","30,74","594,2","35,4","349,98","194,22","226,74","55,49","102,85","283,14","145,72","106,51",139187,"5958,38",,"13145,88",,,,,,
2025-05-17,,,,,,"103191,09",,,,,,,,,,,,,,,,,,,,,,,,,,,,,,,,,,,,,,,,
2025-05-18,,,,,,"106446,01",,,,,,,,,,,,,,,,,,,,,,,,,,,,,,,,,,,,,,,,
2025-05-19,,"78,81",,"94,5","662,4","105606,18","10,56",,"111,38","166,54","95,49","159,66","60,97",52,,"65,29","37,233","377,54","103,94","71,93","640,43","458,87","135,57","522,01","110,28","30,85","594,85","35,63","342,09","193,5","234,66","55,34","97,5","282,49","146,34","106,07",139636,"5963,6",,"13159,31",,"5,6445","4,0395","6,3331","7,5301",
2025-05-20,,"78,61",,"94,48",660,"106791,09","10,7","19,33","111,78","163,98","95,69","159,86","62,12","52,585",,"65,79","37,1845","377,55","103,45","71,69","637,1","458,17","134,38","520,27","110,3","31,58","592,85","35,87","343,82","193,45","237,5","55,35","98,16","280,84","146,52","104,4",140110,"5940,46",,"13108,52",,"5,6673","4,0697","6,3898","7,5919",
2025-05-21,,"78,56",,"93,29","664,7","109678,08","10,56","20,45","110,48","168,56","95,63",160,"62,59","51,3175",,"65,4","36,4369","369,8","103,95","71,85","635,5","452,57","131,8","513,04","110,31","31,98","582,86","35,41","334,62","191,76","226,76","54,64","97,68","281,08","146,64","104,19",137881,"5844,61",,"12897,42",,"5,6447","4,069","6,3898","7,575",
2025-05-22,,"78,35",,"93,37","656,8","111673,28","10,39","20,3","110,59","170,87","95,4","159,83","62,03","51,68",,"65,36","36,1845","370,8","103,54","71,14","636,57","454,86","132,83",514,"110,33","31,49","583,09","35,4","341,04","196,19","226,01","54,23","96,4","281,86","144,9","104,33",137273,"5842,01",,"12891,95",,"5,7162","4,1198","6,4433","7,6714",
2025-05-23,,"78,61",,"92,98","642,6","107287,8","10,7","20,95","110,61","168,47","96,04","159,72","63,38","51,6525",,"65,27","36,6214","367,4","103,73","71,77","627,06","450,18","131,29","509,24","110,38","31,92","579,11","35,53","339,34","191,98","224,99","54,32","93,5","279,76","144,18","104,8",137824,"5802,82",,"12806,24",,,,,,
2025-05-24,,,,,,"107791,16",,,,,,,,,,,,,,,,,,,,,,,,,,,,,,,,,,,,,,,,
2025-05-25,,,,,,"109035,39",,,,,,,,,,,,,,,,,,,,,,,,,,,,,,,,,,,,,,,,
2025-05-26,,,,,654,"109440,37","10,78","21,1",,,"96,1","159,8",,,,,"36,699","371,79",104,,,,,,,,,"35,84",,,,"54,01","95,82",,,"104,73",138136,,,,,"5,6666","4,1211","6,4475","7,6867",
2025-05-27,,"78,47",,"93,12","666,1","108994,64","10,95","21,23","114,66","172,9","96,55","160,5","62,31","53,1325",,"66,02","36,9903",375,"104,19","71,78","642,32","460,69","135,5","521,22","110,38","31,69","591,15","36,52","362,89","197,68","226,27","53,84","95,44","269,56","146,26","104,26",139541,"5921,54",,"13069,32",,"5,6374","4,0783","6,3857","7,6104",
2025-05-28,,"78,03",,"92,78","660,8","107802,33","10,8","21,46","113,2","172,36","96,71","160,23","62,17","52,7025",,"65,38","36,6893","376,85","104,19","71,15","643,58","457,36","134,81","518,91","110,39","31,44","587,73","35,61","356,9","196,14","228,33","53,41","96,54","269,14","145,88","104,34",138888,"5888,55",,"12996,67",,"5,6887","4,1038","6,3857","7,6336",
2025-05-29,,"78,47",,"90,94","665,5","105641,76","10,91","21,43","113,27","171,86","97,06","159,87","62,54","52,325",,"65,63","36,3981","375,65","104,35","71,49","645,05","458,68","139,19","519,93","110,42","31,8","590,05","35,49","358,43","197,15","225,39","53,45","95,82","268,68","146,12","104,4",138534,"5912,17",,"13049,01",,"5,6651","4,0989","6,4391","7,6477",
2025-05-30,,"77,45",,"90,23","653,9","103998,57","10,84","21,15","113,68","171,74","96,98","161,36","62,16","52,42",,"65,7","36,3398","378,8","104,62","72,1","647,49","460,36","135,13","519,11","110,44","31,45","589,39","35,38","346,46","193,32","226,28","52,1","95,36","272,47","145,78","104,6",137027,"5911,69",,"13049,13",,,,,,
2025-05-31,,,,,,"104638,09",,,,,,,,,,,,,,,,,,,,,,,,,,,,,,,,,,,,,,,,
2025-06-01,,,,,,"105652,1",,,,,,,,,,,,,,,,,,,,,,,,,,,,,,,,,,,,,,,,
2025-06-02,,"78,21",,"89,64","646,2","105881,53","10,65","21,81","113,96","169,03","95,46","157,7","63,77","52,05",,"66,42","36,068","377,95","103,5",72,"670,9","461,97","137,38","523,21","110,06","33,12","592,71","34,86","342,69","194,84","227,6","52,56","93,5","275,56","146,14","104,25",136787,"5935,94",,"13104,24",,"5,6724","4,1327","6,4893","7,6893",
2025-06-03,,"78,32",,"90,26","653,1","105432,47","10,68","22,24","113,82","166,18","95,04","156,08","63,23","51,9775",,"65,86","35,9515","377,11","103,99","71,16","666,85","462,97","141,22","527,3","110,08","32,98","596,09","35,3","344,27","197,61","229,65","52,53","94,1","275,76","147,2","103,95",137546,"5970,37",,"13180,45",,"5,6378","4,1047","6,4103","7,6161",
2025-06-04,,"79,47",,"87,24","652,4","104731,98","10,54","22,07","112,75","168,05","95,18","156,2","63,62","51,5075",,"66,29","35,8641","377,6","103,84","71,37","687,95","463,87","141,92","528,77","110,09","32,85","595,93","34,7","332,05","202,4","229,18","52,77","93,4","274,49","147,98","103,56",137002,"5970,81",,"13181,97",,"5,6321","4,1138","6,4267","7,6323",
2025-06-05,,"79,87",,"87,51",659,"101575,95","10,38","21,96","112,4","168,21","95,01","156,36","63,29","51,705",,"66,4","35,4272","371,85","104,04","70,91","684,62","467,68","139,99","524,79","110,12","34,03","593,05","34,4","284,7","203,34","231,03","52,91","93,24","277,89","148,44","103,1",136236,"5939,3",,"13113,47",,"5,5846","4,0821","6,3898","7,5828",
2025-06-06,,"80,21",,"87,44","667,6","104390,34","10,48","21,21","114,03","173,68","94,5","156,25","62,47","52,9575",,"66,57","35,5146","374,7","103,65","71,35","697,71","470,38","141,72","529,92","110,13","34,29","599,14","34,37","295,14","205,18","232,72","52,98","91,64","285,02","148,36","103,29",136102,"6000,36",,"13249,81",,,,,,
2025-06-07,,,,,,"105615,63",,,,,,,,,,,,,,,,,,,,,,,,,,,,,,,,,,,,,,,,
2025-06-08,,,,,,"105793,65",,,,,,,,,,,,,,,,,,,,,,,,,,,,,,,,,,,,,,,,
2025-06-09,,"80,92",,"85,96","680,1","110294,1","10,44","20,54","113,56","176,09","92,92",155,"62,74","51,1675",,"66,57","35,3301","374,45","103,46","71,77","694,06","472,75","142,63","530,7","110,16","35,02","599,68","34,05","308,58",207,"233,5","53,29","91,56","279,88","148,7","102,18",135699,"6005,88",,"13263,13",,"5,557","4,0543","6,3452","7,5344",
2025-06-10,,"81,41",,"87,76","684,5","110257,23","10,35","20,09","113,76","178,6","91,61","155,89","62,77","51,2625",,"66,68","34,9515","377,2",103,"72,35","702,4","470,92","143,96","534,21","110,17","34,83","603,08","34,18","326,09","212,46","234,91","53,65","92,62","278,49","148,76",103,136436,"6038,81",,"13336,29",,"5,5721","4,0719","6,3654","7,5188",
2025-06-11,,"81,88",,"87,26","690,2","108686,63","10,38","20,33","113,4","177,35",91,"155,6","63,12","51,1275",,"66,65","35,2718","374,2","102,65","72,07","694,14","472,62","142,83","532,41","110,18","34,53","601,36","34,01","326,43","214,1","234,74","53,18","91,66","279,83","149,78","103,6",137128,"6022,24",,"13299,87",,"5,5358","4,0477","6,3654","7,5019",
2025-06-12,,"82,02",,"87,73","676,6","105929,05","10,53","20,52","113,39","175,7","91,4","155,6","63,89","51,245",,"67,21","35,5437","375,45","102,23","72,24","693,36","478,87",145,"533,66","110,2","34,7","603,75","33,98","319,11","215,43","234,46","52,83","90,88","281,81","149,58","103,05",137800,"6045,26",,"13350,85",,"5,5373","4,0691","6,4185","7,546",
2025-06-13,,"80,74",,"86,39","664,6","106090,97","10,57","21,34","112,61","174,67",92,"157,49","64,74","50,54",,"66,2","35,1165","371,68","102,7","71,02","682,87","474,96","141,97","526,96","110,24","34,58",597,"33,97","325,31","211,1","230,23","52,13","88,84","279,9","148,74","104,18",137213,"5976,97",,"13202,26",,,,,,
2025-06-14,,,,,,"105472,41",,,,,,,,,,,,,,,,,,,,,,,,,,,,,,,,,,,,,,,,
2025-06-15,,,,,,"105552,02",,,,,,,,,,,,,,,,,,,,,,,,,,,,,,,,,,,,,,,,
2025-06-16,,"81,14",,"86,95","670,1","106796,76","10,69","21,16","113,57","176,77","92,49","158,7","63,8","52,415",,"65,23","35,7573","371,3","103,45","70,52","702,12","479,14","144,69","534,29","110,24","34,74","602,68","34,46","329,13","215,68","238,6","53,83","89,3","281,08","149,64","104,12",139256,"6033,11",,"13328,43",,"5,4908","4,0416","6,3396","7,4515",
2025-06-17,,"80,18",,"85,9",666,"104601,12","10,77","21,24","112,63","175,95","92,81","157,66","63,82","52,0425",,"64,32","35,9709","369,1","104,19","69,62","697,23","478,04","144,12","529,08","110,25","35,37","597,53","34,49","316,35","213,9","237,52","51,41","88,46","283,96","148,54","103,71",138840,"5982,72",,"13217,52",,"5,493","4,0101","6,3012","7,3692",
2025-06-18,,"80,13",,"86,17",665,"104883,33","10,86","21,1","113,69","173,32","93,92","158,06","63,48","52,6",,"64,24","35,7573","369,2","104,12","69,21","695,77","480,24","145,48","528,99","110,28","34,91","597,44","34,24","322,05","213,5","238,5","51,24","87,7","281,16","148,38","103,25",138717,"5980,87",,"13213,88",,"5,4852","4,0002","6,2922","7,3475",
2025-06-19,,,,,"653,1","104684,29",,"20,92",,,,,,,,,,,,,,,,,,,,,,,,,"86,54",,"146,34",,,,,,,"5,49","4,0041","6,3131","7,3986",
2025-06-20,,"79,53",,"84,73","650,4","103309,6","10,75","21,1","112,7","166,64","93,45","157,52","63,45","51,34",,"63,88","35,5728","369,75","104,28","68,84","682,35","477,4","143,85","526,83","110,32","34,34","594,28","34,54","322,16","209,51","238,37","49,92","87,3","280,73","147,46","101,19",137116,"5967,84",,"13185,84",,,,,,
2025-06-21,,,,,,"102257,41",,,,,,,,,,,,,,,,,,,,,,,,,,,,,,,,,,,,,,,,
2025-06-22,,,,,,"100987,14",,,,,,,,,,,,,,,,,,,,,,,,,,,,,,,,,,,,,,,,
2025-06-23,,"80,21",,"84,13","668,7","105577,77","10,73","21,33","112,95","165,19","93,24","157,2","63,67","50,53",,"64,43","35,4951","371,75","104,25","69,74","698,53",486,"144,17","531,65","110,34","34,57","600,15","34,26","348,68","210,32","241,59","50,55","87,04","282,89","147,58","101,09",136551,"6025,17",,"13312,75",,"5,4938","3,9974","6,3654","7,4349",
2025-06-24,,"82,28",,"86,19","691,4","106045,63","10,47","21,04","112,93","166,77","93,48","157,73","62,68","51,64",,"65,33","36,165","377,1","104,1","70,21","712,2","490,11","147,9","539,78","110,35","34,21","606,78","34,3","340,47","220,09","243,05","50,54","90,14","285,03","150,08","102,41",137165,"6092,18",,"13461,1",,"5,5103","4,012","6,3939","7,4906",
2025-06-25,,"82,56",,"84,81","694,5","107361,26","10,32","21,1","111,6","170,68","93,45","157,6","62,85","52,26",,"64,89","35,5146","379,5","104,5","69,63","708,68","492,27","154,31","541,16","110,36","34,63","607,12","34,46","327,55","222,74","241,64","50,48","89,26","282,44","150,04","102,61",135767,"6092,16",,"13461,17",,"5,5579","4,0501","6,4893","7,6093",
2025-06-26,,"82,89",,"85,56","677,4",106960,"10,59","21,6","113,31","173,54","94,65","157,91","62,8","53,41",,"65,49","35,2524","378,5","104,26","69,47","726,09","497,45","155,02","546,22","110,38","34,98","611,87","34,45","325,78","224,01","239,33",52,"87,92","283,21","151,2","103,39",137114,"6141,02",,"13569,29",,"5,4771","4,0105","6,398","7,5179",
2025-06-27,,"82,65",,"85,35","682,5","107088,43","10,48","21,53","115,54","178,53","93,56","157,5","61,65","53,96",,"66,1","35,2136",380,"105,76","70,33","733,63","495,94","157,75","548,09","110,42","34,22","614,91","34,4","323,63","228,57","241,44","52,87","91,34","287,68","152,46","103,2",136866,"6173,07",,"13641,1",,,,,,
2025-06-28,,,,,,"107327,7",,,,,,,,,,,,,,,,,,,,,,,,,,,,,,,,,,,,,,,,
2025-06-29,,,,,,"108385,57",,,,,,,,,,,,,,,,,,,,,,,,,,,,,,,,,,,,,,,,
2025-06-30,,"82,62",,"84,73","677,6","107135,34","10,8","21,88","114,27","176,23","94,65","159,23","62,36","55,41",,"66,2","35,8738","377,85","105,2","70,75","738,09","497,41","157,99","551,64","110,42","34,41","617,85","34,93","317,66","226,49","242,85","52,65","89,62","288,8","152,46","104,15",138855,"6204,95",,"13712,71",,"5,4302","3,986","6,3939","7,446",
2025-07-01,,"82,79",,"83,71","668,2","105698,28","10,98",,"113,48","175,84","93,7","156,2","62,92","56,32",,"66,17","36,0194","379,85","103,8","71,67","719,22","492,05","153,3","546,99","110,06","34,34","617,65","35,07","300,71","224,68","240,1","53,36","89,26","289,08","152,64","104,41",139549,"6198,01",,"13697,68",,"5,4588","3,9974","6,4391","7,4963",
2025-07-02,,"83,06",,"84,16","677,6","108859,32","10,84","21,55","113,38","178,64","91,6","156,8","63,31","58,22",,"66,31","35,7282","378,75","104,15","70,91","713,57","491,09","157,25","550,8","110,07","34,86","620,45","34,5","315,65","233,6","239,51","55,3","90,94","282,02","153,1","104,07",139051,"6227,42",,"13763,04",,"5,4264","3,9903","6,398","7,4072",
2025-07-03,,"83,37",,"84,98","677,1","109647,98","11,05","21,6","115,12","179,53","92,03","156,2","62,87","57,98",,"66,31","36,6116","380,25","104,02","71,35","719,01","498,84","159,34","556,22","110,11","35,12","625,34","35,06","315,35","234,8","240,11","55,04","91,1","286,32","154,38","104,49",140928,"6279,35",,"13879,98",,"5,4093","3,9816","6,3613","7,3855",
2025-07-04,,,,,"659,4","108034,34","11,18","21,67",,,"92,45","157,58",,,,,"36,6311","379,4","104,95",,,,,,,,,"35,03",,,,"55,2","90,02",,"153,48","105,44",141478,,,,,,,,,
2025-07-05,,,,,,"108231,18",,,,,,,,,,,,,,,,,,,,,,,,,,,,,,,,,,,,,,,,
2025-07-06,,,,,,"109232,07",,,,,,,,,,,,,,,,,,,,,,,,,,,,,,,,,,,,,,,,
2025-07-07,,"82,05",,"83,01","671,6","108299,85","11,08","22,27","112,94","176,79","92,49","156,65","62,92","57,78",,"65,9","36,1456","382,75","104,91","71,01","718,35","497,72","158,24","552,03","110,13","35,07","620,68","34,73","293,94","229,17","242,53","54,39","90,12","287,49","153,32","105,31",139490,"6229,98",,"13771,11",,"5,4877","4,0119","6,435","7,4761",
2025-07-08,,"82,61",,"84,79","678,9","108950,27",11,22,"114,03","174,36","92,42","156,03","62,26","56,62",,"66,49","36,0583","380,1","104,53","70,24","720,67","496,62",160,"552,34","110,15","34,93","620,34","34,6","297,81","227,86","240,56","54,58","91,26","286,85","153,02","104,75",139303,"6225,52",,"13761,33",,"5,4461","3,9802","6,3776","7,3981",
2025-07-09,,"82,49",,"83,46","679,8","111326,55","10,64","22,13","114,35","176,62","92,01","155,08","62,52","57,84",,"67,09","35,3107","386,65","103,8","69,48","732,78","503,51","162,88","556,25","110,16","34,64","624,06","34,23","295,88","231,84","242,23","54,04","92,68","289,76","153,48","103,91",137481,"6263,26",,"13844,92",,"5,5818","4,0759","6,5402","7,586",
2025-07-10,,"82,87",,"82,38",690,"115987,2","10,79","22,04","114,07","177,62","92,28","155,12","62,67","58,92",,"67,07","34,2233","390,5","103,21","69,77","727,24","501,48","164,1","555,45","110,17","35,36","625,82","34,16","309,87","229,76","235,33","55,28","94,06","285,29","154,14","103,46",136743,"6280,46",,"13884,89",,"5,5311","4,0454","6,4641","7,5104",
2025-07-11,,"82,72",,"80,45","683,9","117516,99","10,8","22,49","114,25","180,19","92,99","156,33","63,3","58,6",,"66,31","33,9417","388,8","103,33","69,87","717,51","503,32","164,92","554,2","110,2","36,7","623,62",34,"313,51","230,4","233,92",56,"93,98","281,39","153,46",104,136187,"6259,75",,"13839,11",,,,,,
2025-07-12,,,,,,"117435,23",,,,,,,,,,,,,,,,,,,,,,,,,,,,,,,,,,,,,,,,
2025-07-13,,,,,,"119116,12",,,,,,,,,,,,,,,,,,,,,,,,,,,,,,,,,,,,,,,,
2025-07-14,,"82,95",,"80,18","687,3","119849,7","10,66","22,62","114,82","181,56","93,44","155,89","63,05","59,6",,"66,3","33,8835",392,"103,4","69,47","720,92","503,02","164,07","556,21","110,22","36,35","624,81","33,88","316,9","228,67","238,46","55,36","92,2","282,81","153,66","103,3",135299,"6268,56",,"13858,62",,"5,587","4,072","6,5104","7,4906",
2025-07-15,,"83,69",,81,"706,1","117777,19","10,62","22,42","114,58",182,"93,6","155,1","62,78","59,63",,"65,53",34,"388,89","103,84","69,36","710,39","505,82","170,7","556,72","110,22","35,96","622,14","33,7","310,78","236,95","237,7","53,91","93,54","281,49","153,44",103,135250,"6243,76",,"13805,08",,"5,551","4,0467","6,4433","7,4388",
2025-07-16,,"84,13",,"79,92","625,8","118738,51","10,52","22,35","114,2","182,97","94,2","154,95","63,11","59,45",,"65,86","34,165","390,7","103,69","69,27","702,91","505,62","171,37","557,29","110,25","36,08","624,22","33,79","321,67","237,56","238,73","54,4","90,12","283,27","152,64","102,98",135511,"6263,7",,"13849,17",,"5,5666","4,0613","6,4683","7,4644",
2025-07-17,,"84,59",,"80,23","650,2","119289,84","10,46","21,89","115,32","183,58","94,5","155,65","62,96","59,43",,"65,94","34,6796","391,98","103,7","70,59","701,41","511,7",173,"561,8","110,26","36,35","628,04","33,58","319,41","245,6","233,92","54,3","90,6","280,86","154,2",103,135565,"6297,36",,"13923,75",,"5,5466","4,033","6,435","7,4502",
2025-07-18,,"84,61",,"80,56","633,5","118003,23","10,38","22,36","114,59","185,06","94,68","156,12","63,13","64,05",,"65,76","34,0485","394,28","104,26","69,85","704,28","510,05","172,41","561,26","110,3","36,33","627,58","33,81","329,65","240,4","231,18","54,56","90,32","283,43","154,54","102,9",133382,"6296,79",,"13923,35",,,,,,
2025-07-19,,,,,,"117939,98",,,,,,,,,,,,,,,,,,,,,,,,,,,,,,,,,,,,,,,,
2025-07-20,,,,,,"117300,79",,,,,,,,,,,,,,,,,,,,,,,,,,,,,,,,,,,,,,,,
2025-07-21,,"85,16",,"79,91","624,1","117439,54","10,48","23,13","114,76","190,1","94,8",155,"64,09",62,,"66,08","34,4466","393,64","103,48","70,07","712,97","510,06","171,38","564,17","110,31","37,07","628,77","33,79","328,49","238,85","231,63","56,05","90,82","284,17","155,4","101,63",134167,"6305,6",,"13943,16",,"5,5655","4,0653","6,502","7,4963",
2025-07-22,,"85,2",,"80,12","602,4","119995,41","10,35","23,41","114,96","191,34","94,55","154,55","64,7","62,25",,"66,39","33,9806","393,48","103,77","69,66","704,81","505,27","167,03","561,25","110,32","37,44","628,86","33,37","332,11","234,6","231,07","57,5","89,98","287,92","154,78","100,89",134036,"6309,62",,"13952,35",,"5,5639","4,0843","6,5232","7,5224",
2025-07-23,,"86,07",,"82,03","606,6","118754,96","10,58","23,42","120,37","190,23","93,84",154,"63,91","63,32",,"67,81","34,3592","393,78","103,79","69,16","713,58","505,87","170,78","563,81","110,33","37,45","634,21","33,7","332,56","240,33","228,73","57,42","95,52","289,36","156,02","100,62",135368,"6358,91",,"14061,52",,"5,5164","4,0511","6,4893","7,4794",
2025-07-24,,"85,71",,"82,53","615,9",118368,"10,53","23,19","120,87","192,17","93,92","154,2","63,53","64,7",,"67,04","34,0388","393,98","103,98","69,1","714,8","510,88","173,74","565,01","110,34","37,24","634,42","33,57","305,3","241,6","225,75","56,53","95,98","286,67","156,9","100,9",133808,"6363,35",,"14071,45",,"5,52","4,0416","6,4809","7,4571",
2025-07-25,,"85,48",,"82,85","604,9","117635,88","10,48","23,29","119,96","193,18","93,87","155,71","62,91","65,5",,"67,14","34,1845","398,3","104,3","69,17","712,68","513,71","173,5","566,37","110,38","36,36","637,1","33,49","316,06","245,6","224,75","55,7","100,35","305,79","156,54","101,75",133524,"6388,64",,"14128,12",,,,,,
2025-07-26,,,,,,"117947,37",,,,,,,,,,,,,,,,,,,,,,,,,,,,,,,,,,,,,,,,
2025-07-27,,,,,,"119448,49",,,,,,,,,,,,,,,,,,,,,,,,,,,,,,,,,,,,,,,,
2025-07-28,,"85,02",,"82,59","628,3","117924,48","10,37","22,8","118,83","192,58","94,16","154,7","62,52","65,39",,"66,03","33,466","400,41","104,27","68,09","717,63","512,5","176,75","568,14","110,39","36,34","636,94","33,3","325,59","242,75","226,1","55,16","96,76","305,98","156,34","101,31",132129,"6389,77",,"14130,61",,"5,5868","4,0648","6,4725","7,4516",
2025-07-29,,85,,"85,16",623,"117922,15","10,45",23,"117,96","195,75","94,05","154,03","62,69","65,2",,"65,85","33,6602","397,67","104,02","69,38",700,"512,57","175,51","567,26","110,41","36,35","635,26","33,37","321,2","241,33","223,98","54,82","95,52","277,47","155,82","100,5",132726,"6370,86",,"14088,86",,"5,5732","4,0423","6,4309","7,4349",
2025-07-30,,"84,32",,"83,76","627,5","117831,19","10,5","22,5","118,84","196,53","94,86",152,"61,62","66,22",,"65,17","34,0485","398,49","104,83","68,75","695,21","513,24","179,27","568,02","110,4","35,18","634,46","33,65","319,04","242,91","223,81","53,84","93,6","266,98","155,64","100,45",133990,"6362,9",,"14071,34",,"5,5754","4,0288","6,3654","7,3801",
2025-07-31,,"83,71",,"82,71","613,1","115758,2","10,33","22,4","119,36","191,9","95,07","154,24","62,01","65,56",,"64,38","34,1359","398,01","104,99","67,89","773,44","533,5","177,87","565,01","110,41","34,96","632,08","33,36","308,27","241,62","222,73","53,46","92,12","268,87","155,46","101,79",133071,"6339,39",,"14020,46",,"5,5988","4,0366","6,3898","7,3955",
2025-08-01,,"82,9",,"81,74",595,"113320,09","10,34","23,98","117,54","189,13","93,38","152,2","63,29","63,61",,"64,17","33,9126","387,8","102,99","68,86","750,01","524,11","173,72","553,88","110,12","35,23","621,72","33,44","302,63","235,21","220,58","53,75","89,16","265,37","152,5","102,34",132437,"6238,01",,"13796,83",,,,,,
2025-08-02,,,,,,"112526,91",,,,,,,,,,,,,,,,,,,,,,,,,,,,,,,,,,,,,,,,
2025-08-03,,,,,,"114217,67",,,,,,,,,,,,,,,,,,,,,,,,,,,,,,,,,,,,,,,,
2025-08-04,,"83,8",,"82,83","602,4","115071,88","10,3",,"118,93","195,04","92,58","152,87","63,64","64,9",,"64,9","34,2718","391,3","102,26","68,96","776,37","535,64",180,"564,1","110,14","35,65","631,17","33,43","309,26",239,"225,99","54,18","88,68","268,29","154,46","101,33",132971,"6329,94",,"14000,69",,"5,4961","3,9879","6,3613","7,3078",
2025-08-05,,"84,08",,85,"597,1","114141,45","10,24","23,62","119,23","194,67","92,01","151,98","63,69","63,71",,65,"34,6505","389,3","102,31","69,05","763,46","527,75","178,26","560,27","110,13","36,01","627,97","33,32","308,72","232,47","225,92","54,11","90,3","268,23","154,34","100,77",133151,"6299,19",,"13932,88",,"5,503","3,992","6,3654","7,3186",
2025-08-06,,"84,32",,"86,63","592,9",115028,"10,44","23,9","120,69","196,09","91,37","152,37","63,56","63,82",,"65,29","35,0874","388,8","102,2","69,51","771,99","524,94","179,42","567,32","110,16","36,06","632,78","33,41","319,91","231,37","227,21","53,77","91,06","273,22","155,38","100,75",134538,"6345,06",,"14034,35",,"5,4589","3,9701","6,3613","7,292",
2025-08-07,,"85,04",,"85,74","610,7","117496,9","10,58","24,11","121,13","196,52","91,6","151,83","64,08","64,25",,"65,9","35,7087","385,9","102,7","70,43","761,83","520,84","180,77","569,24","110,17","36,46","632,25","33,63","322,27","242,62","226,49","54,16","93,26","273,99","155,84","100,5",136528,6340,,"14023,35",,"5,4143","3,9391","6,3171","7,2829",
2025-08-08,,"84,94",,"84,56","616,9","116688,73","10,67","24,08","123,48","201,42","91,96","151,75","64,06","65,91",,"66,1","35,9515","390,35","103,29","70,34","769,3","522,04","182,7","574,55","110,21","36,58","637,18","33,58","329,65","241,83","217,37","55,39","95,38","271,89","156,6","101,02",135913,"6389,45",,"14134,02",,,,,,
2025-08-09,,,,,,"116500,36",,,,,,,,,,,,,,,,,,,,,,,,,,,,,,,,,,,,,,,,
2025-08-10,,,,,,"119306,76",,,,,,,,,,,,,,,,,,,,,,,,,,,,,,,,,,,,,,,,
2025-08-11,,"84,72",,"84,8",627,"118731,45","10,71","23,62","123,57",201,"91,68","151,77","63,17","66,18",,"65,74","36,1748","389,54","103,29","70,75","765,87","521,77","182,06","572,85","110,22","35,88","635,92","33,44","339,03","242,09","222,67","55,33","96,76","267,42","156,68","100,82",135623,"6373,45",,"14100,03",,"5,4423","3,948","6,3171","7,3114",
2025-08-12,,"85,9",,"86,16","633,9","120172,91","10,91","23,91","125,21","203,34","91,69","151,94","63,1","67,63",,"66,31","36,9223","389,88","102,41","70,71",790,"529,24","183,16","580,05","110,24","36,11","642,69","33,57","340,84","244,29","232,56","55,91","97,86","263,02","157,72","100,8",137914,"6445,76",,"14260,43",,"5,4012","3,9191","6,3012","7,2833",
2025-08-13,,"87,12",,"85,86","640,6","123344,06","10,89","24,09","124,84","201,96","91,79","151,27","63,29","63,49",,"66,87","36,5728","391,95","103,43","70,46","780,08","520,58","181,59","580,34","110,26","36,73","644,89","33,18","339,38","241,44","236,14","54,09","98,66","267,5","158,68","100,47",136687,"6466,58",,"14306,96",,"5,3912","3,9173","6,3091","7,3234",
2025-08-14,,"85,89",,"83,91","642,9","118359,58","10,82","24,22","124,37","202,94",92,"151,93","62,9","63,92",,"67,01","36,5243",393,"103,85","69,55","782,13","522,48","182,02","579,89","110,26","36,2","644,95","33,33","335,58",241,"233,16","53,42","98,86","266,82","158,26","100,6",136356,"6468,54",,"14311,81",,"5,4091","3,9129","6,2972","7,3184",
2025-08-15,,"85,95",,"84,17","636,7","117398,35","10,72","24,66","125,86","203,9","92,16",152,"62,94","63,31",,"67,21","36,3981","390,9","104,3","69,92","785,23","520,17","180,45","577,34","110,29","36,19","643,44","33,83","330,56","238,88","232,18","53,32","99,42","269,89","158,7","100,35",136341,"6449,8",,"14273,57",,,,,,
2025-08-16,,,,,,"117491,35",,,,,,,,,,,,,,,,,,,,,,,,,,,,,,,,,,,,,,,,
2025-08-17,,,,,,"117453,06",,,,,,,,,,,,,,,,,,,,,,,,,,,,,,,,,,,,,,,,
2025-08-18,,"86,51",,"84,98","638,7","116252,31","10,77","24,58","126,47","203,5","92,57","151,5","62,84","63,64",,"67,05","36,6602","393,55","104,34","69,13","767,37","517,1","182,01","577,11","110,3","36,26","643,3","34,25","335,16","241,41","232,55","53,2","98,88","267,65","158,52","100,5",137322,"6449,15",,"14273,22",,"5,4357","3,9355","6,3371","7,3314",
2025-08-19,,"85,87",,"81,6","642,3","112831,18","10,57","23,91","126,26","201,57","92,27",151,"62,49","62,41",,"67,17","35,2524",396,"103,71","70,13","751,48","509,77","175,64","569,28","110,33","35,55","639,81","33,11","329,31","232,7","228,36","53,24","100,9","269,23","158,5","99,16",134432,"6411,37",,"14190,8",,"5,4976","3,9605","6,3939","7,4074",
2025-08-20,,"85,65",,"81,15","638,2","114274,74","10,97","24,32","125,79","199,32","92,3","151,49","63,13","62,46",,"67,6","35,2718","392,52","103,14","70,7","747,72","505,72","175,4","565,9","110,34","36,13","638,11","33,24","323,9","228,6","228,67",53,"101,2","271,42","157,56","98,99",134667,"6395,78",,"14156,65",,"5,4692","3,9429","6,3735","7,3638",
2025-08-21,,"85,59",,"81,54","634,5","112419,03","10,62","25,51","125,55","199,75","92,81","151,5","62,9","62,47",,"67,19","35,3107","392,08","103,65","70,66","739,1","504,24","174,98","563,28","110,33","36,31","635,55","33,21","320,11","227,33","227,87","53,45","101,05","272,24","157,54","98,53",134511,"6370,17",,"14101,79",,"5,4648","3,9272","6,3412","7,3327",
2025-08-22,,"87,18",,"82,35","646,2","116874,09","10,88","25,75","126,41","206,09","92,35","152,5","63,58","62,4",,"68,19","36,301","394,1","103,54","70,13","754,79","507,23","177,99","571,97","110,4","37,07","645,31","33,76","340,01","232,99","229,03","54,79","102,4","269,55","159,86","98,5",137968,"6466,91",,"14316,55",,,,,,
2025-08-23,,,,,,"115374,33",,,,,,,,,,,,,,,,,,,,,,,,,,,,,,,,,,,,,,,,
2025-08-24,,,,,,"113458,43",,,,,,,,,,,,,,,,,,,,,,,,,,,,,,,,,,,,,,,,
2025-08-25,,"86,83",,"79,51","646,7","110124,35","10,87","25,24","125,85","208,49","92,34","152,5","63,44","62,76",,"67,22","36,1165","391,45","103,63","68,93","753,3","504,26","179,81","570,32","110,4","36,75","642,47","33,9","346,6","235,59","231,83","54,92","101,65","266,39",,"98,6",138025,"6439,32",,"14255,76",,"5,4097","3,8999","6,2775","7,2782",
2025-08-26,,"86,67",,"79,95","650,6","111802,66","10,99","25,7","125,5","207,14","92,22","152,99","63,88","63,3",,"67,08","35,8738","394,13","104,41","68,73","754,1","502,04","181,77","572,61","110,41","36,75","645,16","34,19","351,67","238,72","230,82","55,41","101,45","269,99","158,42","99,2",137771,"6465,94",,"14315,6",,"5,4312","3,9229","6,3171","7,3207",
2025-08-27,,"85,96",,"79,04","660,2","111222,06","11,07","25,36","125,05","207,48","91,9","153,29","64,01","61,79",,"66,91","36,4757","394,25","104,98","68,83","747,38","506,74","181,6","573,49","110,43","36,7","646,63","34,44","349,6","239,29","232,03","55,38","100,35","272,37","158,86","99,7",139206,"6481,4",,"14349,86",,"5,4177","3,9281","6,3052","7,3046",
2025-08-28,,"86,32",,"80,55","654,3","112544,8","11,12","24,72","125,65","211,64","92,01","153,81","64,49","62,78",,"67,03","37,233","394,75","104,9","68,36","751,11","509,64","180,17","577,08","110,44","37,25","648,92","34,73","345,98","238,27","234,9","55,4","100,25",272,"159,22","100,14",141049,"6501,86",,"14395,51",,"5,413","3,9339","6,3171","7,3129",
2025-08-29,,"85,87",,"80,15","636,6","108410,84","11,11","25,46","124,43","212,91","92,4","154,99","65,1","62,24",,"66,74","37,3689","393,85","105,4","68,99","738,7","506,69","174,18","570,4","110,49","37,95","645,05","34,87","333,87","230,87","233,27","55,56","99,58","273,37","158,5","101,9",141422,"6460,26",,"14304,68",,,,,,
2025-08-30,,,,,,"108808,07",,,,,,,,,,,,,,,,,,,,,,,,,,,,,,,,,,,,,,,,
2025-08-31,,,,,,"108236,71",,,,,,,,,,,,,,,,,,,,,,,,,,,,,,,,,,,,,,,,
2025-09-01,,,,,"636,1","109250,59","11,02",,,,"91,74","156,95",,,,,"37,6505","394,9","104,19",,,,,,,,,"34,58",,,,"55,6","99,98",,"159,02","103,55",141125,,,,,"5,4384","3,9515","6,3654","7,3676",
2025-09-02,,"85,85",,"78,92","617,2","111200,59","10,85","26,63","125,8","211,35","91,75","154,84","66,65","63,9",,"65,89","37,0097","394,7","104,22","69,06","735,11","505,12","170,78","565,62","110,13","38,99","640,27","34,29","329,36","228,39","240,95","55,39","98,5","273,2","156,8","103,67",140335,"6415,54",,"14208,5",,"5,467","3,9618","6,3532","7,3099",
2025-09-03,,"86,22",,"77,8","625,3","111723,21","10,86","26,92","125,35","230,66","91,68","156,89","67,2","63,95",,"66,12","36,6893","395,15","104,78","68,99","737,05","505,35","170,62","570,07","110,15","39,19","643,74","34,28","334,09","231,39","238,86","55,6","99,04","274,11","158,06","103,72",139864,"6448,26",,"14281,23",,"5,4481","3,9457","6,3452","7,3225",
2025-09-04,,"85,82",,"79,78","647,6","110723,6","11,08","26,66","126,89","232,3","91,86","155,46","66,91","64,28",,"66,48","36,8349","397,95","104,99","68,25","748,65","507,97","171,66","575,23","110,17","38,76","649,12","34,62","338,53","235,21","240,65","55,71","99,1","277,08","158,68",104,140993,"6502,08",,"14401,71",,"5,444","3,9372","6,3412","7,319",
2025-09-05,,"86,93",,"79,81","660,2","110650,98","11,14","27,6","127,21",235,"92,12","155,32","67,76","60,16",,"66,83","37,2427","394,2","104,55","67,96","752,45",495,"167,02","576,06","110,23","39,05","647,24","34,8","350,84","243,41","239,68","56,22","99,92","280,09","159,16","104,76",142640,"6481,5",,"14358,11",,,,,,
2025-09-06,,,,,,"110224,7",,,,,,,,,,,,,,,,,,,,,,,,,,,,,,,,,,,,,,,,
2025-09-07,,,,,,"111167,62",,,,,,,,,,,,,,,,,,,,,,,,,,,,,,,,,,,,,,,,
2025-09-08,,"87,81",,"71,38","676,6","112071,43","11,09","28,24","129,86","234,04",94,"155,48","68,54","61,11",,"67,24","37,068","395,65","105,25","67,43","752,3","498,2","168,31","578,87","110,25","39,38","648,83","34,96","346,4","247,19","248,78","56,36","102,6","282,92","160,0275","104,9",141792,"6495,15",,"14389,13",,"5,4203","3,9247","6,3735","7,3368",
2025-09-09,,"88,43",,"71,65","683,2","111530,55","11,08","27,94","128,44","239,63","93,54","155,87","68,41","62,21",,"67,15","36,7476","397,85","105,7","67,86","765,7","498,41","170,76","580,51","110,24","39,01","650,33","34,98","346,97","250,92","247,86","56,19","102,55","285,71","160,14","104,2",141618,"6512,61",,"14428,25",,"5,4336","3,9208","6,3532","7,3467",
2025-09-10,,"89,05",,"74,06","680,2","113955,36","11,07","29,55","128,31","239,17","93,65","156,35","68,64","62,51",,"66,96","36,7767","396,91","105,68","67,82","751,98","500,37","177,33","580,7","110,26","39,24","652,21","34,9","347,79","260,44","244,04","56,58","101,4","283,48","161,04","103,9",142349,"6532,04",,"14471,71",,"5,402","3,8947","6,3171","7,3046",
2025-09-11,,"90,34",,"73,34",686,"115507,54","11,04","29,8","129,37","240,37","93,41","156,87","68,53","63,34",,"67,66","36,8447","399,1","105,83","67,62","750,9","501,01","177,17","584,08","110,28","39,66","657,63","34,84","368,81","258,91","246,54","57,02","102,8","289,37","162,3","104,2",143151,"6587,47",,"14594,64",,"5,3882","3,8907","6,3171","7,3155",
2025-09-12,,"90,21",,"71,37","689,8","116101,58","10,95","29,86","128,66","240,8","93,71","157,8","68,68","63,7",,"67,47","36,2913","396,1","106,2","67,01","755,59","509,9","177,82","586,66","110,3","40,22","657,41","34,84","395,94","259,33","246,26",57,102,"285,52","162,14","105,1",142272,"6584,29",,"14588,18",,,,,,
2025-09-13,,,,,,"115950,51",,,,,,,,,,,,,,,,,,,,,,,,,,,,,,,,,,,,,,,,
2025-09-14,,,,,,"115407,66",,,,,,,,,,,,,,,,,,,,,,,,,,,,,,,,,,,,,,,,
2025-09-15,,"90,84",,"71,02","729,4","115444,88","11,1","29,56","129,46","251,61","93,75","157,7","69,38","62,25",,"67,95","36,8932","395,5","106,88","66,21","764,7","515,36","177,75","591,68","110,32","40,69","660,91","35,01","410,04","261,38","247,25","57,5","101,4","287,96","162,98","105,8",143547,"6615,28",,"14660,13",,"5,3152","3,8549","6,2461","7,2202",
2025-09-16,,"91,51",,"72,47","732,9","116843,19","11,19","29,2","128,95","251,16","93,84","158,1","69,54","62,48",,"67,78","36,7961","393,13","106,01","66,24",779,"509,04","174,88","591,18","110,34","40,53",660,"35,29","421,62","262,06","247,73","57,7","99,9","287,47","162,84","106,1",144062,"6606,76",,"14641,77",,"5,2958","3,8517","6,2814","7,2202",
2025-09-17,,"91,87",,"72,44",737,"116468,51","11,4","29,34","128,61","249,53","93,83","158,82",69,"62,34",,"67,53","37,3204","392,93","105,7","67,04","775,72","510,02","170,29",590,"110,35","39,68","659,18","35,54","425,86","262,79","250,52","57,8","99,04","287,77","163,06","106,9",145594,"6600,35",,"14627,8",,"5,3101","3,8523","6,2735","7,2385",
2025-09-18,,"91,52",,"69,96",794,"117137,2","11,3","30,19","129,99","252,03","93,64","158,74","68,71","64,92",,"67,81","37,3689","396,15","105,15","66,46","780,25","508,45","176,24","595,32","110,36","39,86","662,26","35,45","416,85","268,64","249,74","57,69","97,46","285,88","163,72","106,17",145500,"6631,96",,"14698,08",,"5,3043","3,8411","6,2461","7,1839",
2025-09-19,,"91,11",,"69,62","793,7","115688,86","11,29","30,54","129,05","254,72","94,6","159,5","69,44","65,03",,"67,57","37,8641","398,05","103,55","66,43","778,38","517,93","176,67","599,35","110,4","40,97","663,7","35,81","426,07","264,87","250,85","57,92","97,28","282,28","163,24","104,98",145865,"6664,36",,"14769,93",,,,,,
2025-09-20,,,,,,"115721,96",,,,,,,,,,,,,,,,,,,,,,,,,,,,,,,,,,,,,,,,
2025-09-21,,,,,,"115306,09",,,,,,,,,,,,,,,,,,,,,,,,,,,,,,,,,,,,,,,,
2025-09-22,,"91,49",,"74,39","810,8","112748,51","11,28","31,2","129,7","252,53","94,47",159,"70,63","64,22",,"67,79","37,3204","401,42","104,35","66,21","765,16","514,45","183,61","602,2","110,41","42,03","666,84","35,7","434,21","272,63","251,64",58,"90,38","282,74","163,96","104,85",145109,"6693,75",,"14836,27",,"5,3343","3,8551","6,2893","7,2095",
2025-09-23,,"91,19",,"74,96","819,8","112014,5","11,42","31,65","129,48","251,66","94,27","158,91","70,94","65,49",,"67,78","37,9126","394,91","104,1249","66,71","755,4","509,23","178,43","598,2","110,41","41,93","663,21","36,1","425,85","282,71","251,28","57,67","93,22","286,64","164,46","104,58",146425,"6656,92",,"14754,63",,"5,2816","3,8134","6,2344","7,1428",
2025-09-24,,"90,89",,"75,84",808,"113328,63","11,45","29,82","129,86","247,14","94,14","159,6","70,29","64,46",,"67,34","37,6602","396,5","104,4939","66,45","760,66","510,15","176,97","596,1","110,42","41,8","661,1","36,04","442,79","280,71","244,12","57,89","93,12","285,26","163,54",105,146492,"6637,97",,"14712,72",,"5,3299","3,8323","6,2539","7,1696",
2025-09-25,,"90,58",,"74,12","811,7","109049,29","11,18","29,65","129,79","245,79","94,35","160,56","70,58","64,97",,"66,67","37,3592","397,79","105,1","65,98","748,91","507,03","177,69","593,53","110,43","43,05","658,05","36,15","423,39","276,66","245,11","58,21","92,22","283,69","162,44","105,61",145306,"6604,72",,"14639,18",,"5,3637","3,8435","6,25","7,1429",
2025-09-26,,"90,06",,"72,92","812,8","109712,83","11,26","30,3","129,82","246,54","94,75","160,16","70,99","66,12",,"67,36","37,5437","398,25","104,8","65,67","743,75","511,46","178,19","595,97","110,47","43,94","661,82","36,35","440,4","273,36","256,12","57,09","90,62","284,42","162,72","105,83",145447,"6643,7",,"14725,98",,,,,,
2025-09-27,,,,,,"109681,95",,,,,,,,,,,,,,,,,,,,,,,,,,,,,,,,,,,,,,,,
2025-09-28,,,,,,"112122,64",,,,,,,,,,,,,,,,,,,,,,,,,,,,,,,,,,,,,,,,
2025-09-29,,"90,94",,"72,49","825,5","114400,38","11,28","31,06","128,98","244,05","95,02","161,02","72,16","68,8",,"67,65","37,7573",398,"104,94","66,04","743,4","514,6","181,85","598,73","110,48","44,62","663,68","36,76","443,21","273,23","259,96","57,28","91,76","284,31","163,76","105,1",146337,"6661,21",,"14764,92",,"5,3217","3,8222","6,2383","7,1508",
2025-09-30,,"91,22",,"69,76","828,1","114056,09","11,15","30,85","128,03","243,1","95,3","162,01","72,77","68,81",,"68,12","37,932","399,8","105,1","66,32","734,38","517,95","186,58","600,37","110,49","44,48","666,18","36,66","444,72","279,29","258,36","57,58","91,96","279,57","163,68","105,3",146237,"6688,46",,"14826,8",,"5,3195","3,8175","6,2383","7,1515",
2025-10-01,,"92,2",,"67,55","841,4","118648,93","10,8","31,33","126,92","244,9","94,13","159,76","72,88","68,78",,"68,98","37,233","401,45","103,62","66,78","717,34","519,71","187,24","603,25","110,15","45,04","668,45","36,93","459,46","288,47","255,4","58,31","92,92","274,92","164,8","105,1",145517,"6711,2",,"14877,96",,"5,3288","3,818","6,2461","7,1841",
2025-10-02,,"92,88",,"68,8","877,6","120681,26","10,81","31,35","127,17","245,69","94,98","160,27","72,65","70,95",,"69,08","36,8252","402,8","104,16","66,1","727,05","515,74","188,89","605,73","110,16","44,64","669,22","36,5",436,"288,11","256,94","58,7","93,4","275,44","164,96","104,87",143950,"6715,35",,"14887,32",,"5,3366","3,818","6,25","7,1757",
2025-10-03,,"93,08",,"68,51","880,1","122266,53","10,84","31,83","129,61","245,35","95,01","160,46","73,22","70,36",,"69,48","37,0971","402,4","104,15","66,65","710,56","517,35","187,62","603,18","110,2","45,71","669,21","36,7","429,83","292,19","257,68","58,59","93,28","272,98","166,3",106,144201,"6715,79",,"14889,84",,,,,,
2025-10-04,,,,,,"122425,43",,,,,,,,,,,,,,,,,,,,,,,,,,,,,,,,,,,,,,,,
2025-10-05,,,,,,"123513,48",,,,,,,,,,,,,,,,,,,,,,,,,,,,,,,,,,,,,,,,
2025-10-06,,"93,58",,"68,72","897,3","124752,53","10,84","32,54","133,17","250,43","94,26","160,46","74,62","69,61",,"69,22","36,6699",402,"104,05","66,1","715,66","528,57","185,54","607,71","110,19","46,28","671,61","36,37","453,25","302,4","256,98","59,59","92,86","270,78","166,48","105,52",143608,"6740,28",,"14945,23",,"5,3112","3,8056","6,215","7,1621",
2025-10-07,,"92,96",,"68,39","874,8","121451,38","10,67","32,52","132,8","245,76",95,"160,1","75,01","69,35",,"68,66","36,0874","403,73","103,77","66,79","713,08","523,98","185,04","604,51","110,2","45,51","669,12",36,"433,09","294,03","260,5","58,75","93,04","270,29","165,66","105,17",141356,"6714,59",,"14888,37",,"5,3538","3,8334","6,2344","7,1871",
2025-10-08,,"93,5",,"69,24","851,8","123354,87","10,68","33,7","133,32","244,62","94,12","159,85","76,22","72,05",,"69,14","36,1553","405,49","104,18","66,12","717,84","524,85","189,11","611,44","110,22","46,74","673,11","36,21","438,69","304,52","258,07","59,2","91,32","267,88","166,28","106,19",142145,"6753,72",,"14975,13",,"5,3352","3,8209","6,1996","7,1495",
2025-10-09,,"92,61",,"73,72","849,8","121705,59","10,55","32,49","132,95","241,53","94,09","159,6","74,83","72,62",,"68,38","36,0971","406,75","104,38","66,37","733,51","522,4","192,57","610,7","110,23","46,85","671,16","35,88","435,54","299,88","256,69","59,11",91,"261,95","165,46","106,14",141708,"6735,11",,"14934,38",,"5,3772","3,8327","6,215","7,1539",
2025-10-10,,89,,"71,42","813,9","113214,37","10,57","32,89","127,19","236,57","94,3",160,"75,58","69,01",,"67,62","36,0583","405,25","104,7","67,04","705,3","510,96","183,16","589,5","110,28","47,51","653,02","35,83","413,49","280,66","251,97","58,87","89,16","260,82",163,"105,65",140680,"6552,51",,"14531,41",,,,,,
2025-10-11,,,,,,"110807,88",,,,,,,,,,,,,,,,,,,,,,,,,,,,,,,,,,,,,,,,
2025-10-12,,,,,,"115169,77",,,,,,,,,,,,,,,,,,,,,,,,,,,,,,,,,,,,,,,,
2025-10-13,,"91,69",,"74,1",844,"115271,08","10,68",,"128,97","244,15","93,31","160,06","77,43","70,52",,"68,05","36,2039","408,2","104,36","66,8","715,7","514,05","188,32","602,01","110,27","49,7","663,04","36,02","435,9","302,89","256,68","59,75","89,04","264,06","163,7","106,1",141783,"6654,72",,"14758,07",,"5,4641","3,8876","6,3131","7,278",
2025-10-14,,"90,78",,"71,87","846,6","113118,66","10,72","34,61","129,74","245,45","93,21","159,98","78,03","69,36",,"68,34","36,3592","408,37","104,3","67,51","708,65","513,57","180,03",598,"110,3","49,09","662,23","35,85","429,24","295,94","257,72","59,75","90,08","265,01","163,18","105,89",141683,"6644,31",,"14735,21",,"5,4815","3,8994","6,3581","7,3024",
2025-10-15,,"92,32",,"72,6",873,"110783,16","10,72","35,22","131,02","251,03","93,56","160,5","79,32","69,77",,"68,46","36,3592","409,41","104,35","67,08","717,55","513,43","179,83","602,22","110,29","50,67","665,17","36,33","435,15","304,71","261,5","60,86","90,2","265,74","164,92","106,9",142604,"6671,06",,"14795,66",,"5,4493","3,8761","6,3412","7,3043",
2025-10-16,,"92,85",,72,"877,4","108186,04","10,73","35,06","130,26","251,46","93,4","160,5","81,15","68,52",,"68,9","36,2718",405,"104,4","67,59","712,07","511,61","181,81","599,99","110,31","51,56","660,64","36,27","428,75","299,84","259,23","60,3","89,94","259,79","165,4",106,142200,"6629,07",,"14702,57",,"5,4408","3,8736","6,3654","7,3183",
2025-10-17,,"92,89",,"71,38","875,7","106467,79","10,83","33,19","131,14","253,3","93,39","159,6","79,63","66,23",,"68,95","36,3981","404,96","104,65","68,44","716,92","513,58","183,22","603,93","110,36","49,3","664,39","36,67","439,31","295,08","261,35","60,13","91,2","264,79","163,62","106,17",143399,"6664,01",,"14780,36",,,,,,
2025-10-18,,,,,,"107198,27",,,,,,,,,,,,,,,,,,,,,,,,,,,,,,,,,,,,,,,,
2025-10-19,,,,,,"108666,71",,,,,,,,,,,,,,,,,,,,,,,,,,,,,,,,,,,,,,,,
2025-10-20,,"94,18",,"71,12",899,"110588,93","10,89","34,27","133,29","256,55","93,59","159,3","82,5","66,94",,"69,27","37,0485","406,25","104,19","68,44","732,17","516,79","182,64","611,54","110,37","49,95","671,3","36,47","447,43","297,7","262,29","60,9","91,62","266,92","166,4","104,4",144509,"6735,13",,"14938,29",,"5,3687","3,8247","6,25","7,1942",
2025-10-21,,"93,31",,"70,49","889,8","108476,89","10,76","31,27","132,88","250,46","93,51","159,6","77,38","66,27",,"68,83","36,699","407,84","104,91","71,22","733,27","517,66","181,16","611,38","110,38","46,02","671,29","36,49","442,6","294,51","260,28","60,8","91,3","266,46","166,16","104,54",144085,"6735,35",,"14938,83",,"5,3867","3,838","6,2422","7,1891",
2025-10-22,,"92,99",,"70,58","870,1","107688,59","10,74","31,7","133,15","251,69","93,45","160,33","77,28","64,77",,"68,89",37,"406,35","104,93","70,81","733,41","520,54","180,28","605,49","110,4","46,09","667,8","36,54","438,97","288,88","255,56","61,88","89,3","251,94","165,4","104,5",144873,"6699,4",,"14859,33",,"5,3994","3,856","6,2617","7,1994",
2025-10-23,,"93,8",,"73,88","887,7","110069,73","10,82","31,83","133,69","253,08","93,75","158,85","77,55","67,17",,"69,22","36,9709","407,8",105,"69,94",734,"520,56","182,16","610,58","110,41","46,42","671,76","36,8","448,98","290,73","254,53","61,76","89,36","250,58","166,02","104,95",145721,"6738,44",,"14946,13",,"5,3829","3,8438","6,2461","7,1737",
2025-10-24,,"94,46",,"74,25","894,4","111033,92","10,71","31,69","134,18","259,92","94,09","159,3","77,31","68,75",,"69,33","36,9223",,"105,7","69,71","738,36","523,61","186,26","617,1","110,43","46,21","677,25","36,97","433,72","294,96","255,12","61,73","90,52","247,08",,"104,5",146172,"6791,69",,"15064,91",,,,,,
2025-10-25,,,,,,"111641,73",,,,,,,,,,,,,,,,,,,,,,,,,,,,,,,,,,,,,,,,
2025-10-26,,,,,,"114472,45",,,,,,,,,,,,,,,,,,,,,,,,,,,,,,,,,,,,,,,,
2025-10-27,,"95,73",,"88,24","908,1","114119,33","10,86","30,98","135,83","269,27","94,9","158,51","75,15","69,49",,"69,66","37,233","414,81","105,78","70,06","750,82","531,52","191,49","628,09","110,46","44,53","685,24","37,32","452,42","298,25","254,27","61,66","91,36","247,22","168,8","105,28",146969,"6875,16",,"15250,14",,"5,3883","3,8455","6,2578","7,1705",
2025-10-28,,"95,63",,"89,87","907,4","112956,16","11,07","30,76","134,88","267,47","94,77","157,74","74,59","68,65",,"69,49","37,3592","415,05","105,93","70,16","751,44","542,07","201,03","632,92","110,47","44,86","687,06","37,66","460,55","301,53","251,57","62,2","91,44","240,37","169,38","104,88",147429,"6890,89",,"15285,1",,"5,3733","3,8365","6,2539","7,1582",
2025-10-29,,"96,2",,"91,81","919,4","110055,3","11,12","30,02","133,99","274,57","94,62","159,1","74,31","69,19",,"69,11","38,1942","414,9","106,37","68,35","751,67","541,55","207,04","635,77","110,46","45,41","687,39","37,65","461,51","305,09","251,73","63,33",92,"232,82","169,78","105,4",148633,"6890,59",,"15284,53",,"5,3574","3,8398","6,2383","7,1023",
2025-10-30,,"94,92",,"91,31","937,5","108305,55","11,25","30,23","135,55","281,48","93,93","159,75","75,79","68,51",,"68,79","38,1456","412,5","105,72","68,98","666,47","525,76","202,89","626,05","110,47","46,56","679,83","38,12","440,1","303,22","252,78","63,81","90,24","235,6","168,52","105,28",148780,"6822,34",,"15133,23",,"5,3578","3,839","6,2112","7,0621",
2025-10-31,,"94,77",,"94,39","918,1","109556,16","11,34",30,"135,34","281,19","95,06","158,5","75,39","70,36",,"68,51","38,2913","413,33",106,"68,9","648,35","517,81","202,49","629,07","110,49","46,2","682,06","38,1","456,56","300,43","256,37","65,26","90,22","239,8","167,88","105,5",149540,"6840,2",,"15173,95",,"5,382","3,8462","6,2228","7,0721",
2025-11-01,,,,,,"110064,02",,,,,,,,,,,,,,,,,,,,,,,,,,,,,,,,,,,,,,,,
2025-11-02,,,,,,"110639,63",,,,,,,,,,,,,,,,,,,,,,,,,,,,,,,,,,,,,,,,
2025-11-03,,"95,62",,"95,43","926,5","106547,52","11,46","30,13","135,6","283,72","92,39","156,2","75,54","73,08",,"68,4","38,9126","412,35","104,51","67,97","637,71","517,03","206,88","632,08","110,15","45,92","683,34","38,61","468,37","304,86","255,65","65,35","92,3","244,56","168,08","106,23",150454,"6851,97",,15201,,"5,3746","3,8493","6,2267","7,0703",
2025-11-04,,"93,81",,"93,46",918,"101590,52","11,55","29,13","134,84","277,54","92,44","156,04","74,21","70,69",,"67,62","38,7961","410,95","104,2","68,66","627,32","514,33","198,69","619,25","110,16","44,9","675,24","39,48","444,26","294,05","252,43","64,62","91,18","240,18","166,96","106,28",150704,"6771,55",,"15022,75",,"5,3549","3,8057","6,1614","7,0336",
2025-11-05,,"94,54",,"93,28","906,6","103891,84","11,82","29,81","135,36","284,31","92,32","157,63","75,05","71,62",,"68,26","38,9612",409,"104,35","68,51","635,95","507,16","195,21","623,28","110,17","45,82","677,58","40,02","462,07","293,64","254,76","65,73","93,4","244,03","166,98","106,18",153294,"6796,29",,"15077,71",,"5,3959","3,8234","6,1919","7,0269",
2025-11-06,,"93,74",,"90,41","895,3","101301,29","11,73","29,68","134,94","284,75","92,39","157,4","74,97","69,86",,"67,95","38,9612","404,4","104,75","69,06","618,94","497,1","188,08","611,67","110,19","45,71","670,31","40,24","445,91","289,24","252,4","65,5","92,82","239,6","165,52","106,53",153339,"6720,32",,"14909,28",,"5,3586","3,7952","6,1538","6,9881",
2025-11-07,,"93,33",,"89,67","870,8","103372,41","11,57","30,24","135,91","278,83","91,63","158,1","75,43","70,54",,"68,25",39,"403,4","105,2","70,55","621,71","496,82","188,15","609,74","110,23","46,09","670,97","40,55","429,52","286,5",232,"64,78","94,22","241,97","164,1","106,59",154064,"6728,8",,"14929,63",,"5,3495","3,7875","6,1728","7,0225",
2025-11-08,,,,,,"102282,12",,,,,,,,,,,,,,,,,,,,,,,,,,,,,,,,,,,,,,,,
2025-11-09,,,,,,"104719,64",,,,,,,,,,,,,,,,,,,,,,,,,,,,,,,,,,,,,,,,
2025-11-10,,"95,01",,"90,89","886,7","105996,59","11,72","31,52","136,96","290,1","91,84","158,66","77,47","71,13",,"69,05","39,2621","407,1","104,7","70,52","631,76",506,"199,05","623,23","110,24","48,09","681,44","40,95","445,23","295,27","234,06","65,21","95,7","247,65","166,98","106,5",155257,"6832,43",,"15161,47",,"5,3309","3,7952","6,1614","7,0167",
2025-11-11,,"94,99",,"91,3","886,9","102997,47","12,14","31,53","137,05","291,31","91,99","158,55","77,8","70,87",,"69,8","40,0194","405,75","104,77","71,61","627,08","508,68","193,16","621,57","110,24","48,77",683,"42,44","439,62","291,17","240,7","65,04","97,64","248,68","168,1","106,55",157749,"6846,61",,"15192,94",,"5,2897","3,7697","6,1087","6,9589",
2025-11-12,,"95,02",,"92,47","891,8","101663,19","12,01","32,48","138,79","286,71","91,52",159,"79,04","72,7",,"70,2","39,1068","407,55","104,5","71,51","609,01","511,14","193,8","621,08","110,25","50,72","683,38","44,89","430,6","290,62","240,34","65,76","98,6","250,49","168,94","106,81",157633,"6850,92",,"15203,13",,"5,2707","3,7576","6,1013","6,9322",
2025-11-13,,"93,9",,"90,13","881,5","99697,49","11,87","32,19","137,27","278,57","91,31","158,56","78,41","67,04",,"69,72","39,2621","401,5","104,55","71,07","609,89","503,29","186,86","608,4","110,26","49,83","672,04","44,95","401,99","282,2","237,55","65,67","98,98","251,51","167,64","106,15",157162,"6737,49",,"14951,87",,"5,2913","3,7729","6,1275","6,9461",
2025-11-14,,"93,91",,"91,01","874,1","94397,79","11,24","33,5","139,12","276,41","91,87","159,65","76,98","66,03",,"69,16","39,4175","401,1","104,42","71,16","609,46","510,18","190,17","608,86","110,29","48,22","671,93",45,"404,35","284,82","235,03","65,27","97,66","252,88","166,92","106,99",157739,"6734,11",,"14947,52",,"5,2965","3,771","6,1538","6,9667",
2025-11-15,,,,,,"95549,15",,,,,,,,,,,,,,,,,,,,,,,,,,,,,,,,,,,,,,,,
2025-11-16,,,,,,"94177,08",,,,,,,,,,,,,,,,,,,,,,,,,,,,,,,,,,,,,,,,
2025-11-17,,"92,87",,"90,19","876,4","92093,88","11,53","34,52","137,44","285,02",92,"159,53","76,11","63,41",,"68,34","39,1262","399,7","104,89","70,68","602,01","507,49","186,6","603,66","110,3","47,74","665,67",45,"408,92","282,01","233,58","65,22","96,36","250,19","165,92",107,156993,"6672,41",,"14812,02",,"5,2956","3,774","6,132","6,9589",
2025-11-18,,"92,21",,"90,25","865,6","92948,88","11,46","34,02","135,29","284,28","91,43","159,7","76,69","63,27",,"67,65","38,932","396,15","104,9","71,22","597,69","493,79","181,36","596,31","110,32","48,39","660,08","44,41","401,25","277,91","239,09","65,02","94,7","249,63","163,42","106,1",156522,"6617,32",,"14690,81",,"5,3295","3,79","6,1728","7,0112",
2025-11-19,,"91,85",,"90,48","886,6","91465,99","11,11","34,31","135,94","292,81","91,16",160,"76,78","64,56",,"67,41","38,6893","398,2","105,08","71,11","590,32","487,12","186,52","599,87","110,33","48,75","662,63","43,19","403,99","282,37","240,46","64,95","94,78","245,76","163,2","105,98",155381,"6642,16",,"14746,44",,"5,3215","3,802","6,1576","6,9967",
2025-11-20,,"90,58",,"86,91","889,8","86631,9",,"33,61","134,93","289,45",,,"76,78","61,56",,"66,5",,,,"71,21","589,15","478,43","180,64","585,67","110,34","48,09","652,53",,"395,23","277,5","235,37",,"93,76","248,42","164,18",,,"6538,76",,"14518,95",,"5,3286","3,7906","6,1425","6,9541",
2025-11-21,,"90,55",,"85,58",834,"85090,69","11,01","33,74","136,84","299,66","91,98",160,"76,61","61,05",,"67,46","38,8058","401,69","105,6","72,95","594,25","472,12","178,88","590,07","110,38","47,54","659,03","42,43","391,09","275,06","235,47","65,16","94,72","251,42","161,84","105,9",154770,"6602,99",,"14662,68",,"5,3323","3,7819","6,1463","6,9771",
2025-11-22,,,,,,"84648,36",,,,,,,,,,,,,,,,,,,,,,,,,,,,,,,,,,,,,,,,
2025-11-23,,,,,,"86805,01",,,,,,,,,,,,,,,,,,,,,,,,,,,,,,,,,,,,,,,,
2025-11-24,,"91,58",,"86,25","858,8","88270,56","11,2","35,91","137,92","318,58","92,48","159,7","77,84","62,43",,"67,3","38,6602","406,2","105,62","72,59","613,05",474,"182,55","605,16","110,39","48,94","668,73","42,94","417,78","284,64","239,07","65,09","95,56","249,57","164,22",106,155278,"6705,12",,"14889,67",,"5,4021","3,8277","6,1125","7,0671",
2025-11-25,,"91,79",,"88,14","860,3","87341,89","11,27","36,59","138,27","323,44","92,34","159,64","77,83","63,17",,"68,46","38,7476","409,65","105,8","72,61","636,22","476,99","177,82","608,89","110,4","48,96","675,02","42,89","419,4","284,68","241,84","65,6","97,2","255,68","165,1","106,47",155910,"6765,88",,"15025,54",,"5,3868","3,8148","6,1996","7,0605",
2025-11-26,,"92,38",,"90,49","909,3","90518,37","11,45","38,29","140,58","319,95","92,01","159,37","78,44","64,19",,"69,08","39,6602","408,65","105,55","72,88","633,61","485,5","180,26","614,27","110,42","50,79","679,68","43,48","426,58","289,96","243,63","66,58","97,06","252,67","167,56","105,95",158555,"6812,61",,"15129,57",,"5,3794","3,8108","6,215","7,0799",
2025-11-27,,,,,"897,2","91285,38","11,47","38,14",,,"92,45","159,45",,,,,"39,5243","410,4","106,16",,,,,,,,,"43,49",,,,"66,33","97,18",,"167,32","106,12",158292,,,,,"5,3308","3,795","6,1805","7,0606",
2025-11-28,,"92,66",,"93,18","903,4","90919,27","11,5",39,"140,38","320,18","93,34",161,"79,41","65,02",,"69,52","40,4272","411,09","106,39","73,12","647,95","492,01",177,"619,25","110,45","53,71","683,39","43,52","430,17","291,51","246,07","67,4","98,38","251,99","167,92",107,159072,"6849,09",,"15211,14",,"5,3554","3,815","6,2073","7,0907",
2025-11-29,,,,,,"90851,76",,,,,,,,,,,,,,,,,,,,,,,,,,,,,,,,,,,,,,,,
2025-11-30,,,,,,"90394,31",,,,,,,,,,,,,,,,,,,,,,,,,,,,,,,,,,,,,,,,
2025-12-01,,"92,52",,"92,42","926,7","86321,57","11,26","38,36","139,43","314,89",92,"160,4","79,81","63,54",,"69,18","40,0971","410,75","105,06","71,95","640,87","486,74","179,92","617,17","110,12","55,14","680,27","42,5","430,14","287,68","249,34","67,92","99,54","251,02","167,66","107,34",158611,"6812,63",,15132,,"5,3354","3,8132","6,168","7,0616",
2025-12-02,,"92,51",,"92,26","939,1","91350,2","11,32","38,93","139,53","315,81","91,99","158,03","79,29","63,59",,"69,47","40,9903","409,35","104,8","70,67","647,1",490,"181,46",622,"110,14","55,78","681,53","42,5","429,24","292,09","246,83","68,48","101,2","253,67","167,34","107,88",161092,"6829,37",,"15169,63",,"5,3558","3,8227","6,2112","7,076",
2025-12-03,,"92,49",,"94,71","963,4","93527,8","11,32","39,07","139,06","319,63","92,99","158,72","79,23","64,96",,"69,93","40,9903","409,31","104,67","70,81","639,6","477,73","179,59","623,52","110,16","55,7","683,89","41,99","446,74","295,45","244,95","70,69","102,85","249,94","168,18","107,32",161755,"6849,72",,"15215,34",,"5,3263","3,81","6,1881","7,0418",
2025-12-04,,"92,32",,"93,13","957,3","92141,63","11,48","39,29","140,51","317,62","93,09","159,09","79,28","65,95",,"69,87",42,"409,85","104,78","70,45","661,53","480,84","183,38","622,94","110,16","54,37","684,39","42,3","454,53","292,93","247,51","71,92","105,45","248,64","168,44","107,5",164456,"6857,12",,"15232,81",,"5,3061","3,7996","6,1843","7,0721",
2025-12-05,,"93,28",,"91,25","951,6","89387,76","11,08","40,18","140,77","321,27","93,6","159,1","79,14","64,5",,"69,85","40,0583","421,4","104,6",70,"673,42","483,16","182,41","625,48","110,2","55,57","685,69","41,21",455,"294,72","247,88","70,22","106,9","249,54","168,88","106,45",157369,"6870,4",,"15264,64",,"5,3093","3,8022","6,1767","7,0621",
2025-12-06,,,,,,"89272,38",,,,,,,,,,,,,,,,,,,,,,,,,,,,,,,,,,,,,,,,
2025-12-07,,,,,,"90405,64",,,,,,,,,,,,,,,,,,,,,,,,,,,,,,,,,,,,,,,,
2025-12-08,,"93,1",,"91,55","963,2","90640,2","11,12","39,29","140,79","313,72","93,01","159,82","78,95","65,81",,"69,7","40,2524","418,82","104,78","70,25","666,8","491,02","185,55","624,28","110,21","55,33","683,63","41,52","439,58","301,87","247,28","69,74","106,35","250,95","168,44","107,04",158187,"6846,51",,"15212,84",,"5,4381","3,9336","6,1615","7,2532",
2025-12-09,,"92,8",,91,"952,9","92691,71","11,07","39,75","142,08","317,08","93,89","159,03","79,34","65,56",,"69,48","40,165","418,65","104,89","70,09","656,96","492,02","184,97","625,05","110,22","57,88","683,04","41,33","445,17","303,41","248,73","69,78","106,85","242,57","168,76","106,9",157981,"6840,51",,"15199,66",,"5,43","3,9162","6,3131","7,2254",
2025-12-10,,"93,75",,"90,38",946,"92020,95","11,02","39,61","142,64","320,21","93,97","158,35","79,67","66,67",,"70,36","38,2913","424,15","104,75","70,21","650,13","478,56","183,78","627,61","110,25","58,82","687,57","41,83","451,45","310,14","246,02","71,06","106,8","242,32","168,58","106,95",159075,"6886,68",,"15302,75",,"5,4315","3,9186","6,3091","7,2202",
2025-12-11,,"93,13",,"91,11","940,9","92511,34","10,95","41,18",143,"312,43","94,67","158,29","80,54","66,06",,"70,88","38,2621","419,85","105,25","69,11","652,71","483,47","180,93","625,58","110,27","60,47","689,17","41,54","446,89","304,85","242,41",72,"107,15","244,07","169,34","106,7",159189,6901,,"15334,74",,"5,4698","3,9619","6,3939","7,3243",
2025-12-12,,"91,88",,"90,44","925,3","90270,41","11,12","40,44","143,21","309,29","94,75","157,88","80,99","64,15",,"70,45","38,6019","416,76","105,48","70,52","644,23","478,53","175,02","613,62","110,3","58,86","681,76","41,77","458,96","292,04","241,47","68,61","108,6",242,"168,04","106,86",160766,"6827,41",,"15172,13",,"5,4055","3,9209","6,3412","7,2387",
2025-12-13,,,,,,"90298,71",,,,,,,,,,,,,,,,,,,,,,,,,,,,,,,,,,,,,,,,
2025-12-14,,,,,,"88175,18",,,,,,,,,,,,,,,,,,,,,,,,,,,,,,,,,,,,,,,,
2025-12-15,,"91,63",,"89,96",931,"86419,78","11,23","40,67","144,76","308,22","94,74","156,31","81,08","62,87",,"70,87","39,1845","415,75","105,57","70,97","647,51","474,82","176,29","610,54","110,32","60,99","680,73","42,5","475,31","287,74","244,56","69,03","107,4","241,88","168,7","107,45",162482,"6816,51",,"15150,46",,"5,4182","3,9318","6,315","7,245",
2025-12-16,,"89,97",,"88,72","908,6","87843,98","10,99","41,6","142,27","306,57","95,43","156,31","81,08","63,06",,"69,83","38,1748",418,"105,72","70,37","657,15","476,39","177,72","611,75","110,33","60,61","678,87","41,31","489,88","286,87","244,53","69,29","106,7","242,25","167,58","107,13",158578,"6800,26",,"15114,92",,"5,4134","3,9283","6,3573","7,2359",
2025-12-17,,"89,36",,"87,92",874,"86143,76","10,97","40,98","141,56","296,72","94,93","156,3","81,76","62,45",,"69,43","37,8349","417,17","105,34","70,67","649,5","476,12","170,94","600,41","110,34","63,28","671,4","40,6","467,26","276,96","240,55","70,17","104,75","243,12","166,72","106,26",157327,"6721,43",,"14940,01",,"5,5075","3,9995","6,4641","7,3936",
2025-12-18,,"90,35",,"91,11","892,7","85462,51","10,97","42,22","141,56","302,46",95,"156,02","81,63","62,94",,"70,01","38,0291","420,5","105,58","70,36","664,45","483,98","174,14","609,11","110,36","62,25","676,47","40,34","483,37","284,68","246,65","70,35","104,5","244,39","168,4","106,86",157923,"6774,76",,"15058,71",,"5,5185","3,9987","6,4725","7,3692",
2025-12-19,,"91,34",,"91,31","901,6","88103,38","11,08","42,92","144,58","307,16","95,47","157,6","81,71","64,26",,"70,33","38,3786","425,9","105,13","70,06","658,77","485,92","180,99","617,05","110,02","63,98","680,59","40,88","481,2","288,95","247,4","70,85","104,05","244,03","168,92","107,69",158473,"6834,5",,"15191,85",,"5,5213","4,0048","6,4683","7,3908",
2025-12-20,,,,,,88344,,,,,,,,,,,,,,,,,,,,,,,,,,,,,,,,,,,,,,,,
2025-12-21,,,,,,"88621,75",,,,,,,,,,,,,,,,,,,,,,,,,,,,,,,,,,,,,,,,
2025-12-22,,"91,86",,"91,66",896,"88490,02","11,04","43,88","144,09","309,78","95,83","158,2","83,59","65,8",,"70,64","38,4563","432,15","106,75","70,21","661,5","484,92","183,69","619,21","110,04","65,59","684,83","40,31","488,73","293,28","248,58","72,92","104,15","246,16","169,76","108,21",158142,"6878,49",,"15290,55",,"5,5398","4,009","6,443","7,4106",
2025-12-23,,"92,26",,"92,03","903,2",87414,"11,15","43,63","144,61","314,35","97,32","158,5","84,68","65,96",,"70,9","39,0874","429,5","106,55","69,87","664,94","486,85","189,21","622,11","110,04","68,08","687,96","40,77","485,56","296,95","249,23","72,9","103,75","245,08","170,5","108,9",160456,"6909,79",,"15360,18",,"5,59","4,0645","6,5703","7,527",
2025-12-24,,"92,48",,"92,18",899,"87611,96",,"43,28","143,78","314,09",,,"84,34","65,98",,"71,05",,,,"70,11","667,55","488,02","188,61","623,93","110,07","68,49","690,38",,"485,4","298,8","251,6",,,"245,75","170,76",,,"6932,05",,"15409,7",,"5,5185","4,0277","6,502","7,446",
2025-12-25,,,,,,"87234,74",,,,,,,,,,,,,,,,,,,,,,,,,,,,,,,,,,,,,,,,
2025-12-26,,"93,26",,"92,87",,"87301,43","11,12",,"143,63","313,51","97,83","157,85","85,34","66,16",,"71,26","39,1","431,7","107,26","69,87","663,29","487,71","190,53","623,89","110,11","74,66","690,31","41,36","475,19","302,84","256,09","73,12",,"246,32",,"108,18",160897,"6929,94",,"15406,48",,"5,5195","4,033","6,4977","7,4557",
2025-12-27,,,,,,"87802,16",,,,,,,,,,,,,,,,,,,,,,,,,,,,,,,,,,,,,,,,
2025-12-28,,,,,,"87835,84",,,,,,,,,,,,,,,,,,,,,,,,,,,,,,,,,,,,,,,,
2025-12-29,,"93,1",,"92,38","906,8","87138,14","11,08","42,18","143,9","313,56","98,1","157,4","81,61","65,35",,"70,98","38,98","433,08","107,28","70,16","658,69","487,1","188,22","620,87","110,11","69,33","687,85","41,49","459,64","300,92","255,7","72,12","103,05","245,15","170,54","108,07",160490,"6905,74",,"15353,16",,"5,5425","4,0503","6,5189","7,4843",
2025-12-30,,"93,43",,"91,46","918,4","88430,13","11,2","42,65","144,26","313,85","98,01","157,55","81,71",65,,"71,25","39,23","424,2","107,51","70,07","665,95","487,48","187,54","619,43","110,12","72,4","687,01","42,11","454,43","299,58","257,91","71,96","103,55","245,92","171,04","108,06",161125,"6896,24",,"15332,07",,"5,5691","4,0643","6,5488","7,5231",
2025-12-31,,"93,12",,"91,41","921,4","87508,83",,"42,42","144,16",313,,,"81,17","64,31",,"70,98",,,,"69,91","660,09","483,62","186,5","614,31","110,15","67,64","681,92",,"449,72","303,89","256,03",,,"242,95","170,62",,,"6845,5",,"15220,45",,"5,4762","3,9951","6,4267","7,3638",
2026-01-01,,,,,,"88731,98",,,,,,,,,,,,,,,,,,,,,,,,,,,,,,,,,,,,,,,,
2026-01-02,,"96,03",,"91,13","986,3","89944,7","11,16","42,25","144,99","315,15",97,"157,8","81,56","67,23",,"71,68","39,15","419,5","106,2","69,12","650,41","472,94","188,85","613,12","110,17","69,03","683,17","41,97","438,07","319,61","251,6","72,38","106,45","240,53","170,52","108,9",160539,"6858,47",,"15252,82",,"5,517","4,0182","6,4767","7,4328",
2026-01-03,,,,,,"90603,19",,,,,,,,,,,,,,,,,,,,,,,,,,,,,,,,,,,,,,,,
2026-01-04,,,,,,"91413,49",,,,,,,,,,,,,,,,,,,,,,,,,,,,,,,,,,,,,,,,
2026-01-05,,"97,22",,"94,3","1053,2","93882,55","11,19","43,91","147,56","316,54","97,46","157,35","83,71","71,57",,"72,33","39,72","419,42","106,5","67,94","658,79","472,85","188,12","617,99","110,19","72,51","687,72","42,24","451,67","322,25","257,31","73,12","103,35","239,25","172,3","109,45",161870,"6902,05",,"15349,78",,"5,4216","3,9456","6,406","7,3003",
2026-01-06,,"97,88",,"93,23",1061,"93729,03","11,12","44,43","147,4","314,34","98,54","157,12","84,62","72,88",,"72,47","39,96","419,5","105,93","67,84","660,62","478,51","187,24","623,42","110,19","77,39","691,81","42,08","432,96","327,43","254,35","75,87","103,1","246,2","172,64","109,58",163664,"6944,82",,"15446,03",,"5,4075","3,9231","6,3291","7,318",
2026-01-07,,"97,18",,"91,75","1051,8","91308,05",11,"44,55","147,62","321,98","98,16","156,93","83,81","71,34",,"72,24","39,32","419,2","105,2","67,54","648,69","483,47","189,11","624,02","110,21","74,52","689,58","41,35","431,41","318,68","256,67","76,32","102,2","243,78","172,96","109,38",161975,"6920,93",,"15392,99",,"5,372","3,8856","6,2735","7,2411",
2026-01-08,,"97,19",,"94,02",1013,"91027,13","10,95","44,96","148,31","325,44","97,79","156,99","84,28","70,16",,"72,32","39,93","419,07","105,1","69,37","646,06","478,11","185,04","620,47","110,22","73,2","689,51","40,54","435,8","318,01","252,38","75,58","101,8","247,13","172,22","109,2",162937,"6921,46",,"15394,18",,"5,3839","3,8822","6,2814","7,2458",
2026-01-09,,"97,61",,"94,47","1081,6","90513,1","10,96","45,53","152,23","328,57","97,59","156,5","84,89","70,47",,"72,74","39,85","420,55","105,44","70,51","653,06","479,28","184,86","626,65","110,25","75,99","694,07","40,07","445,01","323,63","250,71","74,72","103,85","248,94","173,22","109,98",163370,"6966,28",,"15494,51",,"5,3866","3,8816","6,2735","7,2307",
2026-01-10,,,,,,"90386,65",,,,,,,,,,,,,,,,,,,,,,,,,,,,,,,,,,,,,,,,
2026-01-11,,,,,,"90827,46",,,,,,,,,,,,,,,,,,,,,,,,,,,,,,,,,,,,,,,,
2026-01-12,,"98,96",,"94,44","1086,4","91192,99","10,9","47,55","153,43","331,86","97,86","156,37","86,49","70,79",,"73,13","39,49","421,84","105,89","70,5","641,97","477,18","184,94","627,17","110,26","81,08","695,16","40,1","448,96","331,77","248,92","74,74","102,5","248,66","174,04","109,75",163150,"6977,27",,"15520,26",,"5,3703","3,8554","6,2485","7,1891",
2026-01-13,,"98,2",,"93,16","1102,6","95321,78","10,72","46,67","153,4","335,97","98,32","156,65","86,36","70,59",,"72,84","39,17","420,6","105,75","71,24","631,09","470,67","185,81","626,24","110,26","82,55","693,77","39,65","447,2","331,21","247,49","75,35","102,1","246,34","173,8","110,13",161973,"6963,74",,"15490,45",,"5,3737","3,8678","6,2617","7,2357",
2026-01-14,,"98,49",,"92,32","1084,2","96929,33","10,74","47,49","154,37","335,84","98,33","156,75","87,23","71,35",,"73,11","39,6","419,67","105,61","71,44","615,52","459,38","183,14","619,55","110,27","88,78","690,36","39,78","439,2","327,11","245,49","78,92","103,7","249,31","173,06","110,13",165146,"6926,6",,"15408,15",,"5,3713","3,8631","6,2461","7,2113",
2026-01-15,,"99,22",,"91,45","1149,4","95551,19","10,79","46,76","155,45","332,78","98,35","156,56","86,71","73,68",,"72,96","39,94","419,25","105,38","70,48","620,8","456,66","187,05","621,78","110,28","87,48","692,24","39,88","438,57","341,64","244,34","78,85","102,85","249,22","174,42","110,6",165568,"6944,47",,"15448,3",,"5,3961","3,8832","6,2775","7,2464",
2026-01-16,,"98,74",,"91,58","1167,2","95525,12","10,77","46,04","155,63",330,"98,55","156,81","86,27","73,36",,"73,2","39,61","419,15","105,61","70,44","620,25","459,86","186,23","621,26","110,31","85,05","691,66","39,5","437,5","342,4","240,14","78,88","101,4","249,47","173,84","110,6",164800,"6940,01",,"15439,47",,"5,3679","3,8615","6,2267","7,1826",
2026-01-17,,,,,,"95099,92",,,,,,,,,,,,,,,,,,,,,,,,,,,,,,,,,,,,,,,,
2026-01-18,,,,,,"93634,43",,,,,,,,,,,,,,,,,,,,,,,,,,,,,,,,,,,,,,,,
2026-01-19,,,,,"1120,4","92553,59","10,79","48,25",,,"99,08","156,71",,,,,"39,55",418,"106,28",,,,,,,,,"39,85",,,,"78,57","98,6",,"172,46","109,5809",164849,,,,,"5,3677","3,8557","6,216","7,1831",
2026-01-20,,"97,55",,"91,32",1140,"88310,91","10,86",49,"152,26",322,"98,55",157,"89,55","71,51",,"72,12","39,92","411,52","106,33","71,75","604,12","454,52","178,07","608,06","110,32","89,65","677,58","40,06","419,25","327,16","240,61","80,08","97,36","248,12","172,08","109,081",166277,"6796,86",,"15121,52",,"5,3687","3,865","6,2422","7,2032",
2026-01-21,,"98,93",,"94,65","1154,8","89376,96","11,16","48,8","154,07","328,38","97,96","156,92","90,87","75,8",,"72,86","41,67","411,4","105,9","72,01","612,96","444,11","183,32","616,28","110,34","88,11","685,4","40,71","431,44","326,12","238,23","82,5","98,86","252,77","172,18","109,081",171817,"6875,62",,"15297,02",,"5,3743","3,8822","6,2972","7,2237",
2026-01-22,,"99,55",,"97,17","1176,4","89462,45","11,47","49,88","154,69","330,54","98,28","156,97","92,56","77,21",,"73,23","43,08","411,44","105,96","71,87","647,63","451,14","184,84","620,76","110,34","91,47","688,98","42,22","449,36","327,37","241,1","82,98","105,3","251,5","173,78","109,181",175589,"6913,35",,"15381,22",,"5,3188","3,8394","6,2035","7,1276",
2026-01-23,,"100,14",,"97,6","1178,2","89503,88","11,71","50,29","151,67","327,93","99,1","157,4","93,79","77,58",,"73,71","43,57","411,55","106,31","72,88","658,76","465,95","187,67","622,72","110,37","97,54","689,23","43,03","449,06","334,87","245,73","85,02","105,5","250,6","173,74","109,5",178859,"6915,61",,"15387,63",,"5,2837","3,8287","6,2035","7,1329",
2026-01-24,,,,,,"89110,73",,,,,,,,,,,,,,,,,,,,,,,,,,,,,,,,,,,,,,,,
2026-01-25,,,,,,"86572,22",,,,,,,,,,,,,,,,,,,,,,,,,,,,,,,,,,,,,,,,
2026-01-26,,"100,11",,"99,31",1178,"88267,14","11,42","51,63",150,"333,26","98,62","157,37","95,18","75,35",,"74,23","44,15","412,7","106,4","72,56","672,36","470,28","186,47","625,46","110,38","103,3","692,73","43,28","435,2","332,71","245,63","83,07","104,15","251,54","174,92","109,5",178721,"6950,23",,"15464,66",,"5,2889","3,8573","6,179","7,2179",
2026-01-27,,"102,01",,"102,94","1217,6","89102,57","11,63","52,96","150,58","334,55","98,5","157,37","97,48","75,48",,"75,38","45,32",407,"106,33","73,55","672,97","480,58","188,52","631,13","110,4","106,7","695,49","44,16","430,9","338,34","245,52","84,9","102,3","249,63","176,28","109,32",181919,"6978,6",,"15527,82",,"5,2791","3,8454","6,2617","7,2098",
2026-01-28,,"102,68",,"102,07","1194,4","89184,57","11,59","54,25","149,51","336,01","98,66","157,35","101,25","75,45",,"74,5","46,34","407,47","106,75","73,06","668,73","481,63","191,52","633,22","110,4","110,87","695,42","43,25","431,46","342,3","243,18","86,97","102,85","253,5","175,78","109,71",184691,"6978,03",,"15526,69",,"5,1836","3,8102","6,2228","7,1658",
2026-01-29,,"102,26",,"101,47",1192,"84561,59","11,51","54,17","151,52","338,25","98,5","157,2","101,57","75,66",,"74,91","46,15","406,4","106,75","73,43","738,31","433,5","192,51","629,43","110,41","110,85","694,04","42,63","416,56","339,55","239,27","87,41","103,55","244,21","174,54","110,25",183134,"6969,01",,"15506,84",,"5,1971","3,8357","6,2189","7,1788",
2026-01-30,,"100,29",,"98,2","1215,6","84128,66","11,48","47,51","152,73",338,"98,86","157,5","91,2","74,88",,"74,23","45,5","410,65","106,95","74,81","716,5","430,29","191,13","621,87","110,44","79,2","691,97","41,63","430,41","330,56","220,3","84,32","102,65","244,23","174,7","110,75",181364,"6939,03",,"15441,15",,"5,1892","3,8429","6,2035","7,1531",
2026-01-31,,,,,,"78621,12",,,,,,,,,,,,,,,,,,,,,,,,,,,,,,,,,,,,,,,,
2026-02-01,,,,,,"76974,45",,,,,,,,,,,,,,,,,,,,,,,,,,,,,,,,,,,,,,,,
2026-02-02,,"100,56",,"97,33","1224,8","78688,77","11,6",47,"153,69","343,69","97,17","156,92","87,57","75,27",,"74,85","45,88","412,2","106,09","75,33","706,41","423,37","185,61","626,14","110,12","76,1","695,41","42,27","421,81","341,36","221,81","84,82","102,75",251,"175,3","110,7",182793,"6976,44",,"15525,11",,"5,255","3,8562","6,175","7,1957",
2026-02-03,,"100,78",,"96,86","1190,4","75633,55","11,84","48,87","156,38","339,71","97,13","157,11","93,03","74,93",,"74,55","46,14","407,85","105,69","76,89","691,7","411,21","180,34","616,52","110,13","80,84","689,53","42,38","421,96","335,75","212,17","88,99","102,25","243,57","174,88","110,7",185674,"6917,81",,"15394,75",,"5,2594","3,8436","6,1996","7,1839",
2026-02-04,,"99,51",,"95,35","1140,6","73019,7","11,56","49,04","160,04","333,04","96,47","156,95","92,92","73,44",,"74,62","44,62","406,29","105,3","77,35","668,99","414,19","174,19","605,75","110,13","83,14","686,19","41,48","406,01","325,74","200,76","89,43",106,"240,97","174,2","110,55",181708,"6882,72",,"15316,75",,"5,2375","3,8369","6,1843","7,1633",
2026-02-05,,"99,09",,"91,5","1149,6","62702,1","11,53","47,7","157,91","331,25","95,53","156,91","90,53","69,49",,"73,59","45,52","402,92","105,42","78,51","670,21","393,67","171,88","597,03","110,16",70,"677,62","41,7","397,21","330,73","193,24","86,45","102,1","242,62","172,7","110,64",182127,"6798,4",,"15129,23",,"5,238","3,8295","6,1767","7,1475",
2026-02-06,,"101,71",,"93,16","1193,8","70555,39","11,35","50,96","163,63","322,86","95,03",157,"93,24","74,59",,"75,03","46,75","406,5","105,58","79,03","661,46","401,14","185,41","609,65","110,18","73,67","690,62","41,51","411,11","348,85","195,59","85,63","100,75","224,17","174,68","110,37",182950,"6932,3",,"15427,83",,"5,2705","3,8411","6,2035","7,1263",
2026-02-07,,,,,,"69281,97",,,,,,,,,,,,,,,,,,,,,,,,,,,,,,,,,,,,,,,,
2026-02-08,,,,,,"70264,73",,,,,,,,,,,,,,,,,,,,,,,,,,,,,,,,,,,,,,,,
2026-02-09,,"102,38",,"95,3","1204,8","70120,78","11,42","52,66","165,06","324,32","95,55","157,04","95,63","78,42",,"75,86","48,31","406,3","105,39","77,97","677,22","413,6","190,04","614,32","110,2","79,81","693,95","42,45","417,32","355,41","205,03","87,31","100,9","219,87","176,7","110,4",186241,"6964,82",,"15501,65",,"5,2159","3,8144","6,1915","7,0998",
2026-02-10,,"102,66",,"95,77",1193,"68793,96","11,45","52,14","166,56","318,58","95,6","156,66","94,71","77,2",,"75,56","48,42","405,75","105,04","76,81","670,72","413,27","188,54","611,47","110,2","77,07","692,12","42,58","425,21","361,91","210,71","87,05","104,55","220,08","177,22","110,3",185929,"6941,81",,"15451,32",,"5,1916","3,8236","6,1728","7,0972",
2026-02-11,,"104,51",,"95,61","1207,8","66991,97","11,92",55,"166,65","310,96","95,45","156,78","95,76","76,35",,"75,74","49,37","404,45","105,3","78,6","668,69","404,37","190,05","613,11","110,21","80,41","691,96","44,42","428,27","374,09","203,89","90,09","103,55","215,68","177,1","110,32",189699,"6941,47",,15451,,"5,1962","3,8307","6,1746","7,0845",
2026-02-12,,"103,34",,"91,29","1179,8","66221,84","11,85","48,18","166,25",309,"95,88","156,5","92,48","73,06",,"75,12","48,24","400,25","105,58",79,"649,81","401,84","186,94","600,64","110,22","71,07","681,27","43,87","417,07","368,1","190,36","89,23","102,3","218,15","175,38","110,52",187766,"6832,76",,"15210,3",,"5,1987","3,827","6,169","7,0771",
2026-02-13,,"103,65",,"92,39","1190,4","68857,84","11,76","51,95","166,85","305,72","96,17","156,88","94,75","74,75",,"75,16","47,77","401,52","106,1","78,68","639,77","401,32","182,81","601,92","110,27","73,22","681,75","43,6","417,44","366,36","193,67","87,03","103,1","219,03","175,46",111,186464,"6836,17",,"15220,13",,"5,2139","3,8263","6,1805","7,1002",
2026-02-14,,,,,,"69767,63",,,,,,,,,,,,,,,,,,,,,,,,,,,,,,,,,,,,,,,,
2026-02-15,,,,,,"68788,19",,,,,,,,,,,,,,,,,,,,,,,,,,,,,,,,,,,,,,,,
2026-02-16,,,,,1195,"68843,16",,,,,,,,,,,,,,,,,,,,,,,,,,,"102,3",,"174,92",,,,,,,"5,2179","3,8286","6,1525","7,123",
2026-02-17,,"103,42",,"90,7","1199,2","67494,22",,"50,09","164,89","302,02",,,"91,82","73,29",,"75,64",,,,"79,56","639,29","396,86","184,97","601,3","110,28","69,7","682,85",,"410,63","364,2","193,87",,"103,95","216,25","174,86",,,"6843,22",,"15237,84",,"5,2439","3,8414","6,2073","7,1458",
2026-02-18,,"103,9",,"91,3","1244,8","66425,32","11,66","51,97","165,83","303,33","96,7","157,49","93,85","74,9",,"75,88","47,99","405,25",106,"79,49","643,22","399,6","187,98","605,79","110,28","73,61","686,29","43,68","411,32","362,26","199,13","83,92","104,1","218,55","176,66","111,05",186016,"6881,31",,"15323,23",,"5,2205","3,8235","6,1805","7,0806",
2026-02-19,,"103,76",,"94,21","1238,2","66957,52","11,87","52,94","166,3","302,85","96,09",157,"94,12","73,99",,"75,57","48,55","402,7","106,02","78,91","644,78","398,46","187,9","603,47","110,3","74,59","684,48","44,56","411,71","360,39","201,37","83,46","102,6","216,62","175,64","111,49",188534,"6861,89",,"15282,09",,"5,2344","3,8192","6,1652","7,0644",
2026-02-20,,"106,01",,"95,5","1255,6","68005,42","11,96","53,28","166,63","314,98","96,72","157,3","95,95","74,4",,"76,32","49,23","402,9","106,24","79,84","655,66","397,23","189,82","608,81","110,32","80,43","689,43","45,01","411,82","370,54","199,72","86,81","102,5","215,91","176,6","111,71",190534,"6909,51",,"15388,64",,"5,2088","3,8015","6,1237","7,0113",
2026-02-21,,,,,,"68003,77",,,,,,,,,,,,,,,,,,,,,,,,,,,,,,,,,,,,,,,,
2026-02-22,,,,,,"67659,39",,,,,,,,,,,,,,,,,,,,,,,,,,,,,,,,,,,,,,,,
2026-02-23,,"104,78",,"92,64","1249,2","64616,74","11,88","56,12","166,58","311,49","97,15","157,45","98,57","71,54",,"75,86","47,45","397,85","106,08","80,56","637,25","384,47","191,55","601,41","110,33","84,6","682,39","45,03","399,83","370,04","195,59","87,39","99,9","211,49","175,68",112,188854,"6837,75",,"15229,28",,"5,1765","3,7821","6,1125","6,9774",
2026-02-24,,"106,44",,"94,41","1263,4","64080,04","12,17","56,08","167,74","310,9",97,"157,43","97,2","71,92",,"76,1","48,17","399,6","106,11","80,72","639,3",389,"192,85","607,87","110,34","83,07","687,35",45,"409,38","385,75","204,19","87,73","101,6","213,45","176,48","111,24",191490,"6890,07",,"15346,74",,"5,1709","3,7735","6,0938","6,9686",
2026-02-25,,"107,7",,"92,56","1288,4","67960,13","12,34","57,8","170,14","312,9","96,65","157,62","96,97","73,65",,"76,75","47,79","400,75","106,94","80,47","653,69","400,6","195,56","616,68","110,35","84,03","693,15","44,02","417,4","387,73","207,31","89,97","99,94","214,5","178,04","111,75",191248,"6946,13",,"15472,06",,"5,152","3,7568","6,0606","6,9534",
2026-02-26,,"106,66",,"91,1","1232,4","67453,77","12,27","58,9","169,79","307,38","96,8","157,7","97,79","74,56",,"76,7","47,67","399,52","106,69","80,5","657,01","401,72","184,89","609,24","110,36","84,49","689,3","44,65","408,58","376,81","213,29","89,21","101,55","225,29","177,42","111,29",191005,"6908,86",,"15389,13",,"5,1242","3,7444","6,0496","6,9475",
2026-02-27,,"106,6",,"89,76","1233,4","65881,8","12,07","59,06","169,58","311,76","97,95","158,97","99,07","71,19",,"76,51","46,78","396,75","107,39","81,56","648,18","392,74","177,19","607,29","110,39","89,26","685,99","44,18","402,51","374,58","211,48","88,47","101,2","227,94","177,18","111,83",188787,"6878,88",,"15323,8",,"5,1366","3,7523","6,0569","6,9297",
2026-02-28,,,,,,"66995,86",,,,,,,,,,,,,,,,,,,,,,,,,,,,,,,,,,,,,,,,
2026-03-01,,,,,,"65738,1",,,,,,,,,,,,,,,,,,,,,,,,,,,,,,,,,,,,,,,,
2026-03-02,,"104,9",,"89,75","1210,4","68775,85","11,93","59,38","166,87","306,52","96,11","158,44","100,38","71,67",,"74,88","45,92","400,35","106,4","80,22","653,56","398,55","182,48","608,09","110,1","85,68","686,38","43,59","403,32","369,11","213,88","88,16","96,74","228,05","175,12","110,89",189307,"6881,62",,"15331,18",,"5,1296","3,7604","6,038","6,9109",
2026-03-03,,"99,77",,"86,28","1161,8","68293,65","11,54","55,37","160,81","303,58","94,4","158,15","95,92","69,4",,"72,68","44,38","404,45","105,67","79,34","655,08","403,93","180,05","601,58","110,11","78,44","680,33","42,2","392,43","353,13","217,05","84,48","93,58","235,42","171,1","110,7",183105,"6816,63",,"15186,99",,"5,1703","3,779","6,0423","6,9337",
2026-03-04,,"100,62",,"87,83","1199,8","72710,58","11,81","56,12","162,37","303,13",95,"157,97","96,65","69,15",,"73,6","45,01","404,4","105,9","78,1","667,73","405,2","183,04","610,75","110,11","79,07","685,13","43,19","405,94","357,44","215,77","84,09","94,44","238,83","173,76","110,41",185366,"6869,5",,"15305,01",,"5,2773","3,8562","6,1237","7,0373",
2026-03-05,,"98,5",,"86,86",1186,"70841,13","11,56","53,91","158,65","300,88",94,158,"95,52","68,05",,"72,19","43,51","404,85","106,05","77,03","660,57","410,68","183,34","608,91","110,13",78,"681,31","42,42","405,55","353,86","212,53","81,29","92,8","238,7","171,56","110,4",180464,"6830,71",,"15219,14",,"5,2301","3,8301","6,079","6,9832",
2026-03-06,,"97,99",,"86,54",1147,"68136,49","11,56","54,83","156,73","298,52","94,62","158,33","96,98","66,7",,"71,65","42,93","397,87","105,51","77,04","644,86","408,96","177,82","599,75","110,16","79,8","672,38","42,67","396,73","338,89","211,5","78,86","89,98","243,78","170,36","110,39",179365,"6740,02",,"15019,2",,"5,2634","3,8482","6,105","7,0225",
2026-03-07,,,,,,"67272,59",,,,,,,,,,,,,,,,,,,,,,,,,,,,,,,,,,,,,,,,
2026-03-08,,,,,,"65969,78",,,,,,,,,,,,,,,,,,,,,,,,,,,,,,,,,,,,,,,,
2026-03-09,,"99,84",,"86,82","1147,6","68402,38","11,68","53,36","157,6","306,36","95,62","157,91","96,78","67,49",,"71,94","43,16","395,4","104,67","77,8","647,39","409,41","182,65","607,76","110,17","82,2","678,27","42,81","398,68","348,7","214,63","79,26","87,82","242,38","169,82","110,15",180915,"6795,99",,"15145,38",,"5,2435","3,8653","6,06","7,03",
2026-03-10,,"100,08",,"87,9",1200,"69926,92","11,9","54,2","159,9","307,04","94,26",158,"97,85","68,5",,"71,93","43,8","393,85","104,27","77,88","654,07","405,76","184,77","607,77","110,18","84,11","677,18","42,76","399,24","347,09","209,08","80,56","90,3","238,61","173,04","109,72",183447,"6781,48",,"15114,7",,"5,2053","3,8279","6,0423","6,9784",
2026-03-11,,"100,56",,"89,77","1198,8","70204,88","11,85","53,32","159,29","308,7","94,81",158,"97,55","68,39",,"71,87","43,89","393,3","104,4","77,63","654,86","404,88","186,03","607,69","110,19","81,81","676,33","42,82","407,82","354,56","211,09","79,85","91,72","235,73","171,26","109,66",183969,"6775,8",,"15102,57",,"5,1624","3,7966","5,988","6,9272",
2026-03-12,,"97,58",,"86,67","1180,4","70493,46","11,68","51,93","156,77","303,55","95,27","156,99","95,65","66,92",,"70,82","42,69","393,95","104,7","77,61","638,18","401,86","183,14","597,26","110,19","80,32","666,06","42,11","395,01","336,71","209,2","79,24","92,38","235,15","169,36",109,179285,"6672,62",,"14873,22",,"5,1514","3,8139","5,988","6,9481",
2026-03-13,,"97,52",,"85,51","1179,6","70968,27","11,72","49,41","155,64","302,28","96,88","156,83","94,38","66,19",,"69,87","42,4","397,3","105,3","77,34","613,71","395,55","180,25","593,72","110,23","76,31","662,29","42,2","391,2","338,31","208,58","78,3","89,5","238,6","167,82","109,3",177653,"6632,19",,"14785,07",,"5,2439","3,8431","6,035","7,0019",
2026-03-14,,,,,,"71214,63",,,,,,,,,,,,,,,,,,,,,,,,,,,,,,,,,,,,,,,,
2026-03-15,,,,,,"72789,91",,,,,,,,,,,,,,,,,,,,,,,,,,,,,,,,,,,,,,,,
2026-03-16,,"100,33",,"85,65","1197,4","74861,09","11,95","48,95","158,23","305,56","96,25","156,51","94,33","68,28",,"71,02",43,"394,95","105,19","77,82","627,45","399,95","183,22","600,38","110,24","76,91","669,03","42,63","395,56","340,23","207,69","78,84","88,08","241,26","169,14","109,9",179875,"6699,38",,"14936,37",,"5,3291","3,896","6,029","7,0541",
2026-03-17,,"100,83",,"87,51","1193,8","73922,48","11,92","47,9","158,3","310,92","96,89","156,16","94,07","68,63",,"71,31","42,71","393,15","105,01","77,58","622,66","399,41","181,93","603,31","110,25","75,26","670,79","42,32","399,27","345,98","206,72","78,96","88,64","242,15","170,42","109,2",180410,"6716,09",,"14974,18",,"5,2334","3,8211","6,0132","6,9677",
2026-03-18,,"98,97",,"86,67",1191,"71245,58","11,81","44,75","157,8","307,69","96,78","155,6","91,12","68,45",,"69,84","42,28","391,1","105,03","75,97","615,68","391,79","180,4","594,9","110,25","72,17","661,43","41,85","392,78","339,57","204,22","77,13","88,42","238,89","169,02","107,72",179640,"6624,7",,"14770,48",,"5,1929","3,7899","5,988","6,9373",
2026-03-19,,"99,16",,"87,98","1168,6","69912,79","12,19","43,24","155,04","307,13","96,6","156,03","87,37","67,69",,"69,64","42,58","387,92","105,39","75,55","606,7","389,02","178,56","593,02","110,25","68,98","659,8","42,13","380,3","338,79","201,75","76,63","85,68","239,65","166,46","108,17",180271,"6606,49",,"14730,74",,"5,2621","3,8296","6,0277","6,9796",
2026-03-20,,"95,7",,"85,55","1128,2","70522,59","12,24","41,85","151,46",301,"95,95","155,6","84,7","65,47",,"67,51","41,55","389,45","105,49","74,75","593,66","381,87","172,7","582,06","110,28","64,64","648,57","40,83","367,96","329,24","200,63","75,55","85,38","240,78","164,9","108,45",176219,"6506,48",,"14508,12",,"5,2199","3,7981","6,0386","7,0028",
2026-03-21,,,,,,"68711,52",,,,,,,,,,,,,,,,,,,,,,,,,,,,,,,,,,,,,,,,
2026-03-22,,,,,,"67845,21",,,,,,,,,,,,,,,,,,,,,,,,,,,,,,,,,,,,,,,,
2026-03-23,,"98,29",,"87,26","1175,4","70914,86","12,46","44,01","154,74","302,06","95,4","156,32","82,78","67,84",,"69,11","42,78",388,"105,75","75,11","604,06",383,"175,64",588,"110,3","65,61","655,38","42,46","380,85","338,45","200,84","77,49","86,1","240,92","166,22","108,71",181932,6581,,"14675,17",,"5,3119","3,8723","6,035","7,0855",
2026-03-24,,"96,66",,"87,67","1201,6","70517,86","12,34","43,47","156,15","290,44","95,53",156,"82,76","66,12",,"68,71","42,54","387,56","105,62","74,67","592,92","372,74","175,2","583,98","110,31","66,11","653,18","41,99","383,03","343,25","191,37","78,1","86,66","241,14","166,08","107,6",182509,"6556,37",,"14620,38",,"5,2329","3,8076","6,068","7,0247",
2026-03-25,,"97,67",,"89,14","1211,6","71309,88","12,46","45,35","159,32","290,93","95,85","155,94","85,27","68,68",,"69,71","43,1","387,3","104,96","75,25","594,89","371,04","178,68","587,82","110,32","68,49","656,82","42,65","385,95","347,75","193,05","79,55","87,68","251,7","167,4","107,71",185424,"6591,9",,"14700,18",,"5,2326","3,8002","6,0716","7,0194",
2026-03-26,,"94,5",,"87,86","1165,8","68791,63","12,3","44,09","156,38","280,92",96,"156,34","82,09","66,2",,"68,36","41,94","383,45","104,96","74,69","547,54","365,97","171,24","573,79","110,32","63,84","645,09","41,81","372,11","326,11","194,72","78,91","86,88","250,8","164,82","107,6",182733,"6477,16",,"14444,36",,"5,2368","3,7883","6,0496","6,9881",
2026-03-27,,94,,"87,42","1146,4","66338,38","12,32","45,48","154,68","274,34","95,72","157,56","84,95","64,2",,"67,76","41,45","375,3","105,61","75,71","525,72","356,77","167,52","562,58","110,36","66,66","634,09","41,11","361,83","326,74","189,69",79,"86,48","247,48","162,4",108,181557,"6368,85",,"14203,24",,"5,2351","3,7767","6,035","6,9811",
2026-03-28,,,,,,"66319,7",,,,,,,,,,,,,,,,,,,,,,,,,,,,,,,,,,,,,,,,
2026-03-29,,,,,,"65954,92",,,,,,,,,,,,,,,,,,,,,,,,,,,,,,,,,,,,,,,,
2026-03-30,,"92,99",,"89,09",1112,"66691,45","12,31","46,04","154,58","273,5","97,06","155,9","84,93","63,69",,"68,11","41,6","374,57","105,71","76,27","536,38","358,96","165,17","558,28","110,38","66,7","631,97","41,61","355,28","316,5","193,08","79,5","86,34","249,67","162,5","107,5",182514,"6343,72",,"14147,31",,"5,264","3,7772","6,0277","6,9338",
2026-03-31,,"96,29",,"93,32","1119,2","68233,31","12,61","48,98","158,58","287,56","97,96","156,14","88,16","67,07",,"70,27","43,48","380,15","106,01","76,05","572,13","370,17","174,4","577,18","110,39","71,61","650,34","43,01","371,75","337,95","197,5","82,48","86,4","248,36","163,46","108,09",187462,"6528,52",,"14560,75",,"5,1928","3,7331","6,006","6,8777",
2026-04-01,,"97,19",,"93,21","1187,6","68078,55","12,63","51,87","162,16","297,39","97,2",156,"89,68","67,91",,"71,34","43,83","381,41","105,12","76,08","579,23","369,37","175,75","584,31","110,08","71,57","655,24","42,79","381,26","341,49","198,2",83,"88,5","250,77","168,14","109,1",187953,"6575,32",,"14665,68",,"5,1545","3,7119","5,9701","6,8569",
2026-04-02,,"96,11",,"93,89",1161,"66888,57","12,76","51,5","161,23","295,77","97,28","156,16","87,94","67,74",,"70,96","43,3","381,97","105,08","76,72","574,46","373,46","177,39","584,98","110,12","69,11","655,83","42,83","360,59","339,04","199,87","83,55","87,3","259,85","167,08","109,31",188052,"6582,69",,"14683,2",,"5,1564","3,7009","5,9453","6,8166",
2026-04-03,,,,,,"66931,1",,,,,,,,,,,,,,,,,,,,,,,,,,,,,,,,,,,,,,,,
2026-04-04,,,,,,"67290,52",,,,,,,,,,,,,,,,,,,,,,,,,,,,,,,,,,,,,,,,
2026-04-05,,,,,,"68981,9",,,,,,,,,,,,,,,,,,,,,,,,,,,,,,,,,,,,,,,,
2026-04-06,,"97,05",,"92,97",,"68859,83","12,81","51,74","161,71","299,99","97,68","156,9","87,61","68,62",,"71,42","43,49","383,5","105,48","77,22","573,02","372,88","177,64","588,5","110,13","69,42","658,93","42,94","352,82","341,76","196,69","83,09",,"274,51",,"109,51",188162,"6611,83",,"14749,31",,"5,1383","3,6897","5,9242","6,7999",
2026-04-07,,"97,52",,"92,7","1113,8","71940,7","12,92","52,68","160,97","305,46","97,02","156,39","88,46","68,11",,"71,23","43,46","383,96","105,67","75,91","575,05","372,29","178,1","588,59","110,14","69,25","659,22","42,87","346,65","345,32","198,33","83,69","85,66","274,75","166,48","108,97",188259,"6616,85",,"14760,64",,"5,1506","3,7177","6,0132","6,9024",
2026-04-08,,"102,78",,"94,66","1212,6","71123,36","13,31","53,18","167,31","317,32","97,35","156,5","89,04","72,31",,"73,99","44,98","389,85","105,48","77,29","612,42","374,33","182,08","606,09","110,15","70,92","676,01","44,11","343,25","365,9","202,13","85,59","90,66","270,9","173,12","109,75",192201,"6782,81",,"15130,86",,"5,1002","3,6801","5,9418","6,8259",
2026-04-09,,"102,41",,"93,93","1234,8","71767,83","13,52","53,47","165,38","318,49","97,16","156,69","89,72","71,93",,"73,92","45,75","388,57","105,7","78,18","628,39","373,07","183,91","610,19","110,17","71,84","679,91","44,9","345,62","365,49","198,05","84,69","89,18","269,88","173,42","110,47",195129,"6824,66",,"15225,18",,"5,0958","3,6836","5,9524","6,8438",
2026-04-10,,"102,61",,"94,23",1270,"72979,05","13,81","54,51","165,72","317,24","97,35","157,5","89,56","71,21",,"74,19","46,07","384,7","105,99","77,47","629,86","370,87","188,63","611,07","110,2","72,61","679,46","45,22","348,95","370,6","197,07","85,59","89,04","259,78","174,26","111,53",197324,"6816,89",,"15209,38",,,,,,
2026-04-11,,,,,,"73054,27",,,,,,,,,,,,,,,,,,,,,,,,,,,,,,,,,,,,,,,,
2026-04-12,,,,,,"70753,41",,,,,,,,,,,,,,,,,,,,,,,,,,,,,,,,,,,,,,,,
2026-04-13,,"103,42",,"94,68","1259,8","74484,64","13,75","55,39","165,77","321,31","97,15","157,08","89,21","74,55",,"74,76","45,83","386,53","106,25","76,41","634,53","384,37","189,31","617,39","110,2","71,78","686,1","45,16","352,42","369,57","201,36","87,36","87,82","271,44","173,84","111,72",198001,"6886,24",,"15364,11",,"4,9944","3,6203","5,872","6,7506",
2026-04-14,,"105,57",,"94,12","1284,2","74181,61","13,65","54,98","166,2","332,91","96,86","157,28","91,18","77,1",,"75,34","46,53","391,3","106,25","75,9","662,49","393,11","196,51","628,6","110,22","75,65","694,46","45,4","364,2","379,89","205,1","88,3","90,56","268,34","177,3","111,09",198657,"6967,38",,"15545,55",,"4,9848","3,6176","5,8754","6,7668",
2026-04-15,,"105,51",,"93,89",1230,"74805,08","13,64","52,68","165,01","337,12","96,18","157,26","90,24","79,69",,"75,11","47,04","394,95","106,4","75,31","671,58","411,22","198,87","637,4","110,22","75,5","699,94","45,57","391,95","375,1","214,15","88,44","90,56","275,26","177,9","110,52",197738,"7022,95",,"15670,77",,"4,9924","3,6326","5,8893","6,7765",
2026-04-16,,"106,14",,"94,17","1222,6","75152,13","13,52","52,27","165,73","336,02","96,2",157,"90,16","79,38",,"74,86","46,98","395,85","106,35","75,18","676,87","420,26","198,35","640,47","110,23","74,87","701,66","44,3","388,9","363,35","213,93","87,44","89,44","273,85","178,6","111,6",196819,"7041,28",,"15711,8",,"4,9871","3,6403","5,8754","6,7431",
2026-04-17,,"108,09",,"93,76",1244,"77126,88","13,64","53,81","166,58","341,68","96,74","157,54","91,34","81,71",,76,"46,8","399,5","106,48","75,74","688,55","422,79","201,68","648,85","110,28","77,32","710,14","45,01","400,62","370,5","212,04","89,75","92,7","274,05","181,46","111,1",195734,"7126,06",,"15901,03",,,,,,
2026-04-18,,,,,,"75726,21",,,,,,,,,,,,,,,,,,,,,,,,,,,,,,,,,,,,,,,,
2026-04-19,,,,,,"73856,35",,,,,,,,,,,,,,,,,,,,,,,,,,,,,,,,,,,,,,,,
2026-04-20,,"107,52",,"94,83",1245,"75872,52","13,73","52,61","164,98","337,42","97,73","157,9","90,57","81,25",,"75,77","46,37","398,1","107,13","75,48","670,91","418,07","202,06","646,79","110,28","75,79","708,72","45,86","392,5","366,24","216,85","88,73","90,48","275,81","180,08","110,8",196132,"7109,14",,"15863,68",,"4,9524","3,6268","5,8309","6,701",
2026-04-21,,"106,13",,"93,81",1237,"76352,77",,"49,55","161,75","332,29",,,"88,04","79,62",,"74,11",,,,"74,7","668,84","424,16","199,88","644,33","110,29","71,96","704,08",,"386,42","368,08","217,65",,"89,98","269,78","179,32",,,"7064,01",,"15763,02",,"5,008","3,663","5,8754","6,7568",
2026-04-22,,"108,42",,"93,37","1249,8","78203,1","13,42","50,3","161,59","339,32","97,84",157,"89,19","78,11",,"74,37","45,03","399,33","106,98","74,63","674,72","432,92","202,5","655,11","110,31","73,95","711,21","45,22","387,51","387,44","218,19","87,22","88,74","269,83","179,86","110,26",192889,"7137,9",,"15928,16",,"4,9849","3,6432","5,8309","6,7249",
2026-04-23,,"106,54",,"91,49","1223,8","78268,95","13,34","49,26","160,54","338,89","97,63","156,89","88,34","75,9",,"73,8","44,18","400,55","106,68","76,28","659,15","415,75","199,64","651,42","110,32","71,83","708,45","44,66","373,72","382,66","209,9","85,97","88,36","276,95","180,08","110,26",191378,"7108,4",,"15862,55",,"5,0308","3,6688","5,872","6,7659",
2026-04-24,,"109,07",,"91,68","1249,6","77455,31","13,05","49,16","160,2","344,4","97,53","158,01","88,75","76,62",,"74,3","44,37",403,"107,15","76,63","675,03","424,62","208,27","663,88","110,35","72,28","713,94","44,11","376,3","402,46","210,75","85,87","86,68","269,2","179,82",111,190745,"7165,08",,"15989,69",,,,,,
2026-04-25,,,,,,"77612,02",,,,,,,,,,,,,,,,,,,,,,,,,,,,,,,,,,,,,,,,
2026-04-26,,,,,,"78657,54",,,,,,,,,,,,,,,,,,,,,,,,,,,,,,,,,,,,,,,,
2026-04-27,,"108,99",,"91,97","1212,6","77366,63","12,8","48,23","160,8","350,34","97,44","156,98","88,07","77,59",,"73,89","43,99","402,14","106,64","75,44","678,62","424,82","216,61","664,23","110,36","71,82","715,17","43,61","378,67","404,98","213,77","85,5","87,14","267,9","180,1","110,33",189579,"7173,91",,"16009,49",,"4,9996","3,6686","5,8582","6,7682",
2026-04-28,,"107,82",,"91,22","1171,8","76350,67","12,79","47,06","162,03","349,78","97,91","156,99","86,46","77,49",,"73,44","44,1","400,15",107,"78,35","671,34","429,25","213,17","657,55","110,37","69,54","711,69","43,14","376,02","392,34","213,01","84,39","86,62","270,4","178,98","110,75",188619,"7138,8",,"15931,22",,"4,9943","3,6485","5,848","6,7541",
2026-04-29,,"107,54",,"90,47","1192,6","75776,13","12,41","45,73","161,22","349,94","98,61","156,1","85,55","77,05",,"72,6","42,87","401,49","106,98","78,87","669,12","424,46","209,25","661,57","110,37","68,14","711,58","42,57","372,8","393,83","215,34","79,44","85,48","272,6","179,04","110,42",184750,"7135,95",,"15924,9",,"5,0175","3,6663","5,8582","6,7681",
2026-04-30,,"109,87",,"91,11","1222,4","76304,32","12,54","45,61","162,07","384,8","99,68","156,4","86,85","79,5",,"74,4","43,19","402,5","106,59","78,76","611,91","407,78","199,57","667,74","110,39","70,03","718,66","42,52","381,63","396,06","213,76","81,18","86,22","268,66","180,62","111,26",187318,"7209,01",,"16088,56",,"4,9695","3,6565","5,8241","6,7617",
2026-05-01,,"110,14",,"89,66",,78179,,"45,4","161,41","385,69",,,"86,72","80,46",,"74,33",,,,"78,58","608,75","414,44","198,45","674,15","110,09","71,72","720,65",,"390,82","397,67","216,03",,,"272,44","182,46",,,"7230,12",,"16136,03",,,,,,
2026-05-02,,,,,,"78657,25",,,,,,,,,,,,,,,,,,,,,,,,,,,,,,,,,,,,,,,,
2026-05-03,,,,,,"78538,23",,,,,,,,,,,,,,,,,,,,,,,,,,,,,,,,,,,,,,,,
2026-05-04,,"110,39",,"89,88","1187,4","79827,91","12,18","44,24","160,82","383,25","97,73","155,99","84,97","81,72",,"72,96","42,4","402,55","105,94","78,19","610,41","413,62","198,48","672,88","110,11","69,28","718,01","41,5","392,51","401,61","225,18","78,66","83,8","274,15",,"111,2",185600,"7200,75",,"16071,44",,"4,9848","3,6569","5,8241","6,7458",
2026-05-05,,"112,58",,"90,34",1229,"80927,05","12,06","43,86",163,"388,43","98,05","155,41","85,69","83,91",,"74,1","42,46","401,8","104,98","78,48","604,96","411,38","196,5","681,61","110,11","69,27","723,77","41,39","389,37","394,41","223,11","78,39","84,36","275,77","182,6","111,4",186754,"7259,22",,"16202,38",,"4,9273","3,6186","5,767","6,6857",
2026-05-06,,"116,39",,"93,97",1305,"81427,53","11,97","46,93","165,38","398,04","98,62","156,22","88,3","87,04",,"76,07","41,78","408,5","106,04","79,23","612,88","413,96","207,83","695,77","110,13","73,69","733,83","42,22","398,73","419,5",222,"81,23","88,06","275,76","185,78","111,05",187691,"7365,12",,"16438,76",,"4,9323","3,6171","5,7937","6,7024",
2026-05-07,,"115,07",,"92,52",1300,"80009,99","11,67","46,51","165,53","397,99",98,"155,98","88,46","83,71",,"74,45","40,79","406,81","106,24","78,43","616,81","420,77","211,5","694,94","110,14","75,25","731,58","40,84","411,79","414,15","223,5","80,07","88,08","278,47","186,04","110,58",183218,"7337,11",,"16376,35",,"4,9449","3,6153","5,7937","6,7027",
2026-05-08,,"117,5",,"89,49","1319,4","80186,77","11,77","47,36","166,58","400,8","98,3","156,05","88,87","84,42",,"75,17","41,26","407,8","106,75","78,42","609,63","415,12","215,2","711,23","110,18","76,74","737,62","40,96","428,35","411,68","220,45","80,8","87,62","288,21","186,2","109,73",184108,"7398,93",,"16516,8",,,,,,
2026-05-09,,,,,,"80664,37",,,,,,,,,,,,,,,,,,,,,,,,,,,,,,,,,,,,,,,,
2026-05-10,,,,,,"82138,93",,,,,,,,,,,,,,,,,,,,,,,,,,,,,,,,,,,,,,,,
2026-05-11,,"117,59",,"90,17","1305,6","81728,3","11,8","47,74","168,26","388,64","95,68","155,5","89,06","84,91",,"74,92","40,33","408,9","105,25","78,66","598,86","412,66","219,44","713,29","110,18","81,91","739,3","41,4",445,"404,54","221,47","83,45",88,"286,47","186,88","106,26",181909,"7412,84",,"16549,25",,"4,9064","3,5832","5,7737","6,674",
2026-05-12,,"113,74",,"89,79","1265,8","80477,49","11,47","47,84","169,09","387,35","96,6","155,05","88,71","84,59",,"74,28","39,87","407,8","105,55","80,03",603,"407,77","220,78","707,24","110,19","82,54","738,18","39,77","433,45","397,28","225,99","83,25","86,74","285,8","184,2","108,05",180342,"7400,96",,"16523,29",,"4,9097","3,5834","5,7604","6,646",
2026-05-13,,"116,8",,"88,27",1327,"79277,12","11,25",48,"171,52","402,62","95,55","154,85","88,19","85,12",,"74,71","39,63",420,"104,39","80,26","616,63","405,21","225,83","714,71","110,19","83,39","742,31","38,66","445,27","399,8","226,99","84,3","86,52","295,14","186,4","107,19",177098,"7444,25",,"16620,59",,"5,0249","3,6638","5,8824","6,7889",
2026-05-14,,"117,05",,"89,48",1367,"81051,25","11,28","47,38","171,81","401,07","96,4","155,2","87,54","88,28",,"74,62","40,4","421,4","105,65","80,45","618,43","409,43","235,74","719,79","110,2","79,36","748,17","38,61","443,3","417,72","242,41","82,87","88,84","292,95","188,06","108,73",178366,"7501,24",,"16748,21",,"5,0041","3,6428","5,8309","6,6934",
2026-05-15,,"112,78",,"86,87","1306,6","79065,68","11,27","44,77","170,58","396,78","97,08","155,5","85,51",87,,"73,23","39,7","422,55","106,1","80,82","614,23","421,92","225,32","708,93","110,24","72,54","739,17","38,29","422,24","404,35","242,44","83,5","87,94","297,57","185,28","109,8",177284,"7408,5",,"16544,28",,,,,,
2026-05-16,,,,,,"78131,44",,,,,,,,,,,,,,,,,,,,,,,,,,,,,,,,,,,,,,,,
2026-05-17,,,,,,"77429,35",,,,,,,,,,,,,,,,,,,,,,,,,,,,,,,,,,,,,,,,
2026-05-18,,"112,68",,"89,95","1264,4","76954,17","11,5",,"169,95","396,94","95,7","155,24","85,76","86,12",,"74,35","39,62","417,25","104,66","81,2","611,21","423,54","222,32","705,88","110,25","73,51","738,65","38,55","409,99","395,95","242,16","81,83","87,78","305,31","184,48",109,176976,"7403,05",,"16533,11",,"5,0056","3,6437","5,8343","6,7265",
2026-05-19,,"111,4",,"88,16",1249,"76750,91","11,31","42,82","168,49","387,66","95,59","154,05","84,32","83,45",,"73,77","38,78","417,65","104,17","81,92","602,61","417,42","220,61","701,53","110,26","70,28","733,73","38,05","404,11","392,61","238,14","81,02","87,62","302,63","183,48","106,56",174279,"7353,61",,"16423,78",,"5,0582","3,6755","5,8651","6,7758",
2026-05-20,,"113,23",,"90,07",1333,"77457,77","11,53","44,49","169,65","388,91","96,81","154,8","85,53","83,79",,"75,24","39,67",419,"105,5","81,55","605,06","421,06","223,47","713,15","110,28","72,24","741,25","38,56","417,26","401,62","236,62",82,"87,92",303,"185,8","106,85",177356,"7432,97",,"16601,42",,"5,0117","3,6425","5,8207","6,733",
2026-05-21,,"114,24",,"92,06","1345,2","77539,17","11,36","45,44","169,14","387,66","96,76","154,75","85,43","83,83",,"75,7","40,12","419,75","105,77","81,17","607,38","419,09","219,51","714,51","110,29","72,96","742,72","38,42","417,85","407,15","238,08","82,63","88,6","305,93","185,22","107,05",177650,"7445,72",,"16631,93",,"5,0171","3,6385","5,8241","6,734",
2026-05-22,,"114,08",,"90,4",1409,"75488,24","11,22","45,52","169,59","382,97","96,87","155,3","84,81","81,35",,"75,49","39,43","423,1","105,1","81,48","610,26","418,57","215,33","717,54","110,31","71,82","745,64","38,73","426,01","404,52","227,55","83,1","89,68",310,"187,42",107,176210,"7473,47",,"16694,89",,,,,,
2026-05-23,,,,,,"76673,37",,,,,,,,,,,,,,,,,,,,,,,,,,,,,,,,,,,,,,,,
2026-05-24,,,,,,"76981,13",,,,,,,,,,,,,,,,,,,,,,,,,,,,,,,,,,,,,,,,
2026-05-25,,,,,"1430,6","77279,93","11,27","47,77",,,"96,56","155,2",,,,,"40,32",427,"105,45",,,,,,,,,"39,51",,,,"83,59","90,94",,,"107,05",177359,,,,,"5,0104","3,6253","5,8241","6,7614",
2026-05-26,,"118,44",,"92,48","1389,8","75825,73","11,2","47,5","171,31","388,88","97,25","154,7","84,81","82,89",,"76,35","40,06","426,98","105,28","80,46","612,34","416,03","214,86","730,28","110,32","73,22","750,59",39,"433,59","412,32","220,67","83,07","90,5","306,86","188,86","106,55",176589,"7519,12",,"16797,92",,"5,0445","3,6498","5,8651","6,788",
2026-05-27,,"118,5",,"95,58","1376,4","74344,7","11,16","45,65","171,01","388,83","96,23","154,96","83,73","80,95",,"76,16","40,32","429,2","105,99","81,62","635,26","412,67","212,6","729,45","110,34","70,93","750,46","39,37","440,36","422,73","218,46","83,45","92,38","295,65","188,8","106,69",175744,"7520,36",,"16800,86",,"5,0729","3,6621","5,8893","6,8062",
2026-05-28,,"118,96",,"96,05",1391,"73536,55","11,05","44,93","171,21","390,13","96,3","155,03","84,59","83,11",,"75,92",40,"429,63","106,85","80,41","635,29","426,99","214,25","735,6","110,35","71,83","754,6","39,22","442,1","424,86","217,87","83,96","92,56","296,14","189,76","106,82",175063,"7563,63",,"16897,64",,"5,0517","3,6631","5,8824","6,7913",
2026-05-29,,"119,06",,"97,7","1384,8","73372,52","10,76","46,3","171,52","380,34","97,49","155,71","85,49","86,97",,"75,94","40,04","430,4",107,"79,01","632,51","450,24","211,14","738,31","110,38","71,79","756,48","39,16","435,79","418,45","224,16","82,82","91,82","285,38","190,54",107,173788,"7580,06",,"16935,35",,,,,,
2026-05-30,,,,,,"73754,84",,,,,,,,,,,,,,,,,,,,,,,,,,,,,,,,,,,,,,,,
2026-05-31,,,,,,"73579,69",,,,,,,,,,,,,,,,,,,,,,,,,,,,,,,,,,,,,,,,
2026-06-01,,"122,28",,"98,99",1394,"71319,77","10,81","44,84","169,27","376,37","95,63","154,65","84,27","88,69",,"75,55","39,36","429,96","105,42","78,64","600,47","460,52","224,36","742,74","110,06","71,1","758,54","38,9","415,88","435,63","226,98","81,7","90,56","296,59","190,54","106,42",172198,"7599,96",,"16981,1",,"5,0386","3,6384","5,8582","6,7819",
2026-06-02,,"123,46",,"97,8","1461,8","66703,66",11,"45,97","171,2","361,85","95,9","154,12","84,42","88,72",,"75,89","39,56","429,62","106,56","78,41","597,63","441,31","222,82","746,16","110,08","71,44","759,57","39,25","423,74","446,69","222,38",85,"91,02","297,41","191,84","106,57",174198,"7609,78",,"17003,57",,"5,0207","3,6241","5,8309","6,7547",
2026-06-03,,"122,15",,"94,75","1485,2","64014,37","10,86","47,43","172,47","358,99","95,77","153,97","83,59","87,15",,"74,98","38,72","431,7","106,62","78,76","622,98","427,34","214,75","744,21","110,08","69,57","754,24","38,79","423,7","436,69","215,8","81,79","89,32","297,08","190,56",106,170331,"7553,68",,"16878,49",,"5,0774","3,6521","5,8893","6,812",
2026-06-04,,"120,59",,"95,01",1498,"63801,57",,"48,44","173,49","372,19",,,"84,28","87,06",,"75,88",,,,"76,82","627,57","428,05","218,66","740,61","110,09","70,38","757,09",,"418,45","444,92","216,65",,"88,6","293,79","190,4",,,"7584,31",,"16949,85",,"5,0607","3,6362","5,872","6,7843",
2026-06-05,,"112,04",,"91,59","1462,2","60922,67","10,88","44,45","169,25","368,53","95,06","154,95","81,22","84,4",,"74,36","38,83","429,47","106,61","79,48",593,"416,67","205,1","705,06","110,12","64,68","737,55","38,6",391,"415,17","214,39","78,7","87,84","294,92","187,36","106,4",169019,"7383,74",,"16503,96",,,,,,
2026-06-06,,,,,,"60867,41",,,,,,,,,,,,,,,,,,,,,,,,,,,,,,,,,,,,,,,,
2026-06-07,,,,,,"63239,52",,,,,,,,,,,,,,,,,,,,,,,,,,,,,,,,,,,,,,,,
2026-06-08,,"114,42",,"91,88","1514,6","63090,59","10,76","44,61","169,91","363,31","94,21","153,2","81,38","87,35",,"74,67","38,52","432,65","105,89","79,54","585,39","411,74","208,64","716,07","110,13","64,69","739,22","38,82","408,95","426,8","212,55","78,07","87,9","283,41","186,46","105,7",168669,"7405,73",,"16553,78",,"5,2031","3,7235","5,9916","6,937",
2026-06-09,,"114,42",,"93,4","1508,4","61643,78","10,81","43,71","169,55","364,26","94,15","151,83","80,07","86,33",,"74,94","39,22","431,3","106,41","81,34","584,59","403,41","208,19","707,83","110,14","61,98","737,05","39,24","396,68","427,92","212,05","78,5","87,28","283,89","184,02","105,44",169813,"7386,65",,"16511,71",,"5,1901","3,7152","5,9809","6,9348",
2026-06-10,,"112,23",,"92,22","1507,2","61449,29","10,73","40,66","166,7","356,38","93,01","150,6","76,79","85,42",,"73,98","39,36","423,78","106,17","83,59","570,98","397,36","200,42","693,69","110,15","60,61","725,43","38,99","381,59","408,75","210,46","77,7","86,3","288,09","184,08","104,15",168619,"7266,99",,"16244,65",,"5,1921","3,7208","5,9844","6,939",
2026-06-11,,"117,22",,"97,97",1576,"63561,05","10,81","44,14","169,92","357,77","94,34","150,52","79,13","88,83",,"76,3","40,5","424,75","106,63","82,53","568,43","390,34","204,87","717,12","110,17","63,93","737,76","39,7","399,15","421,07","212,08","78,8","85,42","279,57","183,78","104,3",171497,"7394,3",,"16529,44",,"5,1138","3,6566","5,9137","6,8597",
2026-06-12,,"117,76",,"97,91","1629,6","63543,2","10,73","44,64","171,17","359,68","94,08","151,4","79,19","90,81",,"76,41","40,6","424,1","106,92","82,62","566,98","390,74","205,19","721,34","110,2","64,43","741,75","39,69","406,43","423,93","211,75","79,17","88,42","279,89","188,04","104,49",171133,"7431,46",,"16613,3",,,,,,
2026-06-13,,,,,,"64421,32",,,,,,,,,,,,,,,,,,,,,,,,,,,,,,,,,,,,,,,,
2026-06-14,,,,,,"65710,4",,,,,,,,,,,,,,,,,,,,,,,,,,,,,,,,,,,,,,,,
2026-06-15,,"121,32",,"98,13","1622,2","66289,5","10,73","47,74","173,97","369,35","94,77","151,94","81,26","92,76",,"75,09","40,4","431,5","107,26","80,91","593,48","399,76","212,45",744,"110,21","66,69","754,83","39,51","411,15","441,4","216,23","81,16","90,42","272,96","190,92","105,41",170415,"7554,29",,"16891,78",,"5,0751","3,6244","5,8789","6,809",
2026-06-16,,"119,24",,"97,5","1591,2","65600,64","10,72","49,23","174,38","373,25","93,78","151,94","81,5","93,1",,"75,21","40,45","430,8","106,75","80,28","600,21","393,83","207,41","729,86","110,23","66,6","750,33","39,4","404,66","425,83","229,97","81,44","89,66","273,87","190,54","105,07",169649,"7511,35",,"16796,28",,"5,1019","3,642","5,9172","6,8446",
2026-06-17,,"119,04",,"96,9","1656,4","64418,45","10,64","47,07","175,88","363,79","93,45","151,51","79,64","95,09",,"74,57","40,8","427,89","106,51","79,93","567,58","378,91","204,65","722,51","110,2","63,69","740,96","38,88","396,38","432,15","228,03","79,78","86,54","264,92","190,88","105,31",168454,"7420,1",,"16592,45",,"5,1221","3,6291","5,8893","6,8027",
2026-06-18,,"123,3",,"97,1",1676,"62896,47","10,72","45,14","178,51","368,03","93,46","150,3","79,33",96,,"74,7","40,49",437,"106,94","79,39","577,22","379,4","210,69","740,62","110,26","62,55","746,74","39,45","400,49","462,12","239,28","79,94","84,1","264,64","189,96","105,29",168278,"7500,58",,"16772,64",,"5,1815","3,6604","5,9312","6,8306",
2026-06-19,,,,,"1657,8","63540,84","10,68","45,4",,,"93,27","150,5",,,,,"39,87",437,"107,06",,,,,,,,,"39,3",,,,"80,75","80,44",,"189,7","103,01",168576,,,,,,,,,
2026-06-20,,,,,,"64239,68",,,,,,,,,,,,,,,,,,,,,,,,,,,,,,,,,,,,,,,,
2026-06-21,,,,,,"63237,54",,,,,,,,,,,,,,,,,,,,,,,,,,,,,,,,,,,,,,,,
2026-06-22,,"124,21",,"94,74","1655,8","63952,11","10,94","47,6","179,75","349,68","92,51","150,41","78,8","96,82",,"74,68","40,94","433,11","107,11","79,53","563,85","367,34","208,65","737,95","110,25","61,93","744,39","39,92","405,05","467,67","239,57","80,91","80,32","247,69","189,96","103,99",170370,"7472,79",,"16711,44",,"5,1565","3,6399","5,8893","6,8312",
2026-06-23,,"116,72",,"92,55","1560,8","62668,02","10,99","46,94","173,33","346,13","92,11","150,1","77,33","94,7",,"73,88","41,05","430,45","107,28","80,31","562,2","373,94","200,04","713,65","110,27","58,58","733,58","39,79","381,61","436,39","242,64","79,38","77,92","247,22","186,54","103,98",171259,"7365,46",,"16471,6",,"5,1977","3,6547","5,9102","6,8612",
2026-06-24,,"117,2",,"90,73","1553,8","60995,13","10,72","44,68","173,57","345,29","91,5","149,8","74,99","92,79",,"73,73","40,97",431,"107,21","80,6","557,67","365,46",199,"710,62","110,28","54,42","733,24","39,72","375,53","440,83","235,77","77,73","76,02","252,08","187,04","103,01",170507,"7358,22",,"16455,51",,"5,2075","3,6549","5,9067","6,8546",
2026-06-25,,"118,37",,"90,61",1594,"59721,68","10,79","44,93","172,82","343,71","91,45","150,4","75,71","92,16",,"74,48","41,7","429,63","107,7","80,42","542,87","352,83","195,74","716,38","110,3","55,01","734,3","39,88","375,12","434,99","238,72","78,66","76,02","250,85","186,88","102,99",171990,"7357,49",,"16454,63",,"5,1941","3,6544","5,8962","6,8446",
2026-06-26,,"116,86",,"91,3","1578,2","59596,57","10,96","46,13","173,42","337,39","91,48","150,3","76,56","89,82",,"73,99","42,24","428,9","107,69","82,63","550,25","372,97","192,53","706,52","110,33","56,01","728,99","39,72","379,71","432,35","238,53","78,15","74,28","255,62","186,64","103,97","173295,14","7354,02",,"16447,29",,"5,1683","3,6437","5,8872","6,8239",
2026-06-27,,,,,,"60697,08",,,,,,,,,,,,,,,,,,,,,,,,,,,,,,,,,,,,,,,,
2026-06-28,,,,,,"59392,78",,,,,,,,,,,,,,,,,,,,,,,,,,,,,,,,,,,,,,,,
2026-06-29,,"115,715",,"92,255","1565,8","59283,96","10,94","45,345","172,84",351,"91,39","150,74","75,6407","89,16",,"74,3003","42,52","430,22","107,49","83,275","567,97","375,43","194,255","713,2897","110,34","55,19","737,315","40,05","395,48","438,67","248,31","77,42","71,78","258,17","185,82","103,97","173183,73","7401,94",,"16554,21",,"5,169","3,6413","5,8847","6,8208",
2026-06-30,"104,47","119,25",,"91,78","1721,4","60129,97","10,87","46,4","173,725","358,315","91,56","150,91","75,821","89,155",,"75,0654","42,16","436,8","107,69","81,76","558,525","371,83","197,93","735,985","110,3401","56,795","746,74","39,95","418,25","469,47","252,66","78,27","70,1","250,78","188,78","104,72","172300,8","7496,39",,"16767,27",,"5,1633","3,6341","5,8944","6,8431",
2026-07-01,"104,47","115,86",,"91,11","1641,6","58579,69","10,81",,"175,74","361,21",90,"148,9","75,96","93,25",,"74,49","42,44","439,2","106,7","81,29","612,91","384,28","197,58","725,17","110,04","56,32","745,76","39,85","425,3","444,23","250,32","77,97","69,94","255,9","188,9","104,47","171688,61","7483,23",,"16738,56",,"5,2206","3,6683","5,9347","6,9323",
2026-07-02,"105,39","113,94",,"91,45","1577,8","59929,07","10,97","48,57","174,73","359,91","90,48","149,56","77,51","91,33",,"75,87","42,47",439,"107,23","84,14","582,9","390,49","194,83","712,6","110,09","57,82","744,78","40,89","393,45","434,16","254,99","78,24",,"256,43","188,82","105,39","172787,63","7483,24",,"16739,26",,"5,2222","3,6768","5,9595","6,9653",
2026-07-03,"105,65",,,,"1634,4","61357,98","11,03","50,94",,,"91,46","150,3",,,,,"42,74","437,18","107,66",,,,,,,,,"41,07",,,,"78,84",,,"189,82","105,65","174070,27",,,,,"5,1672","3,6389","5,9096","6,899",
2026-07-04,,,,,,"63088,3",,,,,,,,,,,,,,,,,,,,,,,,,,,,,,,,,,,,,,,,
2026-07-05,,,,,,"62649,52",,,,,,,,,,,,,,,,,,,,,,,,,,,,,,,,,,,,,,,,
2026-07-06,"104,8","117,57",,"93,99","1628,4","63429,72","10,88","51,02","179,75","366,46","91,32",149,"78,3","95,99",,"76,37",,"436,28","107,8","82,96","600,29","386,74","195,55","722,82","110,11","58,99","751,28",,"419,77","451,79","258,41",,,"259,13","190,24",,"172447,58","7537,43",,"16862,18",,"5,1436","3,6163","5,8789","6,8894",
2026-07-07,"105,23","114,25",,"92,81","1509,8","63978,16","10,93","48,93","175,58","367,03","91,33","148,91","77,37","94,57",,"75,56","42,43","435,7","107,95","84,05","615,58","388,84","196,93","709,43","110,1","57,27","747,71","40,4","402,9","432,57","257,79","76,2","75,8","266,78","188,32","105,23","172020,69","7503,85",,"16787,18",,"5,1709","3,636","5,8908","6,8952",
2026-07-08,"105,25","115,21",,"92,44",1529,"63624,37","10,8","46,12","174,09","361,92","91,79","148,4","76,74","93,4",,"74,8","41,89","433,7","107,81","83,4","603,12","383,34","204,12","711,44","110,12","55,52","745,4","39,79","394,06","436,98","251,38","72,7","72,38","267,58","186,62","105,25","170653,45","7482,71",,"16739,94",,"5,1598","3,6364","5,8928","6,8955",
2026-07-09,"105,47","116,29",,"92,23","1602,8",62140,"11,08","50,04","174,67","358,89","92,29","148,78","77,51","95,28",,75,"42,59","435,08","107,91","82,63","631,48","384,36","202,78","723,28","110,14","56,9","751,71","40,31","406,55","436,96","246,1","73,15","71,52","269,98","189,32","105,47","172742,13","7543,64",,"16876,83",,"5,1339","3,6204","5,8651","6,8859",
2026-07-10,"106,13","116,22",,"95,07",1569,"63107,67","11,38","49,01","176,78","357,18","92,29","149,3","77,26","94,09",,"75,13","44,3","436,29","107,86","83,49","669,21","385,1","210,96","725,51","110,17","56,71","754,95","41,77","407,76","434,11","243,2","74,18","70,98","270,11","190,04","106,13","177866,38","7575,39",,"16949,55",,"5,1075","3,608","5,8296","6,8449",
2026-07-11,,,,,,"63802,03",,,,,,,,,,,,,,,,,,,,,,,,,,,,,,,,,,,,,,,,
2026-07-12,,,,,,"63758,22",,,,,,,,,,,,,,,,,,,,,,,,,,,,,,,,,,,,,,,,
2026-07-13,,"113,07",,"94,8","1524,8","62254,46","11,26","47,765","175,65","356,065","92,37","148,51","76,075","93,225","290,23","75,03","44,08","436,38","107,99","84,525","664,32","387,605","208,5","715,9252","110,165","55,4","753,6905","41,75","395,91","427,865","244,69","73,73","71,86","270,015","189,08","105,76","177237,3","7562,93",,"16921,61",,"5,1231","3,6232","5,8496","6,8599",
2026-07-14,,"113,94",,"94,74","1555,8","62509,55","11,2","47,78","176,97","359,51","92,5","148,4","76,27","95,61","217,07","74,88","43,63",432,"108,26","83,08","661,04","384,93","211,8","719,71","110,19","55,89","751,83","41,26","396,18","420,39","237,04","74,01","71,88","268,85","189,5","106,54","176641,09","7543,59",,"16878,41",,"5,0879","3,6165","5,8072","6,8134",
2026-07-15,,"113,84",,"95,35","1549,4","64976,43","11,15","47,32","176,71","370,92","92,4","148,93","76,28","97,41","211,2","75,56","43,14","433,4","108,31","82,45","681,31","395,63","212,5","717,74","110,21","54,88","754,81","40,92","394,46","419,48","243,8","74,51","74,4","270,52","189,64","106,61","176010,91","7572,4",,"16944,07",,"5,0909","3,624","5,8343","6,8823",
2026-07-16,,"111,31",,"92,67","1598,4","64540,19","11,09","46,19","175,35","354,46","92,82","149,29","74,8","92,21","219,05","75,28","42,55","432,79","108,56","84,92","664,54","401,1","207,4","705,94","110,21","52,92","750,72","41,03","391,06","409,74","239,57","72,98","73,46","275,22","189,42","106,9","173825,27","7533,77",,"16857,63",,"5,1007","3,629","5,8339","6,8724",
2026-07-17,,"109,81",,"92,03",1537,"63695,63","11,12","46,99","171,85","346,77","93,94","148,92","75,5","90,53","212,67","75,11","41,96","429,12","108,5","81,56","646,01","393,82","202,81","695,33","110,25","53,37","743,29","40,89","380,84","398,37","236,68","72,94","73,12","277,66","186,98","106,87","173714,08","7457,69",,"16687,56",,"5,1108","3,6432","5,8439","6,8735",
2026-07-18,,,,,,"64796,6",,,,,,,,,,,,,,,,,,,,,,,,,,,,,,,,,,,,,,,,
2026-07-19,,,,,,"64690,8",,,,,,,,,,,,,,,,,,,,,,,,,,,,,,,,,,,,,,,,
2026-07-20,,"110,25",,"92,85","1520,8","64790,98","11,02","46,93","172,05","351,99","93,58","148,5","75,35","91,68",213,"74,31","42,3","426,97","108,08","82,12","645,85","402,29","203,28","696,06","110,26","53,59","742,09","41,15","369,57","402,3","238,98","71,93","72,54","277,61","187,32","105,35","173371,34","7443,28",,"16655,91",,"5,1044","3,6228","5,8207","6,8493",
2026-07-21,,"113,62",,"94,43","1593,4","65425,84","11,02","50,58","176,47","347,15","93,4","149,01","76,82","94,42","210,5","75,24","42,53","430,11","107,58","81,97","643,81","397,75","207,29","708,97","110,25","55,8","748,28","41,13","378,93","424,61","235,93","72,24","72,56","266,15","188,46","104,5","173325,66","7509,2",,"16803,51",,"5,0912","3,6164","5,8107","6,8371",
2026-07-22,,"112,76",,"96,39","1589,6","66540,06","11,21","51,09","176,45","342,09","93,47","147,8","77,69","93,5","205,77","75,48","42,9","428,86","107,17","82,2","627,17","390,34","212,06","705,35","110,27","56,7","747,41","41,59","374,01","421,21","233,58","75,1","72,96","262,59","188,68","104,58","177547,56","7498,96",,"16780,81",,"5,0625","3,5897","5,7705","6,7633",
2026-07-23,,"112,25",,"94,11","1579,2","66168,58","11,19","50,92","175,47","317,69","92,8","147,75","76,15","91,76","206,65","74,42","42,56","425,52","107,37","81,17","606,1","381,58","208,76","691,96","110,26","54,72","738,18","41,42","319,69","415,58","230,25","75,68","72,94","261,58","185,7","104,22","176723,63","7408,3",,"16578,28",,"5,0969","3,6157","5,7937","6,7751",
2026-07-24,,"109,86",,"93,14",1563,"65095,13","10,98","52,45","176,98","319,74","92,86","147,76","76,23","91,74","214,19","74,89","42,1","425,05","106,5","82,25","595,19","381,7","206,84","684,23","110,29","55,28","738,93","40,3","313,03","403,41","231,65","75,24","71,46",280,187,"104,7",174042,"7411,98",,"16588,01",,"5,0799","3,6085","5,7823","6,7658",
2026-07-25,,,,,,"64311,81",,,,,,,,,,,,,,,,,,,,,,,,,,,,,,,,,,,,,,,,
2026-07-26,,,,,,"65340,3",,,,,,,,,,,,,,,,,,,,,,,,,,,,,,,,,,,,,,,,
2026-07-27,,"110,17",,"93,63","1429,8","65121,83","11,17","51,05","177,54","326,56","93,49",147,"76,78","92,27","216,28","75,28","42,69","426,86","106,6","84,07","593,87","389,1","196,51","682,12","110,3","55,64","739,09","39,95","309,22","399,09","243,95","75,69","70,74","274,82","185,88","104,46","175334,45","7413,18",,"16590,8",,"5,0751","3,605","5,7895","6,7799",
2026-07-28,,"107,81",,"93,18","1394,4","63400,22","11,19",50,"174,63","333,71","93,7",147,"75,7","90,91","227,55","75,48","42,86","428,61","107,6","88,27","593,41","393,35","197,01","675,49","110,33","54,33","740,86","39,8","307,44","392,31","247,62","75,69","72,38","281,15","185,54","104,4","176564,75","7428,78",,"16625,9",,"5,1119","3,6231","5,8093","6,7885",
2026-07-29,,"105,65",,93,"1362,2","63908,17",11,"49,3","173,39","336,71","93,13","146,9","76,04","86,26","226,44","75,28","41,82","421,56","106,86","89,08","585,61","390,54","190,01","661,73","110,36","54,43","729,46","39,05","298,32","374,67","246,43","75,05","75,38","290,92","184,76","104,84",173885,"7316,15",,"16373,81",,"5,1271","3,6507","5,8754","6,8446",
2026-07-30,,"109,84",,"96,15","1380,6","64511,99","11,23","52,3","174,91","333,66","93,13","147,42","77,3","90,48","221,74","77,07","42,74","425,37","107,29","88,49","539,03","451,1","195,04","683,55","110,37","56,22","741,69","39,87","308,85","403,31","247,43","76,09","76,16","286,58","184,96","104,78",177159,"7437,63",,"16645,79",,"5,0977","3,6274","5,8431","6,8179",
2026-07-31,,"110,72",,"95,15","1463,8","63842,8","11,34","49,28","173,63","356,13","94,08","147,42","76,17","87,99","223,65","76,69","42,89","428,39","108,07","87,59","556,71","464,72","200,75","687,99","110,4","55,05","747,03","39,66","311,21","404,25","242,92","76,28","75,16","290,02","188,8","104,78",177999,"7489,72",,"16763,42",,"5,0716","3,6157","5,8308","6,8158",
2026-08-01,,,,,,"62763,32",,,,,,,,,,,,,,,,,,,,,,,,,,,,,,,,,,,,,,,,
2026-08-02,,,,,,63482,,,,,,,,,,,,,,,,,,,,,,,,,,,,,,,,,,,,,,,,
2026-08-03,,"111,32",,"95,16","1415,2","62683,19","11,28",,"170,68","373,51","91,5",147,"76,19","87,75","226,31","77,01","43,17","435,83","106,02","86,86","590,24","487,65","206,64","700,07","110,08","55,13","757,67",40,"322,08","406,11","245,15","74,64","76,76","298,89","189,28","105,28",178000,"7600,5",,"17012,38",,"5,0747","3,614","5,8474","6,8291",
2026-08-04,,"112,8","160,63","95,1453",1476,"63945,3","11,42","51,84","172,3","371,76","91,2",147,"76,655","89,11","225,835","77,45","43,57","438,9","106,44","85,45","583,32","486,75","211,185","710,88","110,08","56,73","761,8","40,4","324,76","414,8","245,64","76,31","75,64","296,26","191,52",105,"180288,55","7644,25","29733,16","17108,99",,"5,0959","3,6199","5,8663","6,8483","4095,4"
2026-08-05,,"114,31","160,5","95,215","1470,2","64120,56","11,37","55,95","177,66","381,412","91,03","147,89","78,97","90,4","235,66","77,8994","43,15","448,85","107,02","86,49","597,38",494,"220,86","727,24","110,0999","58,9587","776,385","40,02","324,83","423,185","240,8","75,68","76,74","300,3609","194,74","104,64","179442,73","7788,42","29487,79","17433,17",,"5,1111","3,6373","5,9033","6,8859","4245,8"
2026-08-06,,"112,6","160,1","92,56",1494,"64262,11","11,11","57,99","177,63","357,75","90,67","147,25","79,87","86,02","233,43","77,69","41,83","443,95","106,5","86,85","589,9","499,86","218,99","714,65","110,11","58,69","768,56","39,54","319,53","418,2","232,47","75,39","75,56","292,53","193,34","104,4",175546,"7709,96","29373,33","17257,58",,"5,1218","3,6514","5,8962","6,8912",4242
2026-08-07,,"113,53","161,44","92,72",1499,"64986,24","10,91","61,62","179,245","354,3","91,35","146,86","81,67","87,83","237,15","78,36","40,54","444,57","106,58","87,05","592,1","499,99","223,96","723,03","110,15","60,45","773,22","39,36","328,58","419,91","246,5","74,86","76,32","294,56","194,64","104,49","172423,59","7757,46","29722,3","17364,72",,"5,0812","3,6448","5,8762","6,8604","4340,7"
2026-08-08,,,,,,"64904,69",,,,,,,,,,,,,,,,,,,,,,,,,,,,,,,,,,,,,,,,
2026-08-09,,,,,,"64844,89",,,,,,,,,,,,,,,,,,,,,,,,,,,,,,,,,,,,,,,,
2026-08-10,,"112,77","161,1","93,43","1513,8","63910,59","10,68","61,89","179,6","357,52","90,66","146,2","82,51","90,66","236,31","78,1","40,42","446,85","105,98","86,87","594,92","506,06","217,55","720,87","110,16","62,44","773,03","38,5","330,88","418,47","253,57","75,93","75,42","293,34","194,48","103,62",172180,"7753,11","29621,8","17356,69",,"5,106","3,6606","5,8893","6,8995","4361,8"
2026-08-11,,"113,62","161,235","93,3",1554,"63534,48","10,58","62,21","179,9","350,02","89,85","145,61","82,35","89,67","239,63","78,15","39,42","451,5","105,65","86,875","605,6851","502,34","218,53","719,1187","110,165","61,73","772,4001","38,27","332,9739","421,635","249,8383","75,45","75,44","293,7","194,42","103,48","168790,84","7746,85","29556,68","17343,33","36084,94","5,1622","3,7058","5,9557","6,9708","4439,2"
2026-08-12,,"115,5","161,65","91,13",1567,"63501,28","10,33","62,73","182,13","343,54","89,53","145,98","82,98","91,66","235,98","78,15","38,43","452,44","105,71","86,71","578,85","492,43","224,09","723,7","110,19","62,07","772,49","37,7","327,51","429,15",243,"73,18","73,86","282,94","194,78","103,11","167491,06","7748,5","29742,6","17347,4","36310,6","5,1954","3,7246","5,9844","7,0028","4465,9"
2026-08-13,,"115,91","162,48","91,04","1609,4","63528,34","10,3","61,35","182,64","346,36","89,42","146,1","81,78","91,42","237,14","78,22","38,31",457,"105,84","87,42","594,97","496,88","225,3","732,07","110,21","61,17","777,88","38,21","339,96","430,49","241,91","71,9","72,94","287,15","195,58","102,72","167100,95","7798,99","30084,5","17460,76","36728,48","5,1998","3,7303","5,9916","7,0077","4411,7"
2026-08-14,,"115,81","162,29","90,97","1579,6","63440,45","10,23","62,32","182,17","345,9","89,19","145,83","82,28","92,06","234,32","78,24",39,"458,1","105,53","87,71","589,85","495,4","225,16","731,07","110,24","61,47","776,34","37,94","342,27","426,35","246,95","71,3","73,72","284,24","195,62","101,25","166934,2","7785,76","30046,14","17433,3","36683,46","5,2265","3,7589","6,0459","7,0732",4432
2026-08-15,,,,,,"63024,32",,,,,,,,,,,,,,,,,,,,,,,,,,,,,,,,,,,,,,,,
2026-08-16,,,,,,"62818,65",,,,,,,,,,,,,,,,,,,,,,,,,,,,,,,,,,,,,,,,
2026-08-17,,"117,17","161,83","91,33","1621,2","62808,32","10,21","63,51","181,55",344,"88,49","145,11","83,11","94,33","228,85","78,05","38,38","453,89","105,24","86,98","568,97","480,35","225,01","729,87","110,24","62,61","772,67","37,25","339,3","430,97","241,61","71,41","73,22","272,77","195,82","100,84","166783,56","7745,06","29995,38","17344,37","36621,96","5,2025","3,7506","6,0258","7,0486",4424
2026-08-18,,"113,55","160,08","89,11",1568,"64208,73","10,17","62,2","177,69","344,2",89,"145,11","81,71","90,56","232,67","77,54","38,19","453,25","106,2","88,82","543,67","481,63","219,74","717,51","110,26","60,37","767,45","36,91","336,87","413,41","242,4","71,55","73,88","276,74","194,14","100,99","166334,86","7691,76","29490,96","17225,33","36006,5","5,2063","3,7531","6,0271","7,0445","4450,9"
2026-08-19,,"114,79","160,7","91,41","1547,4","64435,42","10,17","66,36","174,78","344,72","91,15","145,9","84,84","90,54","237,16",78,"38,37","450,3","106,57","90,35","546,03","484,31","217,56","716,08","110,27","63,09","769,06","37,17","351,12","412,09","237,04","72,13","73,44","273,03","193,36","98,24","167830,27","7707,98","29426,02","17263,1","35927,61","5,1991","3,749","6,0357","7,0513","4420,6"
2026-08-20,,"115,65","159,97","92,29","1503,4","71966,4","9,95","67,53","175,6","340,67","91,98","145,2","85,13","89,85","233,69","77,8","37,51",448,106,"90,5","545,83","481,15","216,85","710,93","110,28","64,83","762,6","37,45","345,13",416,"240,15","74,02","75,28","276,9","193,76","97,89","167927,16","7641,16","29213,16","17115,46","35672,57","5,1799","3,7608","6,0525","7,0604","4532,9"
2026-08-21,,"116,575","160,77","93,91","1495,4","77070,61","10,06","69,36","177,3","342,08","91,93","145,73","86,2158","92,85","234,5","78,405","38,21","447,42","106,47","90,565","550,525","483,56","216,59","711,83","110,319","66,0203","765,4","37,76","359,405","419,7774",242,"75,58","75,68","278,43","193,92","98,88","170595,77","7673,28","29242,1","17187,14","35720,49","5,1678","3,7574","6,0367","7,0506","4639,1"
2026-08-22,,,,,,"77083,41",,,,,,,,,,,,,,,,,,,,,,,,,,,,,,,,,,,,,,,,
2026-08-23,,,,,,"77755,27",,,,,,,,,,,,,,,,,,,,,,,,,,,,,,,,,,,,,,,,
2026-08-24,,"114,34","160,2","94,86","1489,8","78964,48","10,21","69,79","177,17","348,06","92,09","147,55","87,47","93,05","231,04","78,31","38,73","444,7","106,98","91,99","559,02","487,31","208,48","706,32","110,32","65,37","763,47","37,78","348,95","410,12","233,5","77,13","73,82","290,79","193,24",98,171907,"7652,86","29023,18","17142,89",,"5,1543","3,7215","6,0096","7,0292","4640,8"
2026-08-25,,"116,69","161,08","95,49",1501,"78564,98","10,51","69,74","178,5","346,96","92,26","147,24","87,76","98,19","234,19","78,77","39,44",445,"107,08","91,64","570,05","491,71","213,05","710,72","110,34","65,47","765,91","38,86","350,25","417,41","232,93","78,7","73,3","293,75","194,16","98,99",174577,"7677,28","29209,23","17198,59","35672,21","5,1464","3,7158","6,0024","7,0126","4638,1"
2026-08-26,,"116,73","160,9","94,46",1496,"78639,15","10,5","66,88","178,29",342,"91,99","147,66","86,37","97,02","229,87","78,5","39,45","446,15",107,"90,08","576,14","496,37","209,66","711,37","110,35","64,77","766,08","38,94","345,82","417,69","233,45","78,45","72,4","292,99","194,22",99,174586,"7675,7","29224,52","17195,13",,"5,148","3,7113","6,0044","7,0116","4670,7"
2026-08-27,,"117,49","161,53","94,15","1486,4","80257,54","10,4","67,16","179,16","340,65","92,98","148,06","86,62","96,55","238,79","78,11","39,1",450,"107,4","89,06","571,1","505,06","227,98","721,11","110,35","65,95","771,1","38,7","354,81","427,3",233,"79,11",75,"294,73","194,76","99,9",175135,"7730,99","29641,56","17319,02",,"5,1611","3,723","6,0096","7,0077","4609,7"
2026-08-28,,"116,85","161,09","93,8","1494,4","77830,29","10,51","64,73","180,1","346,59","94,86","148,3","83,82","95,84","235,59","77,86","39,19","452,05","107,59","89,66","578,02","513,53","217,55","716,43","110,36","63,13","769,35","38,68","348,75","417,52","235,39","78,58","77,42","291,93","195,52","99,9",175665,"7711,76","29433,43","17276,49","35947,77",,,"6,0054",,"4529,9"
2026-08-29,,,,,,"78245,81",,,,,,,,,,,,,,,,,,,,,,,,,,,,,,,,,,,,,,,,
2026-08-30,,,,,,"78963,72",,,,,,,,,,,,,,,,,,,,,,,,,,,,,,,,,,,,,,,,
2026-08-31,,"116,76","160,68","94,55","1451,8","77780,56","10,7","62,73","179,61","339,35","95,3","148,34","83,71","97,29","233,87","77,5","39,52","449,35","108,09","88,67","572,34","507,29","220,78","716,76","110,37","63,25","767,05","39,1","367,95","415,32","219,7","77,85","77,68","288,28","195,52","101,81","177418,78","7686,14","29456,97","17219,94","35976,94","5,1817","3,7397","6,0192","7,0202","4495,3"
2026-09-01,,,"159,42",,"1435,4","77907,04","10,79","58,94",,"335,02","95,05",147,"81,35","90,39","231,4",,"39,88","444,35","106,36",88,"578,54","501,02","217,44","707,64",,"60,89","761,78","39,73",,414,"216,68","78,3","76,58","288,37","193,12","102,5","179722,48","7631,47","29077,22",17099,"35513,98","5,1851","3,7359","6,0113","7,0186","4423,5"
2026-09-02,,,,,,"77132,02",,,,,,,,,,,,,,,,,,,,,,,,,,,,,,,,,,,,"5,1527","3,7073","5,9702","6,9616",4372